Distance (mm),T (C),P (atm),H2,H,O,O2,OH,H2O,HO2,H2O2,C,CH,CH2,CH2(S),CH3,CH4,CO,CO2,HCO,CH2O,CH2OH,CH3O,CH3OH,C2H,C2H2,C2H3,C2H4,C2H5,C2H6,HCCO,CH2CO,HCCOH,N,NH,NH2,NH3,NNH,NO,NO2,N2O,HNO,CN,HCN,H2CN,HCNN,HCNO,HOCN,HNCO,NCO,N2,AR,C3H7,C3H8,CH2CHO,CH3CHO
1e-11,26.85000086460599,29.607698001480387,6.440284914917598e-19,2.3548441133452305e-53,2.21785784848541e-42,0.3268149239347227,1.1085776543417245e-43,0.09263296811203127,3.041088701598298e-21,9.040832750368221e-23,1.3940335930441089e-38,4.317667483402136e-50,1.2303158821448369e-64,3.7706990585163345e-63,9.65567143443988e-25,0.37587227574595056,9.92319239672599e-25,0.189018193206276,2.0924508455049346e-53,2.553532563195658e-44,1.1400063826309113e-71,5.921959220405595e-40,2.6003887583136183e-53,2.8455477209835325e-69,5.803877149760637e-34,1.920956770509009e-51,6.42215559730786e-19,8.335429660622616e-32,0.011746008617060948,3.829322253583852e-77,2.1583813322760016e-37,4.41315751552996e-56,2.2302384478433033e-51,7.493843231468227e-57,1.5235672076420378e-55,3.565273722675543e-70,2.4743015163465753e-68,7.992029917362371e-61,2.530342295367881e-85,1.2872193883320953e-29,4.127755942076358e-68,7.354842680690884e-60,4.4586065488603714e-70,3.039717974312262e-78,2.192362099692462e-56,1.2649099303242284e-127,2.331358477963475e-128,4.902474080158036e-65,1.1159639000587858e-50,0.003915630383958337,0.0,7.425620970343373e-29,9.58068756270373e-46,2.1535337684091326e-56,4.468997766469458e-76
2e-11,26.85000086460599,29.607698001480387,6.440284914917598e-19,4.706626393341832e-53,4.435362899548012e-42,0.3268149239347227,2.2171552240904367e-43,0.09263296811203127,3.041088701598298e-21,9.040832750368221e-23,1.3938118425405003e-38,4.313254961848147e-50,2.4640480035694065e-64,7.537210660315338e-63,9.655671434439873e-25,0.37587227574595056,9.92319239672599e-25,0.189018193206276,4.182663995149952e-53,5.107065126389511e-44,3.4187212386345313e-71,5.921959199393806e-40,5.20077750740083e-53,2.844819041305747e-69,5.803877149760637e-34,1.9209487309958986e-51,6.42215559730786e-19,8.335429661278048e-32,0.011746008617060948,7.654852553938163e-77,2.1583813322760016e-37,4.41315751552996e-56,2.2302384470444044e-51,7.493842927626987e-57,1.5235672076420342e-55,7.130547445351079e-70,5.273029619352577e-68,1.5984059831739812e-60,7.59102688515859e-85,1.2872193883320953e-29,8.255511716790895e-68,7.354161793837164e-60,8.916764901737158e-70,6.079435947535657e-78,4.382294048611006e-56,6.3233003012260675e-127,1.165655785498593e-127,9.804948160316347e-65,1.115963900058849e-50,0.003915630383958337,0.0,7.425620970343373e-29,1.916137512540746e-45,4.307057878649533e-56,1.3406282411045162e-75
4e-11,26.85000086460599,29.607698001480387,6.440284914917598e-19,9.402764557187977e-53,8.86951636827464e-42,0.3268149239347227,4.434310158146509e-43,0.09263296811203127,3.041088701598298e-21,9.040832750368221e-23,1.3933684271965593e-38,4.304440868307462e-50,4.9397978830197925e-64,1.5060077612890412e-62,9.655671434439858e-25,0.37587227574595056,9.92319239672599e-25,0.189018193206276,8.357662438045382e-53,1.0214130252772836e-43,1.07378816232333e-70,5.921959157370229e-40,1.0401554983168261e-52,2.8433621350967417e-69,5.803877149760637e-34,1.9209326526153594e-51,6.42215559730786e-19,8.335429662588912e-32,0.011746008617060948,1.5296715546796923e-76,2.1583813322760016e-37,4.41315751552996e-56,2.2302384454466057e-51,7.493842319944535e-57,1.5235672076420272e-55,1.4261094890702132e-69,1.1657133383459988e-67,3.196811965324557e-60,2.3857513062781006e-84,1.2872193883320953e-29,1.6511022859769857e-67,7.352800173210371e-60,1.7831993353541868e-69,1.2158871891338055e-77,8.756263294396174e-56,3.429722081530461e-126,6.3272962227222754e-127,1.9609896320633646e-64,1.1159639000589754e-50,0.003915630383958337,0.0,7.425620970343373e-29,3.832275025081492e-45,8.61408264443735e-56,4.2130374760908516e-75
8e-11,26.85000086460599,29.607698001480387,6.440284914917598e-19,1.875778210530212e-52,1.7733518450045848e-41,0.3268149239347227,8.868618993549866e-43,0.09263296811203127,3.041088701598298e-21,9.040832750368221e-23,1.3924820269939232e-38,4.286867622094654e-50,9.932864568496106e-64,3.005485922228158e-62,9.655671434439827e-25,0.37587227574595056,9.92319239672599e-25,0.189018193206276,1.6680424458878612e-52,2.0428260505517465e-43,3.923067587268955e-70,5.9219590733230725e-40,2.080310982206905e-52,2.84045059949244e-69,5.803877149760637e-34,1.9209004990997603e-51,6.42215559730786e-19,8.335429665210637e-32,0.011746008617060948,3.0534293991665953e-76,2.1583813322760016e-37,4.41315751552996e-56,2.2302384422510088e-51,7.493841104579782e-57,1.5235672076420128e-55,2.852218978140413e-69,2.8370188545979777e-67,6.393623925981763e-60,8.728037832887024e-84,1.2872193883320953e-29,3.3022043102609686e-67,7.350077701326631e-60,3.565698157157364e-69,2.4317743765650185e-77,1.7474624962651622e-55,2.3226288113469747e-125,4.2909712638651944e-126,3.921979264127163e-64,1.115963900059228e-50,0.003915630383958337,0.0,7.425620970343373e-29,7.664550050162984e-45,1.7228014281938402e-55,1.5410086862573815e-74
1.6e-10,26.85000086460599,29.607698001480387,6.440284914917598e-19,3.732700536187103e-52,3.5445147779053985e-41,0.3268149239347227,1.7737232731628488e-42,0.09263296811203127,3.041088701598298e-21,9.040832750368221e-23,1.3907108640708805e-38,4.2519288580707256e-50,2.0076051173610618e-63,5.9851893708398354e-62,9.655671434439767e-25,0.37587227574595056,9.92319239672599e-25,0.189018193206276,3.3222976555539434e-52,4.085652101092294e-43,1.48556571129179e-69,5.92195890522877e-40,4.1606219070955815e-52,2.834636182970838e-69,5.803877149760637e-34,1.9208362044246148e-51,6.42215559730786e-19,8.335429670454091e-32,0.011746008617060948,6.083500908253647e-76,2.1583813322760016e-37,4.41315751552996e-56,2.2302384358598155e-51,7.493838673850852e-57,1.5235672076419844e-55,5.704437956280775e-69,7.667783417541895e-67,1.2787247833419895e-59,3.3175598917042024e-83,1.2872193883320953e-29,6.604407580802065e-67,7.344635685453107e-60,7.128615819882409e-69,4.863548746365546e-77,3.4799525262028966e-55,2.0159419962212883e-124,3.737052325578158e-125,7.84395852825605e-64,1.115963900059733e-50,0.003915630383958337,0.0,7.425620970343372e-29,1.532910010032597e-44,3.445542870960932e-55,5.854341262091512e-74
3.2e-10,26.85000086460599,29.607698001480387,6.440284914917598e-19,7.389082253684416e-52,7.080094120567739e-41,0.3268149239347227,3.5474443977124496e-42,0.09263296811203127,3.041088701598298e-21,9.040832750368221e-23,1.387175284742894e-38,4.182899586170043e-50,4.10030928301851e-63,1.1866049008947497e-61,9.655671434439645e-25,0.37587227574595056,9.92319239672599e-25,0.189018193206276,6.5887605824709954e-52,8.171304202138843e-43,5.806818577192112e-69,5.921958569040197e-40,8.321243579865542e-52,2.8230429718694127e-69,5.803877149760637e-34,1.9207076660485784e-51,6.42215559730786e-19,8.335429680940994e-32,0.011746008617060948,1.2072434893053714e-75,2.1583813322760016e-37,4.41315751552996e-56,2.2302384230774285e-51,7.493833812395354e-57,1.5235672076419275e-55,1.1408875912561339e-68,2.3385687409191234e-66,2.5574495591030623e-59,1.3061499481985589e-82,1.2872193883320953e-29,1.3208810911073069e-66,7.333763725119701e-60,1.4245882659106222e-68,9.727097465076833e-77,6.899273029404226e-55,1.620060316294206e-123,3.0223297047689502e-124,1.5687917056519134e-63,1.1159639000607419e-50,0.003915630383958337,0.0,7.425620970343369e-29,3.065820020065193e-44,6.890840583158435e-55,2.3025683583561206e-73
6.4e-10,26.85000086460599,29.607698001480387,6.440284914917598e-19,1.4477672680097717e-51,1.4124389277681578e-40,0.3268149239347227,7.094880160380821e-42,0.09263296811203127,3.041088701598298e-21,9.040832750368221e-23,1.3801309895950598e-38,4.0481549003643207e-50,8.535459300053407e-63,2.3321504613964428e-61,9.6556714344394e-25,0.37587227574595056,9.92319239672599e-25,0.189018193206276,1.2957428879049827e-51,1.6342608404094207e-42,2.2767541574091254e-68,5.921957896663174e-40,1.664248621808859e-51,2.79999808468229e-69,5.803877149760637e-34,1.9204507928380525e-51,6.42215559730786e-19,8.3354297019148e-32,0.011746008617060948,2.377231613102618e-75,2.1583813322760016e-37,4.41315751552996e-56,2.230238397512655e-51,7.4938240894938e-57,1.523567207641813e-55,2.281775182512182e-68,7.830881460017885e-66,5.114899087742047e-59,5.1947542336837837e-82,1.2872193883320953e-29,2.641760474130979e-66,7.312067942027598e-60,2.844630685217628e-68,1.9454194819024433e-76,1.3559564553037415e-54,1.281641612645159e-122,2.421324829188669e-123,3.13758341130665e-63,1.1159639000627542e-50,0.003915630383958337,0.0,7.425620970343367e-29,6.131640040130386e-44,1.3780696573866414e-54,9.139184545593452e-73
1.28e-09,26.85000086460599,29.607698001480387,6.440284914917598e-19,2.7798240461640254e-51,2.810610345699535e-40,0.3268149239347227,1.4189725691535384e-41,0.09263296811203127,3.041088701598298e-21,9.040832750368221e-23,1.3661492753544482e-38,3.7913644916634434e-50,1.8358698466534204e-62,4.506321905715063e-61,9.655671434438909e-25,0.37587227574595056,9.923192396725993e-25,0.189018193206276,2.5065381397413462e-51,3.2685216807455445e-42,8.840324208074793e-68,5.921956551909625e-40,3.328496866058872e-51,2.7544690027058694e-69,5.803877149760637e-34,1.9199378607329645e-51,6.42215559730786e-19,8.33542974386239e-32,0.011746008617060948,4.610839012169102e-75,2.1583813322760016e-37,4.41315751552996e-56,2.2302383463831082e-51,7.493804643728532e-57,1.523567207641585e-55,4.5635503650240224e-68,2.7682673732628336e-65,1.0229798053336035e-58,2.074405887995742e-81,1.2872193883320953e-29,5.283514099578981e-66,7.268868454323091e-60,5.6711503892368444e-68,3.890838919246761e-76,2.619691162438476e-54,9.97717625128799e-122,1.932254489072097e-122,6.275166822624576e-63,1.1159639000667606e-50,0.003915630383958337,0.0,7.425620970343361e-29,1.2263280080260771e-43,2.7557450024006454e-54,3.6348605169147646e-72
2.56e-09,26.85000086460599,29.607698001480387,6.440284914917598e-19,5.131835229401551e-51,5.5647987642095154e-40,0.3268149239347227,2.83793127294727e-41,0.09263296811203127,3.041088701598298e-21,9.040832750368221e-23,1.33860739073178e-38,3.3243227627057067e-50,4.146848759158302e-62,8.429288070745279e-61,9.65567143443793e-25,0.37587227574595056,9.923192396725997e-25,0.189018193206276,4.697521168095428e-51,6.537043361199711e-42,3.347397160224203e-67,5.921953862404516e-40,6.656992220939982e-51,2.6656036220745804e-69,5.803877149760637e-34,1.9189152443382806e-51,6.42215559730786e-19,8.335429827757503e-32,0.011746008617060948,8.689431734976669e-75,2.1583813322760016e-37,4.41315751552996e-56,2.230238244124019e-51,7.493765752349361e-57,1.5235672076411288e-55,9.12710073004668e-68,9.888158566090541e-65,2.045959561777499e-58,8.293216532237027e-81,1.2872193883320953e-29,1.0567000787415112e-65,7.183231535646611e-60,1.1270702868758826e-67,7.7816776601498e-76,4.896931530152566e-54,7.566717997562885e-121,1.5370256241779426e-121,1.2550333645293942e-62,1.1159639000746968e-50,0.003915630383958337,0.0,7.425620970343349e-29,2.452656016052152e-43,5.509915510603072e-54,1.4415730106064385e-71
5.12e-09,26.85000086460599,29.607698001480387,6.440284914917598e-19,8.794140259173198e-51,1.0909194256986407e-39,0.3268149239347227,5.675807032712932e-41,0.09263296811203127,3.041088701598298e-21,9.040832750368221e-23,1.2851634337036393e-38,2.5474984919170396e-50,9.92066537619283e-62,1.4857148853693278e-60,9.65567143443597e-25,0.37587227574595056,9.923192396726e-25,0.189018193206276,8.300605652813243e-51,1.3074086721247332e-41,1.2086746712649429e-66,5.92194848340226e-40,1.3313978395803188e-50,2.4962613410569835e-69,5.803877149760637e-34,1.916882927941557e-51,6.42215559730786e-19,8.335429995547459e-32,0.011746008617060948,1.5542062272537416e-74,2.1583813322760016e-37,4.41315751552996e-56,2.2302380396058538e-51,7.493687970196526e-57,1.5235672076402158e-55,1.8254201460087893e-67,3.406476551510277e-64,4.091918927951992e-58,3.3167801116152826e-80,1.2872193883320953e-29,2.113389190373457e-65,7.01495672704583e-60,2.2261548096062814e-67,1.556335460676338e-75,8.607058270414118e-54,5.478985668242591e-120,1.2157157861759262e-120,2.5100667290764386e-62,1.1159639000902693e-50,0.003915630383958337,0.0,7.425620970343326e-29,4.905312032104296e-43,1.101356139377821e-53,5.6746206568132325e-71
1.024e-08,26.85000086460599,29.607698001480387,6.440284914917598e-19,1.316216574218452e-50,2.0977324880763985e-39,0.3268149239347227,1.1351391700921433e-40,0.09263296811203127,3.0410887015982986e-21,9.040832750368221e-23,1.1844821186277338e-38,1.4525191354580269e-50,2.473042573549774e-61,2.367390567040251e-60,9.65567143443205e-25,0.37587227574595056,9.923192396726012e-25,0.189018193206276,1.3237515784279068e-50,2.614817343796865e-41,4.026523438986021e-66,5.92193772542959e-40,2.6627932605825946e-50,2.1883138869524395e-69,5.803877149760637e-34,1.9128693592495563e-51,6.42215559730786e-19,8.335430331126284e-32,0.011746008617060948,2.549931324972631e-74,2.1583813322760016e-37,4.41315751552996e-56,2.2302376305695803e-51,7.493532408312852e-57,1.5235672076383906e-55,3.650840292015391e-67,1.0693551070098883e-63,8.183837073443985e-58,1.3266517480693808e-79,1.2872193883320953e-29,4.226734510134627e-65,6.690019742574402e-60,4.344979892241929e-67,3.1126706359205406e-75,1.3572685951184954e-53,3.6801143336936033e-119,9.51187826657668e-120,5.020133458221392e-62,1.115963900120253e-50,0.003915630383958337,0.0,7.425620970343276e-29,9.810624064208556e-43,2.200227844211062e-53,2.200156879633693e-70
2.048e-08,26.85000086460599,29.607698001480387,6.440284914917598e-19,1.5609579346139966e-50,3.888495391121217e-39,0.3268149239347227,2.2701891767917823e-40,0.09263296811203127,3.041088701598299e-21,9.040832750368221e-23,1.0054057939956188e-38,3.0539726548264023e-51,6.1369345088337775e-61,3.2472178611577444e-60,9.655671434424213e-25,0.37587227574595056,9.92319239672603e-25,0.189018193206276,1.7967093584384734e-50,5.229634685823604e-41,1.19044469992422e-65,5.921916209611622e-40,5.325576846692804e-50,1.676246096364036e-69,5.803877149760637e-34,1.905041772831355e-51,6.42215559730786e-19,8.33543100227959e-32,0.011746008617060948,3.721744801721663e-74,2.1583813322760016e-37,4.41315751552996e-56,2.2302368124972584e-51,7.493221294233291e-57,1.5235672076347399e-55,7.301680584022035e-67,2.84813332555751e-63,1.6367671016990196e-57,5.306538026728956e-79,1.2872193883320953e-29,8.453293538709636e-65,6.08371365289127e-60,8.290801985281536e-67,6.225340130090312e-75,1.7971511361550778e-53,2.2331579071868116e-118,7.290484746378066e-119,1.0040266916701085e-61,1.1159639001758633e-50,0.003915630383958337,0.0,7.425620970343178e-29,1.9621248128416995e-42,4.390702389605187e-53,8.288177277139503e-70
4.096e-08,26.85000086460599,29.607698001480387,6.440284914917598e-19,1.2596504995716073e-50,6.744865674335646e-39,0.3268149239347227,4.5400202699011286e-40,0.09263296811203127,3.0410887015983012e-21,9.040832750368221e-23,7.197686428392872e-39,-3.8503454936927766e-51,1.4417802903757128e-60,3.7255781231300797e-60,9.655671434408539e-25,0.37587227574595056,9.923192396726058e-25,0.189018193206276,1.9595840033728944e-50,1.045926936471092e-40,3.037954376111617e-65,5.9218731784851775e-40,1.0651114995596851e-49,9.548069251652532e-70,5.803877149760637e-34,1.8901488071134892e-51,6.42215559730786e-19,8.335432344568798e-32,0.011746008617060948,4.955290199975755e-74,2.1583813322760016e-37,4.41315751552996e-56,2.230235176353514e-51,7.492599104823098e-57,1.5235672076274381e-55,1.4603361168009078e-66,5.94614554843587e-63,3.2735329514351845e-57,2.1226067228376196e-78,1.2872193883320953e-29,1.6905885182104276e-64,5.024944299890459e-60,1.5169910869021962e-66,1.245067569315464e-74,1.8507569923131305e-53,1.2313784106187384e-117,5.378968494264077e-118,2.0080533834322686e-61,1.1159639002716997e-50,0.003915630383958337,0.0,7.425620970342981e-29,3.924249625683346e-42,8.743807943203252e-53,2.964853463872568e-69
8.192e-08,26.85000086460599,29.607698001480387,6.440284914917598e-19,4.9334082382798287e-51,1.0476979784255898e-38,0.3268149239347227,9.078600143544303e-40,0.09263296811203127,3.0410887015983042e-21,9.040832750368221e-23,3.4655683819750594e-39,-4.107349875728895e-51,3.1389789623857486e-60,3.697676071818802e-60,9.655671434377188e-25,0.37587227574595056,9.923192396726096e-25,0.189018193206276,1.6603461220292721e-50,2.0918538702026126e-40,6.691513258653918e-65,5.921787118270192e-40,2.130207520258037e-49,1.9966322104554852e-70,5.803877149760637e-34,1.863148004648261e-51,6.42215559730786e-19,8.335435029077552e-32,0.011746008617060948,7.0087075737540636e-74,2.1583813322760016e-37,4.41315751552996e-56,2.230231904069627e-51,7.491354880980575e-57,1.5235672076128347e-55,2.9206722335878176e-66,9.072344655609036e-63,6.547060895035463e-57,8.490412949768101e-78,1.2872193883320953e-29,3.380896305637247e-64,3.3929258708161516e-60,2.576460889002464e-66,2.49013331181916e-74,1.3623361139886427e-53,6.589340353204474e-117,3.71027106978469e-117,4.016106767159861e-61,1.115963900414821e-50,0.003915630383958337,0.0,7.425620970342589e-29,7.848499251366483e-42,1.7347670446388333e-52,9.745449075076704e-69
1.6384e-07,26.85000086460599,29.607698001480387,6.440284914917598e-19,-9.509494267428989e-52,1.3890521094186892e-38,0.3268149239347227,1.815140366523083e-39,0.09263296811203127,3.0410887015983106e-21,9.040832750368221e-23,5.201617264635523e-41,-1.56392879823528e-51,6.391610047063339e-60,3.498219809684109e-60,9.655671434314485e-25,0.37587227574595056,9.92319239672613e-25,0.189018193206276,1.0603554900919479e-50,4.183707729502947e-40,1.2953012123984845e-64,5.9216150059914886e-40,4.260353127355693e-49,-2.5404587223776704e-70,5.803877149760637e-34,1.8185058621284453e-51,6.42215559730786e-19,8.335440397816195e-32,0.011746008617060948,1.2307385979153325e-73,2.1583813322760016e-37,4.41315751552996e-56,2.2302253595162568e-51,7.488867053063811e-57,1.5235672075836282e-55,5.841344467119647e-66,9.661434360656894e-63,1.309410175891952e-56,3.39616005951388e-77,1.2872193883320953e-29,6.760669909980443e-64,1.387535108537921e-60,3.878068857349699e-66,4.980259316400739e-74,5.893199150083715e-54,3.742353631334357e-116,2.29615115619045e-116,8.032213535103857e-61,1.1159639005751982e-50,0.003915630383958337,0.0,7.425620970341804e-29,1.5696998502732138e-41,3.4206971261445095e-52,2.8436959122409284e-68
3.2768e-07,26.85000086460599,29.607698001480387,6.440284914917598e-19,-1.5527992263377828e-51,1.5412323715758155e-38,0.3268149239347227,3.627952006894624e-39,0.09263296811203127,3.0410887015983226e-21,9.040832750368221e-23,-1.469812211441026e-39,-1.0080236460404947e-52,1.2307406769432062e-59,3.3997711030103765e-60,9.65567143418908e-25,0.37587227574595056,9.923192396726144e-25,0.189018193206276,4.214322976536365e-51,8.367415415462138e-40,2.2132869314298383e-64,5.921270814036293e-40,8.520458620665894e-49,-2.701878355429449e-70,5.803877149760637e-34,1.7562615899915048e-51,6.42215559730786e-19,8.335451134177399e-32,0.011746008617060948,2.4552768953185205e-73,2.1583813322760016e-37,4.41315751552996e-56,2.23021227046713e-51,7.483893875158342e-57,1.5235672075252147e-55,1.1682688934015335e-65,7.129685302230179e-63,2.618812339480045e-56,1.358460609663718e-76,1.2872193883320953e-29,1.3516850792228722e-63,-2.5296870753101695e-61,4.942898602752081e-66,9.960489403949644e-74,-3.7291196507194475e-55,2.316664033117816e-115,1.224475409414945e-115,1.6064427071682915e-60,1.1159639006589256e-50,0.003915630383958337,0.0,7.425620970340235e-29,3.139399700546096e-41,6.688794152723316e-52,7.253926972234354e-68
6.5536e-07,26.85000086460599,29.607698001480387,6.440284914917598e-19,7.521414844133413e-52,1.4179016871774922e-38,0.3268149239347227,7.241922459821719e-39,0.09263296811203127,3.041088701598347e-21,9.040832750368221e-23,-2.365600876585279e-40,-2.919049903933177e-54,2.1135846384811977e-59,3.3993521182880575e-60,9.65567143393827e-25,0.37587227574595056,9.923192396726133e-25,0.189018193206276,2.0581475715167137e-51,1.6734830569818984e-39,2.9542714606709794e-64,5.920582647417647e-40,1.7039431788864226e-48,-2.8763936018315998e-71,5.803877149760637e-34,1.7154833005468234e-51,6.42215559730786e-19,8.335472599458202e-32,0.011746008617060948,4.609706046530658e-73,2.1583813322760016e-37,4.41315751552996e-56,2.2301860927529677e-51,7.473964016377367e-57,1.523567207408388e-55,2.336537786668694e-65,4.674357326688396e-63,5.237576608109293e-56,6.792246192892442e-76,1.2872193883320953e-29,2.7006800934268597e-63,-6.271174170087031e-62,4.81938219437784e-66,1.9920803436711988e-73,-1.0992102689679044e-55,1.9432815260908365e-114,6.614765352036547e-115,3.2128854143597457e-60,1.1159639004792543e-50,0.003915630383958337,0.0,7.425620970337095e-29,6.278799401090202e-41,1.2864285881737502e-51,1.6616058152247893e-67
1.31072e-06,26.85000086460599,29.607698001480387,6.440284914917598e-19,9.869137782904686e-52,1.3963051705766996e-38,0.3268149239347227,1.443278039002553e-38,0.09263296811203127,3.041088701598397e-21,9.040832750368221e-23,-2.0702679674993083e-41,-4.374112494646468e-56,3.2893571483920615e-59,3.4032353442781344e-60,9.655671433436653e-25,0.37587227574595056,9.923192396726131e-25,0.189018193206276,1.0622565484911054e-51,3.346966018273348e-39,3.5758314968822496e-64,5.919207009114003e-40,3.407341938455258e-48,-1.617171691911764e-72,5.803877149760637e-34,1.689734372473634e-51,6.42215559730786e-19,8.335515506211358e-32,0.011746008617060948,7.714720728517896e-73,2.1583813322760016e-37,4.41315751552996e-56,2.2301337385537004e-51,7.454156929941482e-57,1.5235672071747338e-55,4.673075572844681e-65,3.942206756108251e-63,1.0474976977238863e-55,2.8527022843394297e-75,1.2872193883320953e-29,5.391520053432768e-63,-8.87304771254017e-63,4.784431831987119e-66,3.984096385926782e-73,-1.6692517214608382e-56,1.207159561144013e-113,2.79625863817666e-114,6.425770827802148e-60,1.1159639001525787e-50,0.003915630383958337,0.0,7.425620970330816e-29,1.2557598802173102e-40,2.4791689141815083e-51,3.505522018513196e-67
2.62144e-06,26.85000086460599,29.607698001480387,6.440284914917598e-19,9.989846225755202e-52,1.3943081178327713e-38,0.3268149239347227,2.8667684898391226e-38,0.09263296811203127,3.0410887015984968e-21,9.040832750368224e-23,-9.473571421409005e-43,7.866226461419467e-59,4.465442965484378e-59,3.411050307040109e-60,9.655671432433418e-25,0.37587227574595056,9.923192396726131e-25,0.189018193206276,8.068106961485107e-52,6.693931662817225e-39,4.093119907562376e-64,5.916458509435664e-40,6.812557559570056e-48,-4.6775380209683294e-74,5.803877149760637e-34,1.6800811176575386e-51,6.422155597307861e-19,8.335601224524807e-32,0.011746008617060948,1.1325353772125806e-72,2.1583813322760016e-37,4.41315751552996e-56,2.2300290350711646e-51,7.414752168682476e-57,1.5235672067074262e-55,9.346151143763336e-65,3.7538412015650196e-63,2.0949265177337744e-55,1.154632711255568e-74,1.2872193883320953e-29,1.074475088889284e-62,-6.755099218931793e-64,4.779110335309243e-66,7.967941422032645e-73,-1.3460598407239808e-57,6.571866481932015e-113,1.1267039482406538e-113,1.2851541650982213e-59,1.1159638995091766e-50,0.003915630383958337,0.0,7.425620970318258e-29,2.511519760431767e-40,4.760786924036231e-51,7.188117807933336e-67
5.24288e-06,26.85000086460599,29.607698001480387,6.440284914917598e-19,9.992841140155855e-52,1.3941725636752276e-38,0.3268149239347227,5.656211793717743e-38,0.09263296811203127,3.0410887015986954e-21,9.040832750368227e-23,-2.2183140684006987e-44,-5.502581779365467e-57,5.257769585564862e-59,3.426365890680094e-60,9.65567143042695e-25,0.37587227574595056,9.923192396726131e-25,0.189018193206276,7.962580299692672e-52,1.338786184198894e-38,4.7752281527702276e-64,5.910972595394821e-40,1.361667397000716e-47,-6.863961804569631e-76,5.803877149760637e-34,1.6780845309521644e-51,6.422155597307864e-19,8.335772280714656e-32,0.011746008617060948,1.4317075930447773e-72,2.1583813322760016e-37,4.41315751552996e-56,2.2298196477682394e-51,7.336771483117499e-57,1.523567205772811e-55,1.869230227986735e-64,3.723901515546279e-63,4.189579249035853e-55,4.6318554081739226e-74,1.2872193883320953e-29,2.1338613013658714e-62,-2.673099024583905e-65,4.778689252597489e-66,1.5934883370874436e-72,-8.890297775421202e-59,3.1573048214459687e-112,4.468866837914408e-113,2.570308328254151e-59,1.115963898223946e-50,0.003915630383958337,0.0,7.425620970293142e-29,5.023039520852185e-40,8.986013881380205e-51,1.4552744480192199e-66
1.048576e-05,26.85000086460599,29.607698001480387,6.440284914917598e-19,9.993135014976635e-52,1.3940843036262484e-38,0.3268149239347227,1.1014066434206623e-37,0.09263296811203127,3.0410887015990934e-21,9.040832750368236e-23,-2.6279495126100976e-46,1.0637985844097332e-57,5.60072911073647e-59,3.455783331752353e-60,9.655671426414027e-25,0.37587227574595056,9.923192396726131e-25,0.189018193206276,8.435045082802228e-52,2.677571777851595e-38,6.0043144507679335e-64,5.9000449300981134e-40,2.71997491352109e-47,-5.072373221805167e-78,5.803877149760637e-34,1.6778668943718708e-51,6.422155597307867e-19,8.336112874188902e-32,0.011746008617060948,1.5945779670947493e-72,2.1583813322760016e-37,4.41315751552996e-56,2.2294009517962112e-51,7.184056450774458e-57,1.5235672039035808e-55,3.738460452914221e-64,3.721371989163668e-63,8.378065914445142e-55,1.853893257383189e-73,1.2872193883320953e-29,4.208531412500755e-62,-5.395694735439935e-67,4.778672397456562e-66,3.1865775336983125e-72,-1.364085255736139e-59,1.3773986158457456e-111,1.7484645673866748e-112,5.140616648645972e-59,1.1159638956536124e-50,0.003915630383958337,0.0,7.425620970242912e-29,1.0046079041659044e-39,1.6287293974787067e-50,2.9281667185879134e-66
2.097152e-05,26.85000086460599,29.607698001480387,6.440284914917598e-19,9.993010160672188e-52,1.393912162930228e-38,0.3268149239347227,2.091303517739422e-37,0.09263296811203127,3.0410887015998886e-21,9.040832750368247e-23,-1.5658895027588975e-48,-1.332391634747114e-56,5.733664169280394e-59,3.5101338143560117e-60,9.655671418388226e-25,0.37587227574595056,9.923192396726131e-25,0.189018193206276,9.196490593609575e-52,5.355141210594102e-38,8.265085596684502e-64,5.8783648342659414e-40,5.426607569336378e-47,-1.681717794380877e-80,5.803877149760637e-34,1.6778548945105217e-51,6.422155597307875e-19,8.336788010704555e-32,0.011746008617060948,1.66159676012859e-72,2.1583813322760016e-37,4.41315751552996e-56,2.228563874269343e-51,6.891082183187627e-57,1.5235672001651206e-55,7.476920893595929e-64,3.7212076439753084e-63,1.67517705323371e-54,7.415276226523915e-73,1.2872193883320953e-29,8.188656556312827e-62,-5.501170698438032e-69,4.77866859436737e-66,6.371559603645155e-72,-4.918419704088928e-59,5.7217714051260624e-111,6.691204812691636e-112,1.0281233265749483e-58,1.1159638905129504e-50,0.003915630383958337,0.0,7.425620970142452e-29,2.0092158083136848e-39,2.73965553726044e-50,5.873826072982504e-66
4.194304e-05,26.85000086460599,29.607698001480387,6.440284914917598e-19,9.990622366708078e-52,1.3935680194162305e-38,0.3268149239347227,3.790675006563115e-37,0.09263296811203127,3.04108870160148e-21,9.040832750368273e-23,-4.6791938440402426e-51,-8.573784483724549e-56,5.853162806943025e-59,3.603438124519257e-60,9.655671402336768e-25,0.37587227574595056,9.923192396726131e-25,0.189018193206276,1.0127503410560308e-51,1.071027316933446e-37,1.2145576327554326e-63,5.835694430874997e-40,1.0800578583892452e-46,3.5975835485873233e-81,5.803877149760637e-34,1.67785490153064e-51,6.422155597307891e-19,8.338114315956547e-32,0.011746008617060948,1.707307479475503e-72,2.1583813322760016e-37,4.41315751552996e-56,2.2268909759402728e-51,6.351052368800953e-57,1.5235671926881996e-55,1.4953841738266282e-63,3.721121002543947e-63,3.348615339662835e-54,2.9649263116763235e-72,1.2872193883320953e-29,1.5525089686453341e-61,-2.818723383304115e-71,4.778653843442959e-66,1.2736742042581275e-71,-3.0333956496052337e-58,2.3458132036550983e-110,2.460946226815003e-111,2.0562466405235965e-58,1.1159638802316263e-50,0.003915630383958337,0.0,7.42562096994153e-29,4.018431616554881e-39,4.1036981505389828e-50,1.176462731703963e-65
8.388608e-05,26.85000086460599,29.607698001480387,6.440284914917598e-19,9.991536046063128e-52,1.3928800756820167e-38,0.3268149239347227,6.346062133943417e-37,0.09263296811203127,3.041088701604665e-21,9.040832750368326e-23,-7.001648932839338e-54,-1.4991973847994728e-55,6.021395535337158e-59,3.74374212585541e-60,9.655671370234285e-25,0.37587227574595056,9.923192396726131e-25,0.189018193206276,1.0952171824479537e-51,2.1420510323955013e-37,1.798074900398843e-63,5.753026364812367e-40,2.1396265968589507e-46,6.084112386851847e-81,5.803877149760637e-34,1.6778554275080538e-51,6.422155597307922e-19,8.340673285777527e-32,0.011746008617060948,1.765797940560601e-72,2.1583813322760016e-37,4.41315751552996e-56,2.2235501986394554e-51,5.42797177655495e-57,1.523567177734358e-55,2.9907683280834744e-63,3.720968595333275e-63,6.690315597487072e-54,1.1849338177341646e-71,1.2872193883320953e-29,2.8065356983333985e-61,-7.239921542478448e-74,4.778645564284196e-66,2.5448008810647653e-71,-7.959051813327227e-58,9.640925216130071e-110,8.460419018867779e-111,4.112493230532683e-58,1.1159638596689786e-50,0.003915630383958337,0.0,7.425620969539687e-29,8.036863232819811e-39,5.312021627557958e-50,2.3544027774796024e-65
0.00016777216,26.85000086460599,29.607698001480387,6.440284914917598e-19,9.984804029198059e-52,1.3915055587757576e-38,0.3268149239347227,9.42472839550191e-37,0.09263296811203127,3.0410887016110375e-21,9.04083275036843e-23,-5.242333900107176e-57,-2.149724884508087e-55,6.223517108817864e-59,3.9127768438931106e-60,9.655671306030369e-25,0.37587227574595056,9.923192396726131e-25,0.189018193206276,1.1418559954467196e-51,4.284088407485009e-37,2.5010818325837303e-63,5.597731882451136e-40,4.201561075521494e-46,9.037761572267668e-81,5.803877149760637e-34,1.677856062705174e-51,6.422155597307986e-19,8.345437215746615e-32,0.011746008617060948,1.834928138412697e-72,2.1583813322760016e-37,4.41315751552996e-56,2.216888661317115e-51,4.0503628081657384e-57,1.5235671478266756e-55,5.981536577888269e-63,3.7196660916510777e-63,1.3353230345279575e-53,4.731421166383995e-71,1.2872193883320953e-29,4.6780494053550625e-61,-9.309864653046668e-77,4.778544240792196e-66,5.079437877203439e-71,-9.69989500816238e-58,3.9758122708090187e-109,2.6279958710277163e-110,8.224986258998018e-58,1.1159638185436847e-50,0.003915630383958337,0.0,7.425620968735998e-29,1.6073726464479824e-38,5.999451062283915e-50,4.7093023292725255e-65
0.00033554432,26.85000086460599,29.607698001480387,6.440284914917598e-19,9.982704493402182e-52,1.3887619963030747e-38,0.3268149239347227,1.207861093924716e-36,0.09263296811203127,3.0410887016237953e-21,9.040832750368641e-23,-1.9632773530900474e-60,1.02918218518109e-55,6.397738199134812e-59,4.058488678233608e-60,9.655671177624353e-25,0.37587227574595056,9.923192396726131e-25,0.189018193206276,1.1606327479333726e-51,8.568127533958649e-37,3.107090301640345e-63,5.322709858100059e-40,8.12282033090938e-46,1.158384845939237e-80,5.803877149760637e-34,1.6778565975949676e-51,6.422155597308114e-19,8.353717274885967e-32,0.011746008617060948,1.8927428550454196e-72,2.1583813322760016e-37,4.41315751552996e-56,2.2036451774642527e-51,2.4105861781097475e-57,1.5235670880113133e-55,1.196307284266228e-62,3.720778050251201e-63,2.6598353759274987e-53,1.8859946274306433e-70,1.2872193883320953e-29,6.905722268197322e-61,-5.989859309567181e-80,4.778341593950371e-66,1.01184284373906e-70,1.857575061089826e-58,1.631540755908827e-108,7.195278313111072e-110,1.6449971709717378e-57,1.1159637362931032e-50,0.003915630383958337,0.0,7.425620967128622e-29,3.214745292432049e-38,6.227418617604262e-50,9.414479050579323e-65
0.00067108864,26.85000086460599,29.607698001480387,6.440284914917598e-19,9.995563027919194e-52,1.383296669806573e-38,0.3268149239347227,1.35366894142076e-36,0.09263296811203127,3.041088701649349e-21,9.040832750369058e-23,-3.6769650964524e-64,5.257595977950343e-55,6.493457233835695e-59,4.1385445569825027e-60,9.655670920814317e-25,0.37587227574595056,9.923192396726131e-25,0.189018193206276,1.1676032035607534e-51,1.7136092527472188e-36,3.4400394440383854e-63,4.88569801813886e-40,1.532144249287298e-45,1.2982702554431176e-80,5.803877149760637e-34,1.677856859104148e-51,6.422155597308369e-19,8.366416506163833e-32,0.011746008617060948,1.9197703560606268e-72,2.1583813322760016e-37,4.41315751552996e-56,2.177472791770972e-51,1.0212272977109489e-57,1.523566968380597e-55,2.392614443286805e-62,3.71900288637289e-63,5.277212863722945e-53,7.492299071711389e-70,1.2872193883320953e-29,8.793192267309446e-61,-1.7986515734402308e-83,4.778254793046331e-66,2.0076714519354713e-70,4.8553686306804793e-57,6.60200416143407e-108,1.7432537057396697e-109,3.2899940186311226e-57,1.1159635717919643e-50,0.003915630383958337,0.0,7.425620963913871e-29,6.429490583008431e-38,6.268635920307169e-50,1.8802048323436703e-64
0.00134217728,26.85000086460599,29.607698001480387,6.440284914917598e-19,9.98139067036656e-52,1.3724525206167503e-38,0.3268149239347227,1.4001007477517109e-36,0.09263296811203127,3.0410887017005534e-21,9.0408327503699e-23,-3.507383820062648e-68,-3.2118416509933557e-56,6.523937955991946e-59,4.1640376267788265e-60,9.655670407195533e-25,0.37587227574595056,9.923192396726131e-25,0.189018193206276,1.1624239598731347e-51,3.427172362143912e-36,3.5460655078295993e-63,4.309657622567344e-40,2.8021202796460628e-45,1.3428160899914878e-80,5.803877149760637e-34,1.6778568673404924e-51,6.4221555973088815e-19,8.382189634948893e-32,0.011746008617060948,1.9179002317841753e-72,2.1583813322760016e-37,4.41315751552996e-56,2.1263568092937734e-51,2.7445270327117055e-58,1.523566729119203e-55,4.785228385591122e-62,3.7194530304169036e-63,1.0388885781665323e-52,2.956579052786874e-69,1.2872193883320953e-29,9.807687313084378e-61,-3.287837643303862e-83,4.778081209017403e-66,3.952574586412152e-70,5.344255426515841e-58,2.626442476453806e-107,3.8608174343225264e-109,6.579986744012227e-57,1.1159632427897837e-50,0.003915630383958337,0.0,7.425620957484369e-29,1.2858981158594196e-37,6.272538298401529e-50,3.746512228219636e-64
0.00268435456,26.85000086460599,29.607698001480387,6.440284914917598e-19,9.981518317539714e-52,1.3511048037548156e-38,0.3268149239347227,1.4081328215941483e-36,0.09263296811203127,3.0410887018031366e-21,9.040832750371578e-23,-1.5942774411717133e-71,-7.013784959687853e-55,6.52920953064274e-59,4.1684468473478866e-60,9.655669379958517e-25,0.37587227574595056,9.923192396726131e-25,0.189018193206276,1.1558899553041746e-51,6.854239633281464e-36,3.5644066138346314e-63,3.743410835729261e-40,5.008347525353105e-45,1.3505219163655571e-80,5.803877149760637e-34,1.6778567057030046e-51,6.422155597309908e-19,8.396388605053827e-32,0.011746008617060948,1.8947220015274693e-72,2.1583813322760016e-37,4.41315751552996e-56,2.0288145272361072e-51,4.260418875544701e-59,1.5235662505965651e-55,9.570454767252867e-62,3.712350983449664e-63,2.0143137174950115e-52,1.1516291339376136e-68,1.2872193883320953e-29,1.0122625892010454e-60,-2.716762308721657e-83,4.765953364155063e-66,7.663943529816616e-70,-8.107460633406203e-57,1.0258187973236166e-106,8.108796844244401e-109,1.315996831502607e-56,1.1159625847858107e-50,0.003915630383958337,0.0,7.425620944625364e-29,2.571796228749773e-37,6.27272676914539e-50,7.427294472152437e-64
0.00536870912,26.85000086460599,29.607698001480387,6.440284914917598e-19,9.970380860791832e-52,1.3097295708917006e-38,0.3268149239347227,1.408858101711395e-36,0.09263296811203127,3.041088702008502e-21,9.040832750374937e-23,-1.5328971324244945e-69,-1.0617788762968688e-54,6.529683081874087e-59,4.168843454287895e-60,9.655667325485001e-25,0.37587227574595056,9.923192396726131e-25,0.189018193206276,1.152384052436614e-51,1.3708296367174647e-35,3.5660628473673234e-63,3.3744218692403785e-40,8.985865245573592e-45,1.3512177372286831e-80,5.803877149760638e-34,1.677856350222998e-51,6.422155597311961e-19,8.40463346327105e-32,0.011746008617060948,1.8465139529280595e-72,2.1583813322760016e-37,4.41315751552996e-56,1.8508431438869673e-51,3.5850533943741597e-60,1.5235652935518893e-55,1.9140901518792588e-61,3.7141529514409965e-63,3.7940279422880376e-52,4.376130592016919e-68,1.2872193883320953e-29,1.0175567648057741e-60,-8.673506588176211e-83,4.7283989951369494e-66,1.4435543599862718e-69,-1.313038925470716e-57,3.9013393907305783e-106,1.65431491451056e-108,2.6319915938078574e-56,1.1159612687794162e-50,0.003915630383958337,0.0,7.425620918907357e-29,5.143592445623284e-37,6.272729776555342e-50,1.457044475322031e-63
0.01073741824,26.85000086460599,29.607698001480387,6.440284914917598e-19,9.985128431348417e-52,1.2319431245574904e-38,0.3268149239347227,1.4088899118106536e-36,0.09263296811203127,3.041088702419371e-21,9.040832750381655e-23,-1.9840526989771916e-70,2.7774471643037203e-55,6.529698808602996e-59,4.168857700809435e-60,9.655663216539719e-25,0.37587227574595056,9.923192396726131e-25,0.189018193206276,1.1654534527526266e-51,2.741634456630194e-35,3.566135628294133e-63,3.230799691917755e-40,1.6602318388170038e-44,1.3512482557383166e-80,5.8038771497606396e-34,1.6778556362845164e-51,6.42215559731607e-19,8.407431180311772e-32,0.011746008617060948,1.755962512643475e-72,2.1583813322760016e-37,4.41315751552996e-56,1.5523120420706817e-51,1.5746244126370792e-61,1.5235633794649441e-55,3.828177097476717e-61,3.715620046766207e-63,6.77933899704871e-52,1.589949774495778e-67,1.2872193883320953e-29,1.0180090711593755e-60,7.808584647390414e-83,4.7294718173753634e-66,2.579429312936413e-69,-2.0720752005353527e-57,1.417818436557382e-105,3.341685241019935e-108,5.263974910842933e-56,1.1159586367728348e-50,0.003915630383958337,0.0,7.425620867471341e-29,1.0287184843741511e-36,6.272726583728973e-50,2.801279328394725e-63
0.02147483648,26.85000086460599,29.607698001480387,6.440284914917598e-19,9.98756860484767e-52,1.0939788820524584e-38,0.3268149239347227,1.4088874111716693e-36,0.09263296811203127,3.041088703241159e-21,9.04083275039509e-23,-8.879353731862848e-70,2.732472414241994e-55,6.5296868534925515e-59,4.1688498900925753e-60,9.655654998656156e-25,0.37587227574595056,9.923192396726131e-25,0.189018193206276,1.1654144732986304e-51,5.483239200323609e-35,3.566130202972951e-63,3.199833317632916e-40,3.1689221230764723e-44,1.3512458575551982e-80,5.803877149760643e-34,1.6778542082699407e-51,6.42215559732429e-19,8.407943959242419e-32,0.011746008617060948,1.5950465280536005e-72,2.1583813322760016e-37,4.41315751552996e-56,1.121104284549213e-51,3.5356726584469535e-63,1.5235595513006713e-55,7.656341369853853e-61,3.71755379329499e-63,1.1091416578455557e-51,5.3605376023042634e-67,1.2872193883320953e-29,1.0180033025076446e-60,-1.6018392470428042e-82,4.7450726905244725e-66,4.2201215885715006e-69,1.133652340482055e-57,4.78056064107891e-105,6.727497504165389e-108,1.0527916714728493e-55,1.1159533727845025e-50,0.003915630383958337,0.0,7.425620764599312e-29,2.0574369497462802e-36,6.272720214631484e-50,5.188822822163621e-63
0.04294967296,26.85000086460599,29.607698001480387,6.440284914917598e-19,9.985507241778482e-52,8.741617816709469e-39,0.3268149239347227,1.4088816965532577e-36,0.09263296811203127,3.0410887048847423e-21,9.040832750421956e-23,6.832009322516206e-71,3.1393121427400627e-57,6.529662469296541e-59,4.1688338770025787e-60,9.655638562917004e-25,0.37587227574595056,9.923192396726131e-25,0.189018193206276,1.1627739964393132e-51,1.096643877026841e-34,3.566117718130977e-63,3.1962999550719513e-40,6.182970799439718e-44,1.351240376606981e-80,5.803877149760649e-34,1.6778513522441493e-51,6.422155597340728e-19,8.407980243118034e-32,0.011746008617060948,1.3386276696608212e-72,2.1583813322760016e-37,4.41315751552996e-56,6.3365882059409705e-52,4.014567743719552e-65,1.523551895010602e-55,1.5312631439530373e-60,3.718670035108931e-63,1.596587122734778e-51,1.621590838689234e-66,1.2872193883320953e-29,1.0179504202265933e-60,-6.881187117113493e-83,4.741105610935439e-66,6.074788219305704e-69,-1.8904965495834977e-58,1.4461733685589035e-104,1.3493432299234733e-107,2.1055701002698252e-55,1.1159428449071587e-50,0.003915630383958337,0.0,7.425620558855257e-29,4.1148738234844735e-36,6.27270789496238e-50,9.004442633394307e-63
0.08589934592,26.85000086460599,29.607698001480387,6.440284914917598e-19,9.985411681100167e-52,5.831150558324196e-39,0.3268149239347227,1.4088724969373014e-36,0.09263296811203127,3.0410887081718973e-21,9.040832750475691e-23,1.1258193115913534e-56,-1.7027063547015915e-57,6.529615149636303e-59,4.168803075053909e-60,9.655605691550617e-25,0.37587227574595056,9.923192396726131e-25,0.189018193206276,1.1627226957726797e-51,2.193280050798983e-34,3.5660978257029846e-63,3.1960822035968522e-40,1.221065748135659e-43,1.3512315531962663e-80,5.803877149760663e-34,1.6778456402166847e-51,6.422155597373604e-19,8.407954137831848e-32,0.011746008617060948,9.991413049199126e-73,2.1583813322760016e-37,4.41315751552996e-56,2.4961832936161752e-52,2.2927455357165822e-67,1.5235365825843614e-55,3.0625057680119144e-60,3.7188832190062853e-63,1.9806276158284843e-51,4.3148916768451973e-66,1.2872193883320953e-29,1.0178437225130808e-60,1.1393223589515608e-82,4.7410815868527094e-66,7.536007347357004e-69,-9.189502631142959e-61,3.848129505927015e-104,2.7025144976917312e-107,4.21108723069281e-55,1.1159217895497463e-50,0.003915630383958337,0.0,7.425620147367169e-29,8.229747342936616e-36,6.272684365857913e-50,1.4094869552251348e-62
0.17179869184,26.85000086460599,29.607698001480387,6.440284914917598e-19,9.985376439752224e-52,2.9510049676307956e-39,0.3268149239347227,1.4088585469025055e-36,0.09263296811203127,3.0410887147461653e-21,9.040832750583163e-23,-1.2201347576672584e-56,-6.475134712855751e-58,6.529523401885434e-59,4.1687439143628716e-60,9.65553994926552e-25,0.37587227574595056,9.923192396726131e-25,0.189018193206276,1.1627246877840134e-51,4.38653746456583e-34,3.5660681727515433e-63,3.196054293586682e-40,2.4265925570803814e-43,1.3512181737215638e-80,5.8038771497606874e-34,1.6778342162488666e-51,6.422155597439358e-19,8.407896949285569e-32,0.011746008617060948,6.631905524208623e-73,2.1583813322760016e-37,4.41315751552996e-56,6.12256583346316e-53,7.843611646481723e-70,1.5235059583474629e-55,6.124929457861355e-60,3.7188446103600767e-63,2.1690202905777024e-51,1.0213854341541294e-65,1.2872193883320953e-29,1.0176303609846607e-60,-1.79222593353033e-81,4.739161910551365e-66,8.252809509428692e-69,-5.569687944754925e-62,9.108905015971078e-104,5.407734452431831e-107,8.421962588851307e-55,1.115879680423962e-50,0.003915630383958337,0.0,7.425619324391085e-29,1.645949346974401e-35,6.2726395051346265e-50,1.924710747114663e-62
0.34359738368,26.85000086460599,29.607698001480387,6.440284914917598e-19,9.98535063410015e-52,1.0574866024383193e-39,0.3268149239347227,1.4088364972938067e-36,0.09263296811203127,3.0410887278945202e-21,9.040832750798102e-23,-9.155512241006357e-57,-1.6530893387836505e-57,6.529343710840544e-59,4.168628807061059e-60,9.655408466486068e-25,0.37587227574595056,9.923192396726131e-25,0.189018193206276,1.162698788111209e-51,8.772992559421453e-34,3.5660221899881854e-63,3.1960106932881506e-40,4.8376132835831715e-43,1.3511970261093568e-80,5.80387714976074e-34,1.6778113686366582e-51,6.422155597570863e-19,8.407782453681491e-32,0.011746008617060948,4.4232066664225e-73,2.1583813322760016e-37,4.41315751552996e-56,8.558189714831398e-54,7.690288118472872e-71,1.5234447123358976e-55,1.2249530614385724e-59,3.7188050312478155e-63,2.2216877666414062e-51,2.2298253276511368e-65,1.2872193883320953e-29,1.017203816750084e-60,3.482043261850931e-81,4.742413471782217e-66,8.453197294999588e-69,1.6708098878852503e-60,1.988564005783637e-103,1.0821801714543894e-106,1.6843077742385926e-54,1.115795468528078e-50,0.003915630383958337,0.0,7.425617678439283e-29,3.291898207497208e-35,6.272552673890165e-50,2.2939643478744844e-62
0.68719476736,26.85000086460599,29.607698001480387,6.440284914917598e-19,9.985032173575156e-52,3.1262340867322524e-40,0.3268149239347227,1.4087970017512495e-36,0.09263296811203127,3.041088754190515e-21,9.040832751227984e-23,3.773430456046627e-56,-3.7148770441158975e-57,6.528987332985986e-59,4.1684011282865465e-60,9.655145508090023e-25,0.37587227574595056,9.923192396726131e-25,0.189018193206276,1.1626469893142859e-51,1.754566382497729e-33,3.565940709409976e-63,3.195923678906336e-40,9.659523451997903e-43,1.3511591463954722e-80,5.803877149760842e-34,1.677765674666561e-51,6.422155597833865e-19,8.407553472260914e-32,0.011746008617060948,3.554289964841042e-73,2.1583813322760016e-37,4.41315751552996e-56,6.4308192384885724e-55,-9.896166428704232e-72,1.5233222301609024e-55,2.449774811391999e-59,3.718801759841278e-63,2.2296028893179456e-51,4.655315661496574e-65,1.2872193883320953e-29,1.0163514431350628e-60,-1.3229174950083363e-80,4.749638245641611e-66,8.48331108317174e-69,5.215190543239947e-59,4.151471579305898e-103,2.1666128274460108e-106,3.3682766182007957e-54,1.115627070155209e-50,0.003915630383958337,0.0,7.425614386537139e-29,6.583794469188784e-35,6.272381288998315e-50,2.512282456644943e-62
1.37438953472,26.85000086460599,29.607698001480387,6.440284914917598e-19,9.984573307103147e-52,1.5013305218887494e-40,0.3268149239347227,1.4087200228765677e-36,0.09263296811203127,3.0410888067796388e-21,9.040832752087745e-23,-1.1686587942814147e-56,-7.823351139366624e-57,6.528275937221978e-59,4.167946908887589e-60,9.65461961994789e-25,0.37587227574595056,9.923192396726131e-25,0.189018193206276,1.1625433939000417e-51,3.509005071153079e-33,3.565782336035977e-63,3.1957496610042286e-40,1.9302818683239027e-42,1.3510853169336494e-80,5.8038771497610475e-34,1.6776742917090298e-51,6.422155598359841e-19,8.407095536610501e-32,0.011746008617060948,3.364592138354014e-73,2.1583813322760016e-37,4.41315751552996e-56,2.5104528139228266e-56,-3.5504965771630885e-75,1.5230773051971186e-55,4.899024449229739e-59,3.718635326091508e-63,2.2302208964757813e-51,9.507641020601715e-65,1.2872193883320953e-29,1.0146495505261028e-60,2.604107289990592e-80,4.7643131547691e-66,8.485660896903539e-69,-3.500486419473573e-59,8.47801421301608e-103,4.3420603851689407e-106,6.735197865999508e-54,1.1152903750543819e-50,0.003915630383958337,0.0,7.425607802738689e-29,1.3167581155160945e-34,6.272039529464086e-50,2.7219596952706953e-62
2.74877906944,26.85000086460599,29.607698001480387,6.440284914917598e-19,9.984367561226333e-52,1.3137464821807149e-40,0.3268149239347227,1.4085665451431503e-36,0.09263296811203127,3.041088911946428e-21,9.040832753807274e-23,-1.3712280295396094e-55,3.291751820466503e-56,6.526853667913744e-59,4.1670388673527615e-60,9.653567958251003e-25,0.37587227574595056,9.923192396726131e-25,0.189018193206276,1.162814353664627e-51,7.017500232286168e-33,3.5654667046555357e-63,3.195401663104593e-40,3.8587308952124904e-42,1.350938118405766e-80,5.80387714976146e-34,1.6774915457066068e-51,6.422155599411679e-19,8.40617976561044e-32,0.011746008617060948,3.342366858751287e-73,2.1583813322760016e-37,4.41315751552996e-56,4.9976818958767816e-58,-6.370172313733699e-79,1.522587612763726e-55,9.79594878315926e-59,3.718610331376212e-63,2.230245560724057e-51,1.921239939917805e-64,1.2872193883320953e-29,1.011257145609593e-60,-4.457457810902775e-81,4.793698860156537e-66,8.485751971054285e-69,-2.1199426909371884e-59,1.7129309956287105e-102,8.719314347398872e-106,1.3464977054438407e-53,1.114617391187035e-50,0.003915630383958337,0.0,7.425594635165138e-29,2.633513117750272e-34,6.271356313628416e-50,3.088877954456567e-62
5.49755813888,26.85000086460599,29.607698001480387,6.440284914917598e-19,9.981108179514633e-52,1.3023299816539522e-40,0.3268149239347227,1.408259711573606e-36,0.09263296811203127,3.0410891222341807e-21,9.040832757246326e-23,3.2385632090957656e-55,-3.2592035966849404e-56,6.524010049706273e-59,4.1652233860237084e-60,9.651465093106906e-25,0.37587227574595056,9.923192396726131e-25,0.189018193206276,1.1619218822737574e-51,1.4032962022934637e-32,3.5648358085728565e-63,3.1947058188697236e-40,7.714789054491641e-42,1.3506438382623408e-80,5.803877149762283e-34,1.6771261333311974e-51,6.422155601514894e-19,8.404348622708895e-32,0.011746008617060948,3.340276624145235e-73,2.1583813322760016e-37,4.41315751552996e-56,5.024578948229867e-60,-5.687687126581083e-83,1.521608857468674e-55,1.9583501733673536e-58,3.717933420729713e-63,2.230246174300781e-51,3.862192283834943e-64,1.2872193883320953e-29,1.0045175536030335e-60,7.993084931519558e-80,6.360147459278791e-66,8.485748805303442e-69,6.411447661344729e-60,3.4424367814228437e-102,2.033202362071441e-105,2.690830180576419e-53,1.1132730468292453e-50,0.003915630383958337,0.0,7.425568300111435e-29,5.267013782410732e-34,6.269990206831371e-50,3.8161789573481944e-62
10.99511627776,26.85000086460599,29.607698001480387,6.440284914917598e-19,9.977437307857885e-52,1.3014272804737513e-40,0.3268149239347227,1.4076463150911956e-36,0.09263296811203127,3.041089542626465e-21,9.040832764124429e-23,-1.5677090388261754e-55,3.2365475616535474e-56,6.518326352336608e-59,4.161594710145766e-60,9.647261195018874e-25,0.37587227574595056,9.923192396726131e-25,0.189018193206276,1.1620496465033949e-51,2.8057774141341687e-32,3.563574988767739e-63,3.193314736393619e-40,1.5423547257944773e-41,1.3500555375589732e-80,5.803877149763928e-34,1.6763956269589098e-51,6.422155605719497e-19,8.400687932361485e-32,0.011746008617060948,3.338856949698459e-73,2.1583813322760016e-37,4.41315751552996e-56,2.538569507945459e-62,1.5355936530545423e-85,1.5196538619299604e-55,3.913345712081113e-58,3.716357339348468e-63,2.2302464163934446e-51,7.74409792967351e-64,1.2872193883320953e-29,9.912168459984788e-61,1.0332209501967595e-79,3.4612687674360873e-66,8.48573872957567e-69,6.13641910908849e-59,6.8984352506526055e-102,3.296607489872825e-105,5.373017325302643e-53,1.110590835976463e-50,0.003915630383958337,0.0,7.425515630377615e-29,1.0533977752765067e-33,6.267259185144167e-50,5.269139586020605e-62
21.99023255552,26.85000086460599,29.607698001480387,6.440284914917598e-19,9.967247672985366e-52,1.3002889534714814e-40,0.3268149239347227,1.4064205906509898e-36,0.09263296811203127,3.041090382678794e-21,9.040832777880643e-23,-7.035124053233576e-55,-2.2945372404776323e-55,6.506973091202234e-59,4.1543464890177005e-60,9.638860721260748e-25,0.37587227574595056,9.923192396726131e-25,0.189018193206276,1.1584805960083167e-51,5.608297381668578e-32,3.5610572035354663e-63,3.1905349933062098e-40,3.0827642897339907e-41,1.3488799609605007e-80,5.8038771497672175e-34,1.6749358866193315e-51,6.422155614121377e-19,8.393372927916658e-32,0.011746008617060948,3.335390018561335e-73,2.1583813322760016e-37,4.41315751552996e-56,6.424107787666096e-65,1.5146417895169045e-85,1.5157539052401273e-55,7.813302401914448e-58,3.7108826272130324e-63,2.230246888325697e-51,1.5507913008844376e-63,1.2872193883320953e-29,9.653106779843733e-61,1.5010458642863672e-79,-2.642912157855336e-65,8.485718540254745e-69,-1.3326071618755006e-57,1.3798394735764699e-101,-1.5980471587906982e-104,1.0711604948419663e-52,1.1052522011651638e-50,0.003915630383958337,0.0,7.425410292404317e-29,2.106775625972727e-33,6.26180189874669e-50,8.169990941753494e-62
43.98046511104,26.85000086460599,29.607698001480387,6.440284914917598e-19,9.9354768369914e-52,1.298026391528445e-40,0.3268149239347227,1.4039734080299674e-36,0.09263296811203127,3.0410920598595808e-21,9.040832805393066e-23,1.404544776105725e-54,2.9100428141196335e-56,6.484322991364587e-59,4.1398864950779894e-60,9.622089012443411e-25,0.37587227574595056,9.923192396726131e-25,0.189018193206276,1.158994988706534e-51,1.1203584494580144e-31,3.556037009181032e-63,3.184985177742131e-40,6.158224448667111e-41,1.3465328994782513e-80,5.8038771497737836e-34,1.6720214867027044e-51,6.422155630895897e-19,8.378768379640142e-32,0.011746008617060948,3.330340635122525e-73,2.1583813322760016e-37,4.41315751552996e-56,1.2894734167418303e-67,1.4375237443089617e-85,1.507993923924551e-55,1.5573283717490718e-57,3.701771370833221e-63,2.230247823107081e-51,3.1035558238997987e-63,1.2872193883320953e-29,9.161376669224844e-61,8.25211043437424e-79,1.0298513836233787e-65,8.485678161613213e-69,4.904868869055388e-57,2.755028355102938e-101,-9.8342540234846e-106,2.128662044182336e-52,1.0946770921983941e-50,0.003915630383958337,0.0,7.425199622434904e-29,4.213471555562442e-33,6.250906320547283e-50,1.3951521012557669e-61
87.96093022208,26.85000086460599,29.607698001480387,6.440284914917598e-19,9.940284565788357e-52,1.2935171519949863e-40,0.3268149239347227,1.3990960485259577e-36,0.09263296811203127,3.041095402566314e-21,9.040832860417831e-23,-5.922131046847206e-54,1.3339243042805184e-54,6.439247590237018e-59,4.111111710778006e-60,9.58866214323859e-25,0.37587227574595056,9.923192396726131e-25,0.189018193206276,1.1676829044819727e-51,2.235528297861327e-31,3.5460578025002057e-63,3.173924094737197e-40,1.2287783335816565e-40,1.3418550864990812e-80,5.803877149786871e-34,1.6662129393062433e-51,6.42215566432839e-19,8.349660771682513e-32,0.011746008617060948,3.3176859781591713e-73,2.1583813322760016e-37,4.413157515529961e-56,1.2481855294265446e-67,1.2982645009009611e-85,1.4926320624057004e-55,3.093514523634101e-57,3.70113082951774e-63,2.2302496572250402e-51,6.209090837402272e-63,1.2872193883320953e-29,8.273254994796799e-61,-1.3138248876901936e-78,8.485111292919492e-65,8.485597405098673e-69,-6.699410028265954e-57,5.4862894058387624e-101,2.452849299926055e-103,4.203575806403008e-52,1.0739277711729818e-50,0.003915630383958337,0.0,7.424778306403449e-29,8.426624341097091e-33,6.22919087853741e-50,2.5434381328756352e-61
175.92186044416,26.85000086460599,29.607698001480387,6.440284914917598e-19,9.858767495972244e-52,1.2845609020166383e-40,0.3268149239347227,1.3894088814078958e-36,0.09263296811203127,3.0411020416832672e-21,9.040832970466506e-23,9.256912478509871e-56,7.99259370909172e-55,6.349988902138856e-59,4.054138272619393e-60,9.522271370134706e-25,0.37587227574595056,9.923192396726131e-25,0.189018193206276,1.1544928424094234e-51,4.450425384488532e-31,3.526341561898545e-63,3.1519550540988314e-40,2.446204682608194e-40,1.3325642486924103e-80,5.803877149812865e-34,1.654676293265818e-51,6.422155730730412e-19,8.291848698895471e-32,0.011746008617060948,3.298271073007915e-73,2.1583813322760016e-37,4.413157515529961e-56,-4.726989825102855e-67,1.0689690290328717e-85,1.4625279892005058e-55,6.103921844153541e-57,3.6626395554464925e-63,2.2302531889599778e-51,1.2420184259627382e-62,1.2872193883320953e-29,6.810961688666258e-61,-3.265730853181975e-78,-1.3101783465903302e-63,8.485435895136662e-69,6.142905727629489e-57,1.0873101459875735e-100,-7.306840650429537e-102,8.19901196538285e-52,1.0339730564235424e-50,0.003915630383958337,0.0,7.423935769959187e-29,1.6851973726103884e-32,6.186060754776708e-50,4.808318088919741e-61
351.84372088832,26.85000086460599,29.607698001480387,6.440284914917598e-19,9.786865909554522e-52,1.266894845636856e-40,0.3268149239347227,1.3703010380691443e-36,0.09263296811203127,3.0411151372784102e-21,9.040833190556167e-23,-9.804479123037507e-54,-2.6976898083669858e-55,6.174984119015716e-59,3.942458977301493e-60,9.39131621309126e-25,0.37587227574595056,9.923192396726131e-25,0.189018193206276,1.1282515471939917e-51,8.819298759628391e-31,3.4878577038920433e-63,3.108621054683456e-40,4.847582314041711e-40,1.3142381610825163e-80,5.803877149864139e-34,1.63192036996851e-51,6.422155861708065e-19,8.177814945154004e-32,0.011746008617060948,3.241528187900949e-73,2.1583813322760016e-37,4.413157515529962e-56,-6.005616359270417e-69,7.481247722869197e-86,1.4047004396705613e-55,1.188667679714801e-56,3.620464139126301e-63,2.2302597456346567e-51,2.484246111638909e-62,1.2872193883320953e-29,4.7649292767695326e-61,-2.5172109906386263e-78,8.1840566257669e-63,8.485112887519794e-69,-1.6330924773887035e-56,2.13498451555477e-100,8.573188235657201e-101,1.5616622690493494e-51,9.597962935241823e-51,0.003915630383958337,0.0,7.422251079458448e-29,3.369884861980349e-32,6.100987000700969e-50,9.21434305036843e-61
703.68744177664,26.85000086460599,29.607698001480387,6.440284914917598e-19,9.551930284202267e-52,1.2325213729871667e-40,0.3268149239347227,1.333122388538855e-36,0.09263296811203127,3.0411406177389613e-21,9.04083363067224e-23,-1.0564155089115525e-53,3.814311191249448e-54,5.838590108181126e-59,3.7278834459060057e-60,9.136513208957265e-25,0.37587227574595056,9.923192396726131e-25,0.189018193206276,1.1375113731570714e-51,1.731997500817033e-30,3.414529740071322e-63,3.0243038529255864e-40,9.520069243310425e-40,1.2785805948961368e-80,5.803877149963904e-34,1.5876435495892082e-51,6.422156116556061e-19,7.955936374794507e-32,0.011746008617060948,3.16113835513354e-73,2.1583813322760016e-37,4.413157515529965e-56,4.8497061700954894e-67,4.028623409200223e-86,1.2978433497590598e-55,2.2572385788298155e-56,3.594352250331461e-63,2.2302711033033137e-51,4.9687349516641195e-62,1.2872193883320953e-29,2.563460103377547e-61,-1.0324834852605753e-77,2.4663720471717257e-63,8.484466921489063e-69,3.3994837360321336e-56,4.1162015344878716e-100,1.4072309288998533e-100,2.846577928759781e-51,8.313035918064148e-51,0.003915630383958337,0.0,7.418883227314148e-29,6.737730984228478e-32,5.935456677936539e-50,1.7554697631162046e-60
1407.37488355328,26.85000086460599,29.607698001480387,6.440284914917598e-19,8.535264141250802e-52,1.167408742898484e-40,0.3268149239347227,1.2626940540785437e-36,0.09263296811203127,3.041188885963074e-21,9.040834510415887e-23,6.587972081308934e-53,-1.3208198377394847e-53,5.216969728044501e-59,3.3316919181415334e-60,8.653834268114715e-25,0.37587227574595056,9.923192396726131e-25,0.189018193206276,9.132691472764493e-52,3.342315176090633e-30,3.2812817901469666e-63,2.86457607734293e-40,1.8371490879516436e-39,1.2110336821044984e-80,5.803877150152892e-34,1.5037689842657486e-51,6.422156599324984e-19,7.535626913762918e-32,0.011746008617060948,2.993989261558935e-73,2.1583813322760016e-37,4.4131575155299695e-56,4.853842775414879e-67,1.4866735511228583e-86,1.114345519471921e-55,4.092216881701203e-56,3.377782389157953e-63,2.2302884545236845e-51,9.93783015669366e-62,1.2872193883320953e-29,9.432890967494674e-62,1.1278571771675301e-77,-8.968997109838856e-63,8.483175186118419e-69,3.4375984018847907e-56,7.656837660981584e-100,-2.3400147010793986e-100,4.809576742044881e-51,6.350019753683237e-51,0.003915630383958337,0.0,7.412153632907437e-29,1.3467313349991923e-31,5.621888907017882e-50,3.2519381507838995e-60
2814.74976710656,26.85000086460599,29.607698001480387,6.440284914917598e-19,8.689113730714761e-52,1.050252859234445e-40,0.3268149239347227,1.13597577517311e-36,0.09263296811203127,3.0412757327684976e-21,9.040836266405508e-23,-1.4444461431733633e-53,2.4460819674310198e-54,4.154708940953344e-59,2.6555761444489826e-60,7.785373513146668e-25,0.37587227574595056,9.923192396726131e-25,0.189018193206276,9.617674796411477e-52,6.239741734069564e-30,3.0604313324110706e-63,2.577173044067749e-40,3.4298207172684284e-39,1.0894998051404419e-80,5.803877150492937e-34,1.352857524517795e-51,6.422157467965697e-19,6.779384532003749e-32,0.011746008617060948,2.7040409084309967e-73,2.1583813322760016e-37,4.413157515529977e-56,6.04270807897772e-66,3.3870484152330076e-87,8.382713945266941e-56,6.852958131153474e-56,3.1842427433519557e-63,2.2303098987962957e-51,1.987639992874689e-61,1.2872193883320953e-29,2.126846982172164e-62,-1.9951923676193217e-77,-3.1839735424219548e-62,8.48059250274878e-69,2.1354561199927244e-55,1.329659185373195e-99,-2.6051182432412536e-99,7.235621518931851e-51,3.923953532801968e-51,0.003915630383958337,0.0,7.398718839327244e-29,2.6902082864031754e-31,5.057701541553704e-50,5.673949532461515e-60
5629.49953421312,26.85000086460599,29.607698001480387,6.440284914917598e-19,7.538695959990017e-52,8.586896193947697e-41,0.3268149239347227,9.287753348495795e-37,0.09263296811203127,3.0414177390064286e-21,9.040839756239843e-23,-5.193302043261605e-53,3.238157747355836e-53,2.599856616407985e-59,1.667640416675304e-60,6.3653301568685225e-25,0.37587227574595056,9.923192396726131e-25,0.189018193206276,1.0828509615969427e-51,1.0977620198738892e-29,2.7526854798775645e-63,2.107198356274482e-40,6.034283034600797e-39,8.907765187870149e-81,5.8038771510489806e-34,1.1060980835867607e-51,6.422158888368949e-19,5.542832432429726e-32,0.011746008617060948,2.220856651903001e-73,2.1583813322760016e-37,4.4131575155299885e-56,-2.0693765167024466e-66,4.489212226329316e-88,5.053862218526791e-56,1.0181809857893623e-55,2.263877003022929e-63,2.2303290744358845e-51,3.9754638500569596e-61,1.2872193883320953e-29,2.7023691174022625e-63,-7.975605875499564e-78,1.312670262338807e-60,8.4754302780936e-69,1.8661717161632315e-55,2.035644976568783e-99,1.5120086814906747e-97,9.405082255891823e-51,1.7544736198135407e-51,0.003915630383958337,0.0,7.371946480022556e-29,5.36743941194648e-31,4.135183403337216e-50,8.904513875262969e-60
11258.99906842624,26.85000086460599,29.607698001480387,6.440284914917598e-19,4.508810039125161e-52,5.937837518503654e-41,0.3268149239347227,6.422492265507419e-37,0.09263296811203127,3.0416141150635962e-21,9.040846622878825e-23,-1.9334094334742777e-52,3.820718571772384e-53,9.310405970869821e-60,6.0695006184821114e-61,4.401630213026798e-25,0.37587227574595056,9.923192396726131e-25,0.189018193206276,9.020172929307959e-52,1.7530112743728998e-29,2.438593394538703e-63,1.4572301708346418e-40,9.636507814352151e-39,6.159730010432838e-81,5.803877151817987e-34,7.648678439072663e-52,6.422160852788613e-19,3.832872466942087e-32,0.011746008617060948,1.5181686094452216e-73,2.1583813322760016e-37,4.413157515530006e-56,-2.1244842623435314e-65,3.442179706112885e-89,2.1808803399277062e-56,1.3054791736492706e-55,1.0946559248500138e-63,2.230340112409832e-51,7.9513879370857e-61,1.2872193883320953e-29,1.8332816951921432e-64,-2.1241624622327502e-77,8.393024788812277e-61,8.465118384952125e-69,-5.0910329681516984e-55,2.5417977263651094e-99,4.017100858597575e-97,1.0654381740682959e-50,5.0516309236923745e-52,0.003915630383958337,0.0,7.31878786853569e-29,1.0683290994969896e-30,2.859483133371302e-50,1.187896498399611e-59
22517.99813685248,26.85000086460599,29.607698001480387,6.440284914917598e-19,3.552480913184462e-52,3.138566984366687e-41,0.3268149239347227,3.394614751960036e-37,0.09263296811203127,3.0418216499439935e-21,9.040859961259085e-23,4.178110609335696e-52,4.0967613540327303e-53,3.299941369349223e-61,2.463130458964932e-62,2.326481522626929e-25,0.37587227574595056,9.923192396726133e-25,0.189018193206276,6.811451442550362e-52,2.445675237113688e-29,2.2484722869526957e-63,7.703039037504929e-41,1.3444839353663823e-38,3.255731498279729e-81,5.803877152630906e-34,4.042710894885743e-52,6.422162929376529e-19,2.0258646324962447e-32,0.011746008617060948,8.935276987827986e-74,2.1583813322760016e-37,4.413157515530023e-56,-1.9734658943262563e-66,1.1916720753907473e-90,6.000167278182812e-57,1.4635655348602128e-55,1.0025985371552886e-63,2.2303438250276894e-51,1.5903791916598332e-60,1.2872193883320953e-29,6.436810084493158e-66,-1.0555007767768128e-77,-4.571903899930742e-60,8.444544734507764e-69,6.830109439712571e-55,2.578016981268124e-99,2.337028477410906e-97,1.1074585030994963e-50,8.49560878483924e-53,0.003915630383958337,0.0,7.213992960452515e-29,2.116276289320952e-30,1.5113805226751096e-50,1.2512566764664627e-59
45035.99627370496,26.85000086460599,29.607698001480387,6.440284914917598e-19,2.3689129260807194e-52,1.1282396801002148e-41,0.3268149239347227,1.2203322729029327e-37,0.09263296811203127,3.0419707169186046e-21,9.040885983949561e-23,-3.80770653321537e-53,3.5072293862650567e-53,7.26962314298212e-69,5.439901420420757e-75,8.363422699154967e-26,0.37587227574595056,9.923192396726133e-25,0.189018193206276,4.41607638925474e-52,2.9436840796037897e-29,2.285026609172074e-63,2.7699171715776914e-41,1.618369680310976e-38,1.1704050420516865e-81,5.803877153215376e-34,1.4533081126262663e-52,6.422164422393546e-19,7.282740952327808e-33,0.011746008617060948,5.256293352656352e-74,2.1583813322760016e-37,4.4131575155300365e-56,-2.5879815752319866e-65,-5.86713856149134e-91,9.570562968986066e-58,1.513996644673055e-55,3.90136661985755e-64,2.2303444845477314e-51,3.18093840109234e-60,1.2872193883320953e-29,1.1502163854020445e-67,1.5135623542967555e-78,9.904785574312227e-60,8.403597003748216e-69,-7.85437538032398e-55,2.578028598588143e-99,2.3370284774109161e-97,1.115174081496919e-50,7.799621888322645e-54,0.003915630383958337,0.0,7.010320487297084e-29,4.152997338177782e-30,5.433239308897843e-51,1.2512576494288342e-59
