Distance_PFRC2_(m), Plug_flow_residence_time_PFRC2_(sec), Internal_surface_area_per_unit_distance_PFRC2_(m), Cross-section_area_PFRC2_(m2), External_surface_area_per_unit_distance_PFRC2_(m), Velocity_PFRC2_(m/sec), Exit_mass_flow_rate_PFRC2_(kg/sec), Volumetric_heat_production_rate_PFRC2_(J/m3-sec), Surface_temperature_PFRC2_(K), Heat_loss_rate_PFRC2_(J/m-sec), Temperature_PFRC2_(K), Pressure_PFRC2_(Pa), Mole_fraction_N2_PFRC2_(), Mole_fraction_H2_PFRC2_(), Mole_fraction_H_PFRC2_(), Mole_fraction_O2_PFRC2_(), Mole_fraction_H2O_PFRC2_(), Mole_fraction_OH_PFRC2_(), Mole_fraction_HO2_PFRC2_(), Mole_fraction_CO_PFRC2_(), Mole_fraction_CO2_PFRC2_(), Mole_fraction_CH4_PFRC2_(), Mole_fraction_CH3_PFRC2_(), Mole_fraction_CH3OH_PFRC2_(), Mole_fraction_CH2O_PFRC2_(), Mole_fraction_HCO_PFRC2_(), Mole_fraction_HOCHO_PFRC2_(), Mole_fraction_C2H6_PFRC2_(), Mole_fraction_C2H5_PFRC2_(), Mole_fraction_C2H4_PFRC2_(), Mole_fraction_C2H3_PFRC2_(), Mole_fraction_CHCHO_PFRC2_(), Mole_fraction_C2H2_PFRC2_(), Mole_fraction_CH3CHO_PFRC2_(), Mole_fraction_C2H3OH_PFRC2_(), Mole_fraction_CH2CO_PFRC2_(), Mole_fraction_HCCOH_PFRC2_(), Mole_fraction_C3H6_PFRC2_(), Mole_fraction_C3H4-P_PFRC2_(), Mole_fraction_C3H4-A_PFRC2_(), Mole_fraction_C3H3_PFRC2_(), Mole_fraction_C4H4_PFRC2_(), Mole_fraction_C4H2_PFRC2_(), Molecular_weight_PFRC2_(kg/mole), Mass_density_PFRC2_(kg/m3), Unburned_hydrocarbons_PFRC2_(ppm), Volatile_organic_compounds_PFRC2_(ppm)
1.350000e-01, 0.000000e+00, 1.130973e+00, 1.017876e-01, 1.130973e+00, 2.928025e-01, 1.766800e-01, 3.651650e+07, 1.808500e+03, 0.000000e+00, 1.808500e+03, 4.700000e+06, 3.017478e-03, 2.807435e-01, 3.006731e-05, 1.824586e-05, 3.071775e-01, 2.538590e-06, 4.731902e-08, 3.120085e-01, 8.875407e-02, 7.961907e-03, 1.734127e-05, 1.654540e-06, 2.758166e-06, 2.588930e-07, 2.780178e-07, 1.679454e-06, 1.644179e-08, 6.065064e-05, 5.781363e-08, 2.070773e-06, 1.962503e-04, 8.091857e-08, 1.090565e-07, 1.693902e-06, 1.049703e-07, 9.278643e-08, 6.306480e-07, 2.494044e-07, 7.093573e-08, 3.609184e-08, 3.995909e-08, 1.896588e-02, 5.928129e+00, 8.500061e+03, 8.513183e+03
1.350169e-01, 5.783537e-05, 1.130973e+00, 1.017876e-01, 1.130973e+00, 2.928172e-01, 1.766800e-01, -2.025911e+07, 1.808507e+03, 2.501106e+04, 1.808507e+03, 4.700009e+06, 3.017333e-03, 2.807862e-01, 2.939393e-05, 3.963513e-06, 3.071685e-01, 2.480235e-06, 1.012878e-08, 3.120350e-01, 8.874057e-02, 7.932167e-03, 1.689534e-05, 1.601195e-06, 2.722610e-06, 2.531114e-07, 2.808088e-07, 1.558817e-06, 1.580247e-08, 6.003600e-05, 5.634215e-08, 2.069985e-06, 1.958422e-04, 7.920162e-08, 1.062791e-07, 1.665472e-06, 1.047131e-07, 9.066147e-08, 6.277163e-07, 2.481128e-07, 7.007804e-08, 3.609592e-08, 3.991315e-08, 1.896497e-02, 5.927832e+00, 8.467559e+03, 8.480519e+03
1.351697e-01, 5.796752e-04, 1.130973e+00, 1.017876e-01, 1.130973e+00, 2.927516e-01, 1.766800e-01, -3.328438e+07, 1.807170e+03, 2.501106e+04, 1.807170e+03, 4.700009e+06, 3.015779e-03, 2.813183e-01, 2.892424e-05, 9.838638e-10, 3.068397e-01, 2.425834e-06, 2.759313e-12, 3.122387e-01, 8.860202e-02, 7.684064e-03, 1.607968e-05, 1.520973e-06, 2.675187e-06, 2.501207e-07, 2.822141e-07, 1.453187e-06, 1.487648e-08, 5.715416e-05, 5.291239e-08, 2.054449e-06, 1.856016e-04, 7.519798e-08, 1.000003e-07, 1.580714e-06, 9.834746e-08, 8.329638e-08, 5.745316e-07, 2.269901e-07, 6.341650e-08, 3.277939e-08, 3.589817e-08, 1.895520e-02, 5.929161e+00, 8.191876e+03, 8.204470e+03
1.373487e-01, 8.032193e-03, 1.130973e+00, 1.017876e-01, 1.130973e+00, 2.920707e-01, 1.766800e-01, -1.651029e+07, 1.794031e+03, 2.501106e+04, 1.794031e+03, 4.700009e+06, 3.000830e-03, 2.867171e-01, 2.622876e-05, 9.217412e-10, 3.033436e-01, 2.072297e-06, 2.503674e-12, 3.139247e-01, 8.753473e-02, 5.329845e-03, 9.936637e-06, 9.508971e-07, 2.364634e-06, 2.362713e-07, 2.867557e-07, 6.805742e-07, 6.670449e-09, 2.630113e-05, 2.156305e-08, 1.861823e-06, 7.704095e-05, 3.758268e-08, 4.289432e-08, 8.708937e-07, 3.730980e-08, 2.550840e-08, 1.596030e-07, 6.287321e-08, 1.605846e-08, 6.122770e-09, 6.014621e-09, 1.886124e-02, 5.942983e+00, 5.548739e+03, 5.558301e+03
1.440579e-01, 3.104647e-02, 1.130973e+00, 1.017876e-01, 1.130973e+00, 2.911329e-01, 1.766800e-01, -5.109343e+06, 1.777706e+03, 2.501106e+04, 1.777706e+03, 4.700009e+06, 2.983103e-03, 2.932254e-01, 2.317630e-05, 6.705558e-10, 2.991733e-01, 1.701774e-06, 1.785775e-12, 3.157531e-01, 8.636640e-02, 2.447029e-03, 3.947510e-06, 3.859581e-07, 2.086681e-06, 2.196612e-07, 2.922326e-07, 1.375518e-07, 1.237968e-09, 5.027036e-06, 3.525977e-09, 1.451954e-06, 1.288485e-05, 1.009492e-08, 7.628261e-09, 3.048971e-07, 5.590490e-09, 2.122845e-09, 1.172680e-08, 4.602669e-09, 1.050574e-09, 1.897889e-10, 1.624325e-10, 1.874982e-02, 5.962127e+00, 2.487146e+03, 2.493700e+03
1.470000e-01, 4.115623e-02, 1.130973e+00, 1.017876e-01, 1.130973e+00, 2.909170e-01, 1.766800e-01, -3.520566e+06, 1.774266e+03, 2.501106e+04, 1.774266e+03, 4.700009e+06, 2.979540e-03, 2.945478e-01, 2.257985e-05, 6.007600e-10, 2.983300e-01, 1.632956e-06, 1.599223e-12, 3.160989e-01, 8.614506e-02, 1.857163e-03, 2.906735e-06, 2.864827e-07, 2.041723e-06, 2.163125e-07, 2.933137e-07, 7.865243e-08, 6.958018e-10, 2.842185e-06, 1.929911e-09, 1.316282e-06, 7.083729e-06, 6.721201e-09, 4.283949e-09, 2.198061e-07, 3.006298e-09, 9.008094e-10, 4.847675e-09, 1.901194e-09, 4.238891e-10, 5.859373e-11, 4.874744e-11, 1.872743e-02, 5.966551e+00, 1.880110e+03, 1.886055e+03
1.574928e-01, 7.725575e-02, 1.130973e+00, 1.017876e-01, 1.130973e+00, 2.904657e-01, 1.766800e-01, -1.262912e+06, 1.767697e+03, 2.501106e+04, 1.767697e+03, 4.700009e+06, 2.973121e-03, 2.969550e-01, 2.151101e-05, 4.276282e-10, 2.967924e-01, 1.511998e-06, 1.154011e-12, 3.166935e-01, 8.576946e-02, 7.871161e-04, 1.164676e-06, 1.187322e-07, 1.969425e-06, 2.103149e-07, 2.950933e-07, 1.401924e-08, 1.206926e-10, 4.982216e-07, 3.186677e-10, 9.478298e-07, 1.178355e-06, 2.184477e-09, 7.752687e-10, 8.513184e-08, 4.821593e-10, 6.563018e-11, 3.360576e-10, 1.316040e-10, 2.806701e-11, 1.691090e-12, 1.332212e-12, 1.868708e-02, 5.975821e+00, 7.916649e+02, 7.963364e+02
1.590000e-01, 8.244505e-02, 1.130973e+00, 1.017876e-01, 1.130973e+00, 2.904229e-01, 1.766800e-01, -1.109920e+06, 1.767136e+03, 2.501106e+04, 1.767136e+03, 4.700009e+06, 2.972615e-03, 2.971469e-01, 2.142573e-05, 4.088496e-10, 2.966691e-01, 1.502451e-06, 1.106888e-12, 3.167375e-01, 8.574238e-02, 7.025492e-04, 1.034790e-06, 1.061480e-07, 1.964210e-06, 2.098431e-07, 2.952128e-07, 1.117246e-08, 9.607479e-11, 3.969264e-07, 2.526795e-10, 9.056362e-07, 9.347900e-07, 1.905971e-09, 6.241352e-10, 7.545745e-08, 3.816913e-10, 4.660339e-11, 2.376472e-10, 9.305430e-11, 1.977186e-11, 1.068597e-12, 8.380236e-13, 1.868390e-02, 5.976703e+00, 7.062720e+02, 7.108205e+02
1.710000e-01, 1.237836e-01, 1.130973e+00, 1.017876e-01, 1.130973e+00, 2.901691e-01, 1.766800e-01, -4.282035e+05, 1.764163e+03, 2.501106e+04, 1.764163e+03, 4.700009e+06, 2.970210e-03, 2.980766e-01, 2.099659e-05, 2.915454e-10, 2.960672e-01, 1.454705e-06, 8.158502e-13, 3.169310e-01, 8.562930e-02, 2.994264e-04, 4.309122e-07, 4.744914e-08, 1.940414e-06, 2.075084e-07, 2.956847e-07, 2.053631e-09, 1.780934e-11, 7.394898e-08, 4.605829e-11, 6.348663e-07, 1.707231e-07, 7.264228e-10, 1.328283e-10, 3.111270e-08, 6.969951e-11, 3.680553e-12, 1.838716e-11, 7.195431e-12, 1.499615e-12, 3.660751e-14, 2.799904e-14, 1.866879e-02, 5.981931e+00, 3.003512e+02, 3.041805e+02
1.830000e-01, 1.651518e-01, 1.130973e+00, 1.017876e-01, 1.130973e+00, 2.899942e-01, 1.766800e-01, -1.850707e+05, 1.762530e+03, 2.501106e+04, 1.762530e+03, 4.700009e+06, 2.969252e-03, 2.984700e-01, 2.077083e-05, 2.130328e-10, 2.958045e-01, 1.430438e-06, 6.228093e-13, 3.169850e-01, 8.560721e-02, 1.385397e-04, 1.969830e-07, 2.460300e-08, 1.931523e-06, 2.062690e-07, 2.958359e-07, 4.545578e-10, 4.131074e-12, 1.724999e-08, 1.070216e-11, 4.484747e-07, 3.967728e-08, 3.212273e-10, 3.816355e-11, 1.421134e-08, 1.656381e-11, 3.870941e-13, 1.930601e-12, 7.555466e-13, 1.575426e-13, 1.876951e-15, 1.480356e-15, 1.866276e-02, 5.985539e+00, 1.388516e+02, 1.422402e+02
1.950000e-01, 2.065425e-01, 1.130973e+00, 1.017876e-01, 1.130973e+00, 2.898499e-01, 1.766800e-01, -1.324651e+05, 1.761415e+03, 2.501106e+04, 1.761415e+03, 4.700009e+06, 2.968849e-03, 2.986571e-01, 2.060885e-05, 1.587577e-10, 2.956724e-01, 1.414068e-06, 4.893364e-13, 3.169858e-01, 8.561985e-02, 7.101070e-05, 1.000584e-07, 1.511488e-08, 1.928028e-06, 2.053145e-07, 2.959485e-07, 1.284271e-10, 1.262017e-12, 5.340814e-09, 3.316321e-12, 3.181736e-07, 1.235293e-08, 1.615069e-10, 1.475130e-11, 7.252938e-09, 5.335776e-12, 6.236676e-14, 3.106285e-13, 1.216068e-13, 2.486324e-14, 2.576326e-16, 2.030990e-16, 1.866023e-02, 5.988518e+00, 7.114653e+01, 7.424630e+01
2.070000e-01, 2.479527e-01, 1.130973e+00, 1.017876e-01, 1.130973e+00, 2.897183e-01, 1.766800e-01, -4.404262e+04, 1.760513e+03, 2.501106e+04, 1.760513e+03, 4.700009e+06, 2.968677e-03, 2.987591e-01, 2.046418e-05, 1.206858e-10, 2.955941e-01, 1.400336e-06, 3.954666e-13, 3.169647e-01, 8.564679e-02, 4.199289e-05, 5.877166e-08, 1.107860e-08, 1.926698e-06, 2.043863e-07, 2.961095e-07, 4.863908e-11, 5.248602e-13, 2.231483e-09, 1.408421e-12, 2.264428e-07, 5.229346e-09, 9.476991e-11, 7.481555e-12, 4.292323e-09, 2.347594e-12, 2.896770e-14, 1.385705e-13, 5.406149e-14, 1.007515e-14, 2.529205e-16, 1.768712e-16, 1.865915e-02, 5.991237e+00, 4.206678e+01, 4.497083e+01
2.190000e-01, 2.893813e-01, 1.130973e+00, 1.017876e-01, 1.130973e+00, 2.895921e-01, 1.766800e-01, 1.494389e+04, 1.759701e+03, 2.501106e+04, 1.759701e+03, 4.700009e+06, 2.968601e-03, 2.988249e-01, 2.032757e-05, 9.377450e-11, 2.955387e-01, 1.387784e-06, 3.287609e-13, 3.169342e-01, 8.567986e-02, 2.938117e-05, 4.087351e-08, 9.339058e-09, 1.926273e-06, 2.034749e-07, 2.962859e-07, 2.543698e-11, 3.021103e-13, 1.297178e-09, 8.175074e-13, 1.616127e-07, 3.043182e-09, 6.613925e-11, 4.866793e-12, 3.009953e-09, 1.393298e-12, 5.900421e-15, 3.153143e-14, 1.245747e-14, 2.764148e-15, 8.505146e-17, 6.614805e-17, 1.865867e-02, 5.993849e+00, 2.943085e+01, 3.219967e+01
2.310000e-01, 3.308278e-01, 1.130973e+00, 1.017876e-01, 1.130973e+00, 2.894682e-01, 1.766800e-01, 2.145158e+04, 1.758929e+03, 2.501106e+04, 1.758929e+03, 4.700009e+06, 2.968568e-03, 2.988750e-01, 2.019523e-05, 7.463083e-11, 2.954931e-01, 1.375812e-06, 2.809040e-13, 3.168997e-01, 8.571560e-02, 2.383730e-05, 3.294323e-08, 8.579557e-09, 1.926234e-06, 2.025769e-07, 2.964656e-07, 1.737617e-11, 2.133037e-13, 9.192794e-10, 5.779309e-13, 1.156369e-07, 2.154739e-09, 5.352954e-11, 3.763334e-12, 2.443696e-09, 1.006411e-12, 3.203823e-15, 1.795201e-14, 7.132489e-15, 1.657435e-15, 6.645687e-17, 5.174090e-17, 1.865847e-02, 5.996415e+00, 2.387649e+01, 2.655066e+01
2.430000e-01, 3.722920e-01, 1.130973e+00, 1.017876e-01, 1.130973e+00, 2.893453e-01, 1.766800e-01, 4.532618e+03, 1.758174e+03, 2.501106e+04, 1.758174e+03, 4.700009e+06, 2.968554e-03, 2.989183e-01, 2.006475e-05, 6.093772e-11, 2.954519e-01, 1.364114e-06, 2.462774e-13, 3.168633e-01, 8.575254e-02, 2.142033e-05, 2.940548e-08, 8.253158e-09, 1.926363e-06, 2.016824e-07, 2.966496e-07, 1.410224e-11, 1.711523e-13, 7.397146e-10, 4.599504e-13, 8.294615e-08, 1.720739e-09, 4.798748e-11, 3.257206e-12, 2.192835e-09, 8.182056e-13, 2.243321e-15, 1.228775e-14, 4.897263e-15, 1.153388e-15, 5.042286e-17, 3.907502e-17, 1.865838e-02, 5.998961e+00, 2.145474e+01, 2.406207e+01
2.550000e-01, 4.137737e-01, 1.130973e+00, 1.017876e-01, 1.130973e+00, 2.892228e-01, 1.766800e-01, -2.946196e+05, 1.757426e+03, 2.501106e+04, 1.757426e+03, 4.700009e+06, 2.968548e-03, 2.989586e-01, 1.993802e-05, 5.109467e-11, 2.954126e-01, 1.352738e-06, 2.207374e-13, 3.168260e-01, 8.579005e-02, 2.039439e-05, 2.772171e-08, 8.105704e-09, 1.926565e-06, 2.008193e-07, 2.968121e-07, 1.465301e-11, 1.581575e-13, 7.028245e-10, 4.098528e-13, 5.964722e-08, 1.581777e-09, 4.540211e-11, 3.057704e-12, 2.078805e-09, 7.456006e-13, 3.056500e-15, 4.709629e-16, 4.309552e-17, -8.681519e-16, -1.553256e-17, -2.310450e-17, 1.865834e-02, 6.001502e+00, 2.042675e+01, 2.298659e+01
2.670000e-01, 4.552730e-01, 1.130973e+00, 1.017876e-01, 1.130973e+00, 2.891007e-01, 1.766800e-01, 4.252377e+04, 1.756682e+03, 2.501106e+04, 1.756682e+03, 4.700009e+06, 2.968546e-03, 2.989975e-01, 1.980761e-05, 4.394877e-11, 2.953741e-01, 1.341215e-06, 2.023111e-13, 3.167884e-01, 8.582782e-02, 1.999210e-05, 2.705660e-08, 8.067724e-09, 1.926805e-06, 1.999065e-07, 2.970232e-07, 1.199538e-11, 1.347135e-13, 5.853189e-10, 3.522828e-13, 4.299031e-08, 1.334200e-09, 4.457635e-11, 2.883480e-12, 2.032014e-09, 6.545188e-13, 3.345747e-15, 1.111973e-14, 4.232057e-15, 2.142313e-16, 2.650943e-17, 7.783426e-18, 1.865832e-02, 6.004038e+00, 2.002306e+01, 2.254896e+01
2.790000e-01, 4.967898e-01, 1.130973e+00, 1.017876e-01, 1.130973e+00, 2.889785e-01, 1.766800e-01, -6.325327e+03, 1.755940e+03, 2.501106e+04, 1.755940e+03, 4.700009e+06, 2.968545e-03, 2.990359e-01, 1.967892e-05, 3.873132e-11, 2.953360e-01, 1.329831e-06, 1.882943e-13, 3.167505e-01, 8.586575e-02, 1.986719e-05, 2.674858e-08, 8.061998e-09, 1.927058e-06, 1.990097e-07, 2.972182e-07, 1.117857e-11, 1.247348e-13, 5.389533e-10, 3.237931e-13, 3.105576e-08, 1.218186e-09, 4.428740e-11, 2.804964e-12, 2.012066e-09, 6.059817e-13, 1.198269e-15, 7.604878e-15, 3.061594e-15, 8.567396e-16, 2.862797e-17, 2.463435e-17, 1.865832e-02, 6.006576e+00, 1.989750e+01, 2.239902e+01
2.910000e-01, 5.383241e-01, 1.130973e+00, 1.017876e-01, 1.130973e+00, 2.888564e-01, 1.766800e-01, -9.057045e+03, 1.755198e+03, 2.501106e+04, 1.755198e+03, 4.700009e+06, 2.968545e-03, 2.990740e-01, 1.955216e-05, 3.488814e-11, 2.952980e-01, 1.318621e-06, 1.776106e-13, 3.167125e-01, 8.590379e-02, 1.987616e-05, 2.657715e-08, 8.069063e-09, 1.927318e-06, 1.981276e-07, 2.974077e-07, 1.104390e-11, 1.193747e-13, 5.169887e-10, 3.062884e-13, 2.248661e-08, 1.158133e-09, 4.423610e-11, 2.769587e-12, 2.003855e-09, 5.808844e-13, 1.973791e-15, 8.824085e-15, 3.453226e-15, 6.340544e-16, 2.195371e-17, 1.476120e-17, 1.865832e-02, 6.009115e+00, 1.990614e+01, 2.239005e+01
3.030000e-01, 5.798760e-01, 1.130973e+00, 1.017876e-01, 1.130973e+00, 2.887343e-01, 1.766800e-01, 2.202828e+04, 1.754456e+03, 2.501106e+04, 1.754456e+03, 4.700009e+06, 2.968546e-03, 2.991120e-01, 1.942585e-05, 3.202368e-11, 2.952600e-01, 1.307483e-06, 1.693136e-13, 3.166744e-01, 8.594191e-02, 1.995176e-05, 2.650456e-08, 8.086348e-09, 1.927582e-06, 1.972455e-07, 2.975995e-07, 1.091184e-11, 1.157771e-13, 5.011668e-10, 2.943853e-13, 1.632062e-08, 1.114029e-09, 4.435799e-11, 2.750833e-12, 2.002510e-09, 5.622091e-13, 1.536801e-15, 7.743487e-15, 3.056892e-15, 6.333306e-16, 1.941738e-17, 1.403727e-17, 1.865832e-02, 6.011657e+00, 1.998154e+01, 2.245269e+01
3.150000e-01, 6.214455e-01, 1.130973e+00, 1.017876e-01, 1.130973e+00, 2.886122e-01, 1.766800e-01, 5.996366e+03, 1.753715e+03, 2.501106e+04, 1.753715e+03, 4.700009e+06, 2.968547e-03, 2.991499e-01, 1.930032e-05, 2.985847e-11, 2.952221e-01, 1.296431e-06, 1.627106e-13, 3.166362e-01, 8.598009e-02, 2.005760e-05, 2.647097e-08, 8.107398e-09, 1.927847e-06, 1.963676e-07, 2.977902e-07, 1.091861e-11, 1.135718e-13, 4.924850e-10, 2.861398e-13, 1.187327e-08, 1.085815e-09, 4.454313e-11, 2.743392e-12, 2.004043e-09, 5.495285e-13, 1.777722e-15, 8.058678e-15, 3.155057e-15, 5.958789e-16, 1.518583e-17, 1.047480e-17, 1.865833e-02, 6.014200e+00, 2.008727e+01, 2.254911e+01
3.270000e-01, 6.630326e-01, 1.130973e+00, 1.017876e-01, 1.130973e+00, 2.884901e-01, 1.766800e-01, 1.216684e+04, 1.752973e+03, 2.501106e+04, 1.752973e+03, 4.700009e+06, 2.968548e-03, 2.991879e-01, 1.917549e-05, 2.819096e-11, 2.951841e-01, 1.285466e-06, 1.573308e-13, 3.165980e-01, 8.601831e-02, 2.017641e-05, 2.645383e-08, 8.130324e-09, 1.928114e-06, 1.954925e-07, 2.979819e-07, 1.092849e-11, 1.121254e-13, 4.866637e-10, 2.803537e-13, 8.646289e-09, 1.065604e-09, 4.476452e-11, 2.741943e-12, 2.006791e-09, 5.402081e-13, 1.726231e-15, 7.925973e-15, 3.102823e-15, 5.901014e-16, 1.304332e-17, 9.027695e-18, 1.865834e-02, 6.016745e+00, 2.020600e+01, 2.266097e+01
3.390000e-01, 7.046373e-01, 1.130973e+00, 1.017876e-01, 1.130973e+00, 2.883680e-01, 1.766800e-01, 9.580595e+03, 1.752232e+03, 2.501106e+04, 1.752232e+03, 4.700009e+06, 2.968549e-03, 2.992260e-01, 1.905141e-05, 2.688066e-11, 2.951461e-01, 1.274587e-06, 1.528277e-13, 3.165598e-01, 8.605658e-02, 2.030212e-05, 2.644398e-08, 8.154088e-09, 1.928381e-06, 1.946209e-07, 2.981738e-07, 1.096301e-11, 1.111660e-13, 4.829727e-10, 2.760200e-13, 6.294689e-09, 1.050856e-09, 4.500217e-11, 2.744192e-12, 2.010105e-09, 5.330890e-13, 1.475795e-15, 7.335073e-15, 2.890198e-15, 5.851013e-16, 1.163538e-17, 8.146244e-18, 1.865834e-02, 6.019292e+00, 2.033166e+01, 2.278153e+01
3.510000e-01, 7.462596e-01, 1.130973e+00, 1.017876e-01, 1.130973e+00, 2.882459e-01, 1.766800e-01, 1.702474e+03, 1.751490e+03, 2.501106e+04, 1.751490e+03, 4.700009e+06, 2.968550e-03, 2.992640e-01, 1.892794e-05, 2.583594e-11, 2.951080e-01, 1.263784e-06, 1.489783e-13, 3.165214e-01, 8.609492e-02, 2.043434e-05, 2.644180e-08, 8.178625e-09, 1.928649e-06, 1.937519e-07, 2.983654e-07, 1.105224e-11, 1.107149e-13, 4.819021e-10, 2.729565e-13, 4.590503e-09, 1.041423e-09, 4.525268e-11, 2.749737e-12, 2.014005e-09, 5.277714e-13, 1.629337e-15, 7.585503e-15, 2.973882e-15, 5.724427e-16, 9.280805e-18, 6.341174e-18, 1.865835e-02, 6.021842e+00, 2.046386e+01, 2.290992e+01
3.630000e-01, 7.878995e-01, 1.130973e+00, 1.017876e-01, 1.130973e+00, 2.881238e-01, 1.766800e-01, 1.597979e+04, 1.750749e+03, 2.501106e+04, 1.750749e+03, 4.700009e+06, 2.968551e-03, 2.993022e-01, 1.880519e-05, 2.498547e-11, 2.950699e-01, 1.253065e-06, 1.456166e-13, 3.164830e-01, 8.613331e-02, 2.057115e-05, 2.644414e-08, 8.203788e-09, 1.928917e-06, 1.928861e-07, 2.985576e-07, 1.114390e-11, 1.105855e-13, 4.821078e-10, 2.708589e-13, 3.358084e-09, 1.035229e-09, 4.551638e-11, 2.757656e-12, 2.018253e-09, 5.237517e-13, 1.705831e-15, 7.725185e-15, 3.019107e-15, 5.667968e-16, 7.852427e-18, 5.365740e-18, 1.865835e-02, 6.024395e+00, 2.060067e+01, 2.304387e+01
3.750000e-01, 8.295571e-01, 1.130973e+00, 1.017876e-01, 1.130973e+00, 2.880016e-01, 1.766800e-01, 1.069711e+04, 1.750007e+03, 2.501106e+04, 1.750007e+03, 4.700009e+06, 2.968552e-03, 2.993403e-01, 1.868312e-05, 2.428002e-11, 2.950317e-01, 1.242427e-06, 1.426205e-13, 3.164446e-01, 8.617175e-02, 2.071051e-05, 2.644889e-08, 8.229290e-09, 1.929186e-06, 1.920234e-07, 2.987500e-07, 1.124024e-11, 1.106354e-13, 4.830706e-10, 2.693679e-13, 2.475420e-09, 1.031269e-09, 4.578614e-11, 2.767020e-12, 2.022687e-09, 5.206964e-13, 1.661363e-15, 7.643764e-15, 2.990647e-15, 5.671777e-16, 6.944755e-18, 4.719100e-18, 1.865836e-02, 6.026950e+00, 2.074002e+01, 2.318107e+01
3.870000e-01, 8.712324e-01, 1.130973e+00, 1.017876e-01, 1.130973e+00, 2.878795e-01, 1.766800e-01, 3.304684e+03, 1.749266e+03, 2.501106e+04, 1.749266e+03, 4.700009e+06, 2.968553e-03, 2.993785e-01, 1.856174e-05, 2.368837e-11, 2.949935e-01, 1.231869e-06, 1.399151e-13, 3.164061e-01, 8.621025e-02, 2.085184e-05, 2.645485e-08, 8.255017e-09, 1.929456e-06, 1.911638e-07, 2.989426e-07, 1.134534e-11, 1.108496e-13, 4.847744e-10, 2.683520e-13, 1.865373e-09, 1.029088e-09, 4.606046e-11, 2.777519e-12, 2.027226e-09, 5.183262e-13, 1.603408e-15, 7.543511e-15, 2.956655e-15, 5.692570e-16, 6.280814e-18, 4.245303e-18, 1.865837e-02, 6.029507e+00, 2.088136e+01, 2.332080e+01
3.990000e-01, 9.129254e-01, 1.130973e+00, 1.017876e-01, 1.130973e+00, 2.877574e-01, 1.766800e-01, 2.294216e+03, 1.748524e+03, 2.501106e+04, 1.748524e+03, 4.700009e+06, 2.968554e-03, 2.994168e-01, 1.844104e-05, 2.317727e-11, 2.949552e-01, 1.221393e-06, 1.374201e-13, 3.163676e-01, 8.624879e-02, 2.099420e-05, 2.646038e-08, 8.280800e-09, 1.929726e-06, 1.903073e-07, 2.991353e-07, 1.146274e-11, 1.111895e-13, 4.871069e-10, 2.676342e-13, 1.445858e-09, 1.028104e-09, 4.633651e-11, 2.788704e-12, 2.031760e-09, 5.163373e-13, 1.608785e-15, 7.559642e-15, 2.962576e-15, 5.691236e-16, 5.572471e-18, 3.749587e-18, 1.865837e-02, 6.032066e+00, 2.102372e+01, 2.346195e+01
4.110000e-01, 9.546360e-01, 1.130973e+00, 1.017876e-01, 1.130973e+00, 2.876352e-01, 1.766800e-01, 9.251832e+03, 1.747783e+03, 2.501106e+04, 1.747783e+03, 4.700009e+06, 2.968555e-03, 2.994550e-01, 1.832104e-05, 2.271712e-11, 2.949169e-01, 1.210998e-06, 1.350641e-13, 3.163290e-01, 8.628738e-02, 2.113692e-05, 2.646455e-08, 8.306544e-09, 1.929996e-06, 1.894539e-07, 2.993281e-07, 1.159125e-11, 1.116097e-13, 4.898770e-10, 2.670704e-13, 1.143248e-09, 1.027793e-09, 4.661255e-11, 2.800214e-12, 2.036219e-09, 5.145127e-13, 1.692190e-15, 7.715601e-15, 3.016070e-15, 5.657367e-16, 4.730896e-18, 3.171343e-18, 1.865838e-02, 6.034627e+00, 2.116645e+01, 2.360370e+01
4.230000e-01, 9.963644e-01, 1.130973e+00, 1.017876e-01, 1.130973e+00, 2.875131e-01, 1.766800e-01, 1.014548e+04, 1.747041e+03, 2.501106e+04, 1.747041e+03, 4.700009e+06, 2.968556e-03, 2.994934e-01, 1.820172e-05, 2.230385e-11, 2.948786e-01, 1.200682e-06, 1.328390e-13, 3.162903e-01, 8.632602e-02, 2.128087e-05, 2.646929e-08, 8.332450e-09, 1.930266e-06, 1.886037e-07, 2.995212e-07, 1.171934e-11, 1.120834e-13, 4.928550e-10, 2.667022e-13, 9.451586e-10, 1.028152e-09, 4.689145e-11, 2.812190e-12, 2.040726e-09, 5.129990e-13, 1.723382e-15, 7.781371e-15, 3.039417e-15, 5.652894e-16, 4.187737e-18, 2.799323e-18, 1.865839e-02, 6.037191e+00, 2.131041e+01, 2.374689e+01
4.350000e-01, 1.038110e+00, 1.130973e+00, 1.017876e-01, 1.130973e+00, 2.873909e-01, 1.766800e-01, 9.962148e+03, 1.746300e+03, 2.501106e+04, 1.746300e+03, 4.700009e+06, 2.968557e-03, 2.995318e-01, 1.808309e-05, 2.190540e-11, 2.948402e-01, 1.190445e-06, 1.306674e-13, 3.162516e-01, 8.636471e-02, 2.142522e-05, 2.647329e-08, 8.358382e-09, 1.930537e-06, 1.877567e-07, 2.997144e-07, 1.184808e-11, 1.125673e-13, 4.958826e-10, 2.663653e-13, 7.722245e-10, 1.028615e-09, 4.717085e-11, 2.824219e-12, 2.045186e-09, 5.115305e-13, 1.747377e-15, 7.834663e-15, 3.058610e-15, 5.653193e-16, 3.754745e-18, 2.506034e-18, 1.865839e-02, 6.039757e+00, 2.145477e+01, 2.389053e+01
4.470000e-01, 1.079874e+00, 1.130973e+00, 1.017876e-01, 1.130973e+00, 2.872688e-01, 1.766800e-01, 9.280855e+03, 1.745558e+03, 2.501106e+04, 1.745558e+03, 4.700009e+06, 2.968558e-03, 2.995702e-01, 1.796513e-05, 2.152443e-11, 2.948017e-01, 1.180288e-06, 1.285555e-13, 3.162129e-01, 8.640345e-02, 2.157035e-05, 2.647691e-08, 8.384381e-09, 1.930808e-06, 1.869127e-07, 2.999079e-07, 1.197820e-11, 1.130688e-13, 4.989962e-10, 2.660773e-13, 6.311430e-10, 1.029259e-09, 4.745161e-11, 2.836380e-12, 2.049633e-09, 5.101348e-13, 1.765196e-15, 7.879058e-15, 3.075035e-15, 5.658169e-16, 3.418505e-18, 2.276604e-18, 1.865840e-02, 6.042324e+00, 2.159991e+01, 2.403503e+01
4.590000e-01, 1.121656e+00, 1.130973e+00, 1.017876e-01, 1.130973e+00, 2.871467e-01, 1.766800e-01, 8.528220e+03, 1.744817e+03, 2.501106e+04, 1.744817e+03, 4.700009e+06, 2.968559e-03, 2.996087e-01, 1.784783e-05, 2.116391e-11, 2.947632e-01, 1.170207e-06, 1.265098e-13, 3.161741e-01, 8.644223e-02, 2.171669e-05, 2.648054e-08, 8.410492e-09, 1.931080e-06, 1.860718e-07, 3.001015e-07, 1.211047e-11, 1.135960e-13, 5.022347e-10, 2.658574e-13, 5.293952e-10, 1.030164e-09, 4.773459e-11, 2.848762e-12, 2.054098e-09, 5.088411e-13, 1.777982e-15, 7.918398e-15, 3.090170e-15, 5.667703e-16, 3.165392e-18, 2.095961e-18, 1.865841e-02, 6.044894e+00, 2.174626e+01, 2.418082e+01
4.710000e-01, 1.163455e+00, 1.130973e+00, 1.017876e-01, 1.130973e+00, 2.870245e-01, 1.766800e-01, 6.767479e+03, 1.744075e+03, 2.501106e+04, 1.744075e+03, 4.700009e+06, 2.968560e-03, 2.996472e-01, 1.773119e-05, 2.080425e-11, 2.947247e-01, 1.160203e-06, 1.244837e-13, 3.161353e-01, 8.648108e-02, 2.186402e-05, 2.648397e-08, 8.436693e-09, 1.931352e-06, 1.852338e-07, 3.002954e-07, 1.224256e-11, 1.141175e-13, 5.054491e-10, 2.656221e-13, 4.178745e-10, 1.031009e-09, 4.801931e-11, 2.861169e-12, 2.058564e-09, 5.075357e-13, 1.777914e-15, 7.938069e-15, 3.098947e-15, 5.683671e-16, 2.996841e-18, 1.963287e-18, 1.865841e-02, 6.047467e+00, 2.189361e+01, 2.432759e+01
4.830000e-01, 1.205272e+00, 1.130973e+00, 1.017876e-01, 1.130973e+00, 2.869024e-01, 1.766800e-01, 6.903511e+03, 1.743334e+03, 2.501106e+04, 1.743334e+03, 4.700009e+06, 2.968561e-03, 2.996858e-01, 1.761522e-05, 2.046197e-11, 2.946861e-01, 1.150277e-06, 1.225153e-13, 3.160964e-01, 8.651997e-02, 2.201259e-05, 2.648748e-08, 8.463007e-09, 1.931624e-06, 1.843990e-07, 3.004894e-07, 1.237860e-11, 1.146641e-13, 5.087997e-10, 2.654346e-13, 3.398313e-10, 1.032050e-09, 4.830618e-11, 2.873757e-12, 2.063049e-09, 5.062887e-13, 1.789311e-15, 7.976474e-15, 3.114025e-15, 5.695336e-16, 2.835381e-18, 1.842487e-18, 1.865842e-02, 6.050042e+00, 2.204219e+01, 2.447566e+01
4.950000e-01, 1.247107e+00, 1.130973e+00, 1.017876e-01, 1.130973e+00, 2.867802e-01, 1.766800e-01, 8.554214e+03, 1.742592e+03, 2.501106e+04, 1.742592e+03, 4.700009e+06, 2.968562e-03, 2.997244e-01, 1.749991e-05, 2.012715e-11, 2.946474e-01, 1.140426e-06, 1.205808e-13, 3.160574e-01, 8.655891e-02, 2.216244e-05, 2.649109e-08, 8.489439e-09, 1.931897e-06, 1.835671e-07, 3.006836e-07, 1.251759e-11, 1.152211e-13, 5.122183e-10, 2.652551e-13, 2.704454e-10, 1.033136e-09, 4.859527e-11, 2.886450e-12, 2.067556e-09, 5.050472e-13, 1.808384e-15, 8.027162e-15, 3.133218e-15, 5.703619e-16, 2.675409e-18, 1.726499e-18, 1.865843e-02, 6.052619e+00, 2.219205e+01, 2.462503e+01
5.070000e-01, 1.288960e+00, 1.130973e+00, 1.017876e-01, 1.130973e+00, 2.866580e-01, 1.766800e-01, 1.134580e+04, 1.741850e+03, 2.501106e+04, 1.741850e+03, 4.700009e+06, 2.968563e-03, 2.997631e-01, 1.738525e-05, 1.979872e-11, 2.946087e-01, 1.130652e-06, 1.186774e-13, 3.160184e-01, 8.659791e-02, 2.231358e-05, 2.649482e-08, 8.515992e-09, 1.932170e-06, 1.827383e-07, 3.008781e-07, 1.265941e-11, 1.157871e-13, 5.156969e-10, 2.650802e-13, 2.071081e-10, 1.034254e-09, 4.888661e-11, 2.899241e-12, 2.072087e-09, 5.038071e-13, 1.834412e-15, 8.088822e-15, 3.156075e-15, 5.708800e-16, 2.514272e-18, 1.613238e-18, 1.865843e-02, 6.055198e+00, 2.234320e+01, 2.477571e+01
5.190000e-01, 1.330831e+00, 1.130973e+00, 1.017876e-01, 1.130973e+00, 2.865359e-01, 1.766800e-01, 1.306962e+04, 1.741109e+03, 2.501106e+04, 1.741109e+03, 4.700009e+06, 2.968564e-03, 2.998018e-01, 1.727125e-05, 1.948198e-11, 2.945700e-01, 1.120953e-06, 1.168183e-13, 3.159794e-01, 8.663695e-02, 2.246579e-05, 2.649849e-08, 8.542645e-09, 1.932444e-06, 1.819126e-07, 3.010727e-07, 1.280303e-11, 1.163658e-13, 5.192428e-10, 2.649355e-13, 1.623061e-10, 1.035484e-09, 4.917983e-11, 2.912155e-12, 2.076625e-09, 5.026131e-13, 1.857689e-15, 8.146415e-15, 3.177673e-15, 5.716464e-16, 2.399194e-18, 1.530203e-18, 1.865844e-02, 6.057780e+00, 2.249543e+01, 2.492751e+01
5.310000e-01, 1.372719e+00, 1.130973e+00, 1.017876e-01, 1.130973e+00, 2.864137e-01, 1.766800e-01, 1.416684e+04, 1.740367e+03, 2.501106e+04, 1.740367e+03, 4.700009e+06, 2.968565e-03, 2.998406e-01, 1.715790e-05, 1.917400e-11, 2.945312e-01, 1.111328e-06, 1.149959e-13, 3.159403e-01, 8.667605e-02, 2.261918e-05, 2.650219e-08, 8.569410e-09, 1.932718e-06, 1.810898e-07, 3.012675e-07, 1.294885e-11, 1.169548e-13, 5.228484e-10, 2.648084e-13, 1.291605e-10, 1.036785e-09, 4.947511e-11, 2.925178e-12, 2.081179e-09, 5.014445e-13, 1.882032e-15, 8.205618e-15, 3.199841e-15, 5.724357e-16, 2.304779e-18, 1.462214e-18, 1.865845e-02, 6.060364e+00, 2.264883e+01, 2.508050e+01
5.430000e-01, 1.414626e+00, 1.130973e+00, 1.017876e-01, 1.130973e+00, 2.862916e-01, 1.766800e-01, 1.417985e+04, 1.739625e+03, 2.501106e+04, 1.739625e+03, 4.700009e+06, 2.968566e-03, 2.998794e-01, 1.704520e-05, 1.887451e-11, 2.944924e-01, 1.101778e-06, 1.132095e-13, 3.159011e-01, 8.671519e-02, 2.277374e-05, 2.650593e-08, 8.596286e-09, 1.932992e-06, 1.802701e-07, 3.014624e-07, 1.309678e-11, 1.175537e-13, 5.265111e-10, 2.646988e-13, 1.071456e-10, 1.038155e-09, 4.977244e-11, 2.938307e-12, 2.085750e-09, 5.003019e-13, 1.906821e-15, 8.265311e-15, 3.222193e-15, 5.732796e-16, 2.229456e-18, 1.408092e-18, 1.865845e-02, 6.062950e+00, 2.280341e+01, 2.523470e+01
5.550000e-01, 1.456550e+00, 1.130973e+00, 1.017876e-01, 1.130973e+00, 2.861694e-01, 1.766800e-01, 1.262936e+04, 1.738883e+03, 2.501106e+04, 1.738883e+03, 4.700009e+06, 2.968568e-03, 2.999182e-01, 1.693314e-05, 1.858329e-11, 2.944535e-01, 1.092302e-06, 1.114584e-13, 3.158619e-01, 8.675439e-02, 2.292948e-05, 2.650971e-08, 8.623274e-09, 1.933267e-06, 1.794534e-07, 3.016576e-07, 1.324676e-11, 1.181619e-13, 5.302282e-10, 2.646065e-13, 9.573578e-11, 1.039591e-09, 5.007184e-11, 2.951543e-12, 2.090336e-09, 4.991861e-13, 1.931437e-15, 8.324376e-15, 3.244342e-15, 5.742099e-16, 2.171654e-18, 1.366660e-18, 1.865846e-02, 6.065538e+00, 2.295916e+01, 2.539010e+01
5.670000e-01, 1.498492e+00, 1.130973e+00, 1.017876e-01, 1.130973e+00, 2.860472e-01, 1.766800e-01, 9.124605e+03, 1.738142e+03, 2.501106e+04, 1.738142e+03, 4.700009e+06, 2.968569e-03, 2.999571e-01, 1.682173e-05, 1.830000e-11, 2.944145e-01, 1.082899e-06, 1.097415e-13, 3.158227e-01, 8.679364e-02, 2.308639e-05, 2.651355e-08, 8.650375e-09, 1.933542e-06, 1.786397e-07, 3.018530e-07, 1.339870e-11, 1.187790e-13, 5.339965e-10, 2.645311e-13, 9.415063e-11, 1.041089e-09, 5.037330e-11, 2.964881e-12, 2.094938e-09, 4.980972e-13, 1.955315e-15, 8.381814e-15, 3.265946e-15, 5.752537e-16, 2.129670e-18, 1.336609e-18, 1.865847e-02, 6.068129e+00, 2.311608e+01, 2.554670e+01
5.790000e-01, 1.540452e+00, 1.130973e+00, 1.017876e-01, 1.130973e+00, 2.859250e-01, 1.766800e-01, 8.658641e+03, 1.737400e+03, 2.501106e+04, 1.737400e+03, 4.700009e+06, 2.968570e-03, 2.999961e-01, 1.671094e-05, 1.801947e-11, 2.943756e-01, 1.073568e-06, 1.080465e-13, 3.157834e-01, 8.683294e-02, 2.324455e-05, 2.651730e-08, 8.677584e-09, 1.933817e-06, 1.778290e-07, 3.020485e-07, 1.355255e-11, 1.193983e-13, 5.377899e-10, 2.644485e-13, 8.902162e-11, 1.042570e-09, 5.067686e-11, 2.978282e-12, 2.099551e-09, 4.969974e-13, 1.980711e-15, 8.442670e-15, 3.288802e-15, 5.762082e-16, 2.095340e-18, 1.310188e-18, 1.865847e-02, 6.070722e+00, 2.327426e+01, 2.570454e+01
5.910000e-01, 1.582430e+00, 1.130973e+00, 1.017876e-01, 1.130973e+00, 2.858028e-01, 1.766800e-01, 8.235861e+03, 1.736658e+03, 2.501106e+04, 1.736658e+03, 4.700009e+06, 2.968571e-03, 3.000351e-01, 1.660079e-05, 1.774356e-11, 2.943365e-01, 1.064309e-06, 1.063777e-13, 3.157440e-01, 8.687229e-02, 2.340393e-05, 2.652105e-08, 8.704904e-09, 1.934093e-06, 1.770212e-07, 3.022443e-07, 1.370823e-11, 1.200220e-13, 5.416157e-10, 2.643687e-13, 8.528379e-11, 1.044065e-09, 5.098252e-11, 2.991759e-12, 2.104177e-09, 4.959040e-13, 2.005781e-15, 8.503203e-15, 3.311595e-15, 5.772050e-16, 2.069897e-18, 1.289014e-18, 1.865848e-02, 6.073317e+00, 2.343365e+01, 2.586361e+01
6.030000e-01, 1.624426e+00, 1.130973e+00, 1.017876e-01, 1.130973e+00, 2.856807e-01, 1.766800e-01, 7.814350e+03, 1.735916e+03, 2.501106e+04, 1.735916e+03, 4.700009e+06, 2.968572e-03, 3.000742e-01, 1.649127e-05, 1.747149e-11, 2.942974e-01, 1.055122e-06, 1.047330e-13, 3.157046e-01, 8.691170e-02, 2.356453e-05, 2.652477e-08, 8.732334e-09, 1.934370e-06, 1.762163e-07, 3.024403e-07, 1.386567e-11, 1.206491e-13, 5.454686e-10, 2.642891e-13, 8.100709e-11, 1.045562e-09, 5.129027e-11, 3.005309e-12, 2.108816e-09, 4.948133e-13, 2.030221e-15, 8.562968e-15, 3.334178e-15, 5.782502e-16, 2.051047e-18, 1.271190e-18, 1.865849e-02, 6.075915e+00, 2.359426e+01, 2.602390e+01
6.150000e-01, 1.666440e+00, 1.130973e+00, 1.017876e-01, 1.130973e+00, 2.855585e-01, 1.766800e-01, 7.313547e+03, 1.735174e+03, 2.501106e+04, 1.735174e+03, 4.700009e+06, 2.968573e-03, 3.001133e-01, 1.638238e-05, 1.720247e-11, 2.942583e-01, 1.046005e-06, 1.031103e-13, 3.156651e-01, 8.695116e-02, 2.372636e-05, 2.652846e-08, 8.759875e-09, 1.934647e-06, 1.754144e-07, 3.026364e-07, 1.402478e-11, 1.212783e-13, 5.493434e-10, 2.642070e-13, 7.426148e-11, 1.047053e-09, 5.160011e-11, 3.018924e-12, 2.113466e-09, 4.937219e-13, 2.053724e-15, 8.621519e-15, 3.356403e-15, 5.793497e-16, 2.036498e-18, 1.254819e-18, 1.865850e-02, 6.078515e+00, 2.375611e+01, 2.618542e+01
6.270000e-01, 1.708472e+00, 1.130973e+00, 1.017876e-01, 1.130973e+00, 2.854362e-01, 1.766800e-01, 6.614343e+03, 1.734433e+03, 2.501106e+04, 1.734433e+03, 4.700009e+06, 2.968574e-03, 3.001524e-01, 1.627411e-05, 1.693574e-11, 2.942191e-01, 1.036960e-06, 1.015077e-13, 3.156256e-01, 8.699067e-02, 2.388942e-05, 2.653211e-08, 8.787527e-09, 1.934924e-06, 1.746154e-07, 3.028328e-07, 1.418550e-11, 1.219086e-13, 5.532348e-10, 2.641196e-13, 6.311689e-11, 1.048525e-09, 5.191207e-11, 3.032599e-12, 2.118129e-09, 4.926265e-13, 2.075986e-15, 8.678411e-15, 3.378124e-15, 5.805099e-16, 2.023959e-18, 1.238004e-18, 1.865850e-02, 6.081117e+00, 2.391919e+01, 2.634817e+01
6.390000e-01, 1.750522e+00, 1.130973e+00, 1.017876e-01, 1.130973e+00, 2.853140e-01, 1.766800e-01, 6.473342e+03, 1.733691e+03, 2.501106e+04, 1.733691e+03, 4.700009e+06, 2.968575e-03, 3.001916e-01, 1.616646e-05, 1.667561e-11, 2.941798e-01, 1.027984e-06, 9.993501e-14, 3.155860e-01, 8.703023e-02, 2.405369e-05, 2.653571e-08, 8.815285e-09, 1.935201e-06, 1.738194e-07, 3.030294e-07, 1.434851e-11, 1.225464e-13, 5.571756e-10, 2.640411e-13, 5.940456e-11, 1.050036e-09, 5.222606e-11, 3.046361e-12, 2.122801e-09, 4.915434e-13, 2.099731e-15, 8.737470e-15, 3.400584e-15, 5.816445e-16, 2.022201e-18, 1.229306e-18, 1.865851e-02, 6.083722e+00, 2.408348e+01, 2.651215e+01
6.510000e-01, 1.792590e+00, 1.130973e+00, 1.017876e-01, 1.130973e+00, 2.851918e-01, 1.766800e-01, 6.816981e+03, 1.732949e+03, 2.501106e+04, 1.732949e+03, 4.700009e+06, 2.968577e-03, 3.002309e-01, 1.605944e-05, 1.642133e-11, 2.941405e-01, 1.019079e-06, 9.839017e-14, 3.155464e-01, 8.706985e-02, 2.421917e-05, 2.653925e-08, 8.843150e-09, 1.935479e-06, 1.730263e-07, 3.032261e-07, 1.451374e-11, 1.231908e-13, 5.611608e-10, 2.639690e-13, 6.125887e-11, 1.051575e-09, 5.254209e-11, 3.060205e-12, 2.127482e-09, 4.904693e-13, 2.124667e-15, 8.798270e-15, 3.423642e-15, 5.827594e-16, 2.028984e-18, 1.226877e-18, 1.865852e-02, 6.086329e+00, 2.424897e+01, 2.667735e+01
6.630000e-01, 1.834676e+00, 1.130973e+00, 1.017876e-01, 1.130973e+00, 2.850696e-01, 1.766800e-01, 7.370569e+03, 1.732207e+03, 2.501106e+04, 1.732207e+03, 4.700009e+06, 2.968578e-03, 3.002702e-01, 1.595303e-05, 1.617132e-11, 2.941012e-01, 1.010244e-06, 9.686934e-14, 3.155067e-01, 8.710951e-02, 2.438588e-05, 2.654272e-08, 8.871122e-09, 1.935758e-06, 1.722362e-07, 3.034231e-07, 1.468099e-11, 1.238393e-13, 5.651790e-10, 2.638978e-13, 6.455651e-11, 1.053121e-09, 5.286017e-11, 3.074119e-12, 2.132171e-09, 4.893976e-13, 2.150007e-15, 8.859684e-15, 3.446929e-15, 5.838752e-16, 2.040251e-18, 1.227153e-18, 1.865852e-02, 6.088938e+00, 2.441569e+01, 2.684378e+01
6.750000e-01, 1.876780e+00, 1.130973e+00, 1.017876e-01, 1.130973e+00, 2.849474e-01, 1.766800e-01, 8.084164e+03, 1.731465e+03, 2.501106e+04, 1.731465e+03, 4.700009e+06, 2.968579e-03, 3.003095e-01, 1.584725e-05, 1.592540e-11, 2.940618e-01, 1.001477e-06, 9.537191e-14, 3.154670e-01, 8.714923e-02, 2.455380e-05, 2.654611e-08, 8.899201e-09, 1.936036e-06, 1.714490e-07, 3.036202e-07, 1.485028e-11, 1.244917e-13, 5.692296e-10, 2.638268e-13, 6.902313e-11, 1.054672e-09, 5.318032e-11, 3.088102e-12, 2.136869e-09, 4.883273e-13, 2.175808e-15, 8.921781e-15, 3.470465e-15, 5.849871e-16, 2.055042e-18, 1.229495e-18, 1.865853e-02, 6.091550e+00, 2.458363e+01, 2.701144e+01
6.870000e-01, 1.918902e+00, 1.130973e+00, 1.017876e-01, 1.130973e+00, 2.848252e-01, 1.766800e-01, 8.887868e+03, 1.730723e+03, 2.501106e+04, 1.730723e+03, 4.700009e+06, 2.968580e-03, 3.003489e-01, 1.574207e-05, 1.568341e-11, 2.940224e-01, 9.927796e-07, 9.389730e-14, 3.154272e-01, 8.718900e-02, 2.472296e-05, 2.654942e-08, 8.927386e-09, 1.936315e-06, 1.706648e-07, 3.038175e-07, 1.502163e-11, 1.251480e-13, 5.733119e-10, 2.637554e-13, 7.438438e-11, 1.056224e-09, 5.350251e-11, 3.102152e-12, 2.141574e-09, 4.872572e-13, 2.202130e-15, 8.984630e-15, 3.494270e-15, 5.860900e-16, 2.072396e-18, 1.233265e-18, 1.865854e-02, 6.094163e+00, 2.475280e+01, 2.718033e+01
6.990000e-01, 1.961042e+00, 1.130973e+00, 1.017876e-01, 1.130973e+00, 2.847030e-01, 1.766800e-01, 9.691777e+03, 1.729981e+03, 2.501106e+04, 1.729981e+03, 4.700009e+06, 2.968581e-03, 3.003884e-01, 1.563751e-05, 1.544518e-11, 2.939829e-01, 9.841500e-07, 9.244490e-14, 3.153874e-01, 8.722882e-02, 2.489334e-05, 2.655263e-08, 8.955676e-09, 1.936595e-06, 1.698835e-07, 3.040150e-07, 1.519505e-11, 1.258078e-13, 5.774251e-10, 2.636829e-13, 8.036592e-11, 1.057777e-09, 5.382676e-11, 3.116267e-12, 2.146286e-09, 4.861863e-13, 2.229032e-15, 9.048298e-15, 3.518364e-15, 5.871790e-16, 2.091352e-18, 1.237824e-18, 1.865855e-02, 6.096779e+00, 2.492320e+01, 2.735046e+01
7.110000e-01, 2.003200e+00, 1.130973e+00, 1.017876e-01, 1.130973e+00, 2.845808e-01, 1.766800e-01, 1.038594e+04, 1.729239e+03, 2.501106e+04, 1.729239e+03, 4.700009e+06, 2.968582e-03, 3.004278e-01, 1.553356e-05, 1.521056e-11, 2.939434e-01, 9.755881e-07, 9.101412e-14, 3.153475e-01, 8.726869e-02, 2.506496e-05, 2.655573e-08, 8.984072e-09, 1.936875e-06, 1.691051e-07, 3.042127e-07, 1.537057e-11, 1.264709e-13, 5.815688e-10, 2.636086e-13, 8.669340e-11, 1.059326e-09, 5.415305e-11, 3.130445e-12, 2.151005e-09, 4.851136e-13, 2.256573e-15, 9.112855e-15, 3.542768e-15, 5.882491e-16, 2.110948e-18, 1.242534e-18, 1.865855e-02, 6.099397e+00, 2.509483e+01, 2.752182e+01
7.230000e-01, 2.045377e+00, 1.130973e+00, 1.017876e-01, 1.130973e+00, 2.844586e-01, 1.766800e-01, 1.084029e+04, 1.728497e+03, 2.501106e+04, 1.728497e+03, 4.700009e+06, 2.968584e-03, 3.004674e-01, 1.543021e-05, 1.497937e-11, 2.939038e-01, 9.670935e-07, 8.960437e-14, 3.153076e-01, 8.730861e-02, 2.523781e-05, 2.655873e-08, 9.012573e-09, 1.937155e-06, 1.683297e-07, 3.044106e-07, 1.554819e-11, 1.271373e-13, 5.857421e-10, 2.635318e-13, 9.309247e-11, 1.060869e-09, 5.448138e-11, 3.144685e-12, 2.155728e-09, 4.840380e-13, 2.284812e-15, 9.178368e-15, 3.567500e-15, 5.892953e-16, 2.130224e-18, 1.246755e-18, 1.865856e-02, 6.102018e+00, 2.526770e+01, 2.769442e+01
7.350000e-01, 2.087571e+00, 1.130973e+00, 1.017876e-01, 1.130973e+00, 2.843364e-01, 1.766800e-01, 1.090464e+04, 1.727755e+03, 2.501106e+04, 1.727755e+03, 4.700009e+06, 2.968585e-03, 3.005070e-01, 1.532747e-05, 1.475146e-11, 2.938641e-01, 9.586657e-07, 8.821506e-14, 3.152676e-01, 8.734858e-02, 2.541190e-05, 2.656160e-08, 9.041178e-09, 1.937436e-06, 1.675571e-07, 3.046087e-07, 1.572795e-11, 1.278066e-13, 5.899444e-10, 2.634519e-13, 9.928878e-11, 1.062405e-09, 5.481175e-11, 3.158983e-12, 2.160457e-09, 4.829585e-13, 2.313807e-15, 9.244906e-15, 3.592581e-15, 5.903126e-16, 2.148217e-18, 1.249850e-18, 1.865857e-02, 6.104640e+00, 2.544180e+01, 2.786826e+01
7.470000e-01, 2.129784e+00, 1.130973e+00, 1.017876e-01, 1.130973e+00, 2.842142e-01, 1.766800e-01, 1.040861e+04, 1.727014e+03, 2.501106e+04, 1.727014e+03, 4.700009e+06, 2.968586e-03, 3.005466e-01, 1.522532e-05, 1.452665e-11, 2.938244e-01, 9.503044e-07, 8.684558e-14, 3.152276e-01, 8.738860e-02, 2.558722e-05, 2.656434e-08, 9.069887e-09, 1.937717e-06, 1.667875e-07, 3.048070e-07, 1.590985e-11, 1.284787e-13, 5.941750e-10, 2.633682e-13, 1.050080e-10, 1.063930e-09, 5.514415e-11, 3.173340e-12, 2.165189e-09, 4.818740e-13, 2.343618e-15, 9.312537e-15, 3.618031e-15, 5.912961e-16, 2.163969e-18, 1.251179e-18, 1.865858e-02, 6.107265e+00, 2.561714e+01, 2.804334e+01
7.590000e-01, 2.172015e+00, 1.130973e+00, 1.017876e-01, 1.130973e+00, 2.840920e-01, 1.766800e-01, 9.662669e+03, 1.726272e+03, 2.501106e+04, 1.726272e+03, 4.700009e+06, 2.968587e-03, 3.005863e-01, 1.512378e-05, 1.430487e-11, 2.937847e-01, 9.420087e-07, 8.549561e-14, 3.151875e-01, 8.742868e-02, 2.576381e-05, 2.656697e-08, 9.098703e-09, 1.937998e-06, 1.660208e-07, 3.050054e-07, 1.609391e-11, 1.291537e-13, 5.984341e-10, 2.632811e-13, 1.100783e-10, 1.065447e-09, 5.547865e-11, 3.187757e-12, 2.169927e-09, 4.807856e-13, 2.374051e-15, 9.380966e-15, 3.643754e-15, 5.922578e-16, 2.178033e-18, 1.251272e-18, 1.865858e-02, 6.109892e+00, 2.579374e+01, 2.821969e+01
7.710000e-01, 2.214263e+00, 1.130973e+00, 1.017876e-01, 1.130973e+00, 2.839697e-01, 1.766800e-01, 1.147381e+04, 1.725530e+03, 2.501106e+04, 1.725530e+03, 4.700009e+06, 2.968589e-03, 3.006260e-01, 1.502279e-05, 1.408642e-11, 2.937449e-01, 9.337764e-07, 8.416620e-14, 3.151473e-01, 8.746882e-02, 2.594184e-05, 2.656967e-08, 9.127652e-09, 1.938280e-06, 1.652567e-07, 3.052041e-07, 1.628013e-11, 1.298329e-13, 6.027256e-10, 2.631971e-13, 1.148766e-10, 1.066975e-09, 5.581563e-11, 3.202264e-12, 2.174685e-09, 4.797056e-13, 2.403562e-15, 9.447954e-15, 3.669029e-15, 5.933005e-16, 2.199084e-18, 1.256915e-18, 1.865859e-02, 6.112522e+00, 2.597179e+01, 2.839749e+01
7.830000e-01, 2.256531e+00, 1.130973e+00, 1.017876e-01, 1.130973e+00, 2.838475e-01, 1.766800e-01, 1.294459e+04, 1.724787e+03, 2.501106e+04, 1.724787e+03, 4.700009e+06, 2.968590e-03, 3.006658e-01, 1.492240e-05, 1.387077e-11, 2.937051e-01, 9.256085e-07, 8.285548e-14, 3.151071e-01, 8.750901e-02, 2.612119e-05, 2.657229e-08, 9.156713e-09, 1.938562e-06, 1.644954e-07, 3.054030e-07, 1.646854e-11, 1.305149e-13, 6.070453e-10, 2.631100e-13, 1.186262e-10, 1.068494e-09, 5.615478e-11, 3.216834e-12, 2.179452e-09, 4.786227e-13, 2.433447e-15, 9.515349e-15, 3.694448e-15, 5.943360e-16, 2.218727e-18, 1.261741e-18, 1.865860e-02, 6.115155e+00, 2.615115e+01, 2.857659e+01
7.950000e-01, 2.298816e+00, 1.130973e+00, 1.017876e-01, 1.130973e+00, 2.837252e-01, 1.766800e-01, 1.380804e+04, 1.724045e+03, 2.501106e+04, 1.724045e+03, 4.700009e+06, 2.968591e-03, 3.007056e-01, 1.482258e-05, 1.365778e-11, 2.936652e-01, 9.175045e-07, 8.156291e-14, 3.150669e-01, 8.754925e-02, 2.630185e-05, 2.657483e-08, 9.185887e-09, 1.938845e-06, 1.637370e-07, 3.056021e-07, 1.665917e-11, 1.311995e-13, 6.113927e-10, 2.630194e-13, 1.210780e-10, 1.070003e-09, 5.649611e-11, 3.231468e-12, 2.184226e-09, 4.775363e-13, 2.463702e-15, 9.583131e-15, 3.720001e-15, 5.953635e-16, 2.236377e-18, 1.265401e-18, 1.865861e-02, 6.117790e+00, 2.633182e+01, 2.875702e+01
8.070000e-01, 2.341120e+00, 1.130973e+00, 1.017876e-01, 1.130973e+00, 2.836030e-01, 1.766800e-01, 1.376065e+04, 1.723303e+03, 2.501106e+04, 1.723303e+03, 4.700009e+06, 2.968592e-03, 3.007455e-01, 1.472334e-05, 1.344729e-11, 2.936252e-01, 9.094637e-07, 8.028798e-14, 3.150265e-01, 8.758955e-02, 2.648384e-05, 2.657728e-08, 9.215174e-09, 1.939128e-06, 1.629813e-07, 3.058014e-07, 1.685201e-11, 1.318867e-13, 6.157673e-10, 2.629249e-13, 1.219828e-10, 1.071501e-09, 5.683965e-11, 3.246164e-12, 2.189008e-09, 4.764460e-13, 2.494325e-15, 9.651278e-15, 3.745680e-15, 5.963823e-16, 2.251444e-18, 1.267542e-18, 1.865862e-02, 6.120427e+00, 2.651383e+01, 2.893878e+01
8.190000e-01, 2.383441e+00, 1.130973e+00, 1.017876e-01, 1.130973e+00, 2.834807e-01, 1.766800e-01, 1.246253e+04, 1.722561e+03, 2.501106e+04, 1.722561e+03, 4.700009e+06, 2.968593e-03, 3.007855e-01, 1.462467e-05, 1.323917e-11, 2.935852e-01, 9.014858e-07, 7.903015e-14, 3.149862e-01, 8.762991e-02, 2.666717e-05, 2.657965e-08, 9.244575e-09, 1.939412e-06, 1.622285e-07, 3.060009e-07, 1.704710e-11, 1.325763e-13, 6.201685e-10, 2.628261e-13, 1.210915e-10, 1.072985e-09, 5.718539e-11, 3.260923e-12, 2.193797e-09, 4.753510e-13, 2.525312e-15, 9.719768e-15, 3.771476e-15, 5.973916e-16, 2.263340e-18, 1.267814e-18, 1.865862e-02, 6.123067e+00, 2.669718e+01, 2.912187e+01
8.310000e-01, 2.425781e+00, 1.130973e+00, 1.017876e-01, 1.130973e+00, 2.833584e-01, 1.766800e-01, 9.537481e+03, 1.721819e+03, 2.501106e+04, 1.721819e+03, 4.700009e+06, 2.968595e-03, 3.008255e-01, 1.452657e-05, 1.303327e-11, 2.935452e-01, 8.935703e-07, 7.778888e-14, 3.149457e-01, 8.767032e-02, 2.685185e-05, 2.658192e-08, 9.274090e-09, 1.939696e-06, 1.614784e-07, 3.062007e-07, 1.724445e-11, 1.332682e-13, 6.245960e-10, 2.627226e-13, 1.181550e-10, 1.074453e-09, 5.753336e-11, 3.275742e-12, 2.198594e-09, 4.742510e-13, 2.556660e-15, 9.788582e-15, 3.797381e-15, 5.983905e-16, 2.271478e-18, 1.265866e-18, 1.865863e-02, 6.125709e+00, 2.688186e+01, 2.930631e+01
8.430000e-01, 2.468140e+00, 1.130973e+00, 1.017876e-01, 1.130973e+00, 2.832361e-01, 1.766800e-01, 4.573092e+03, 1.721076e+03, 2.501106e+04, 1.721076e+03, 4.700009e+06, 2.968596e-03, 3.008655e-01, 1.442903e-05, 1.282944e-11, 2.935050e-01, 8.857165e-07, 7.656366e-14, 3.149053e-01, 8.771079e-02, 2.703788e-05, 2.658410e-08, 9.303720e-09, 1.939980e-06, 1.607310e-07, 3.064006e-07, 1.744407e-11, 1.339622e-13, 6.290491e-10, 2.626140e-13, 1.129242e-10, 1.075906e-09, 5.788356e-11, 3.290623e-12, 2.203398e-09, 4.731454e-13, 2.588366e-15, 9.857699e-15, 3.823386e-15, 5.993782e-16, 2.275270e-18, 1.261346e-18, 1.865864e-02, 6.128354e+00, 2.706791e+01, 2.949211e+01
8.550000e-01, 2.510516e+00, 1.130973e+00, 1.017876e-01, 1.130973e+00, 2.831138e-01, 1.766800e-01, -2.879164e+03, 1.720334e+03, 2.501106e+04, 1.720334e+03, 4.700009e+06, 2.968597e-03, 3.009056e-01, 1.433206e-05, 1.262753e-11, 2.934649e-01, 8.779240e-07, 7.535394e-14, 3.148647e-01, 8.775131e-02, 2.722527e-05, 2.658619e-08, 9.333465e-09, 1.940265e-06, 1.599864e-07, 3.066007e-07, 1.764599e-11, 1.346581e-13, 6.335275e-10, 2.625000e-13, 1.051499e-10, 1.077340e-09, 5.823600e-11, 3.305563e-12, 2.208210e-09, 4.720336e-13, 2.620426e-15, 9.927096e-15, 3.849482e-15, 6.003541e-16, 2.274128e-18, 1.253903e-18, 1.865865e-02, 6.131002e+00, 2.725532e+01, 2.967926e+01
8.670000e-01, 2.552911e+00, 1.130973e+00, 1.017876e-01, 1.130973e+00, 2.829915e-01, 1.766800e-01, -1.330383e+04, 1.719591e+03, 2.501106e+04, 1.719591e+03, 4.700009e+06, 2.968599e-03, 3.009458e-01, 1.423565e-05, 1.242740e-11, 2.934247e-01, 8.701923e-07, 7.415919e-14, 3.148241e-01, 8.779189e-02, 2.741404e-05, 2.658819e-08, 9.363326e-09, 1.940550e-06, 1.592446e-07, 3.068011e-07, 1.785021e-11, 1.353560e-13, 6.380307e-10, 2.623800e-13, 9.458308e-11, 1.078754e-09, 5.859070e-11, 3.320563e-12, 2.213028e-09, 4.709151e-13, 2.652838e-15, 9.996753e-15, 3.875660e-15, 6.013171e-16, 2.267464e-18, 1.243187e-18, 1.865865e-02, 6.133652e+00, 2.744410e+01, 2.986779e+01
8.790000e-01, 2.595325e+00, 1.130973e+00, 1.017876e-01, 1.130973e+00, 2.828692e-01, 1.766800e-01, -2.722137e+04, 1.718849e+03, 2.501106e+04, 1.718849e+03, 4.700009e+06, 2.968600e-03, 3.009860e-01, 1.413979e-05, 1.222891e-11, 2.933844e-01, 8.625209e-07, 7.297889e-14, 3.147835e-01, 8.783253e-02, 2.760418e-05, 2.659009e-08, 9.393303e-09, 1.940836e-06, 1.585055e-07, 3.070017e-07, 1.805676e-11, 1.360555e-13, 6.425580e-10, 2.622538e-13, 8.097451e-11, 1.080147e-09, 5.894767e-11, 3.335622e-12, 2.217854e-09, 4.697895e-13, 2.685599e-15, 1.006665e-14, 3.901913e-15, 6.022666e-16, 2.254690e-18, 1.228845e-18, 1.865866e-02, 6.136304e+00, 2.763426e+01, 3.005769e+01
8.910000e-01, 2.637756e+00, 1.130973e+00, 1.017876e-01, 1.130973e+00, 2.827468e-01, 1.766800e-01, -3.576014e+04, 1.718106e+03, 2.501106e+04, 1.718106e+03, 4.700009e+06, 2.968601e-03, 3.010262e-01, 1.404445e-05, 1.203451e-11, 2.933440e-01, 8.549068e-07, 7.181903e-14, 3.147428e-01, 8.787324e-02, 2.779585e-05, 2.659189e-08, 9.423411e-09, 1.941122e-06, 1.577687e-07, 3.072026e-07, 1.826598e-11, 1.367607e-13, 6.471286e-10, 2.621315e-13, 7.029075e-11, 1.081559e-09, 5.930716e-11, 3.350770e-12, 2.222690e-09, 4.686706e-13, 2.718654e-15, 1.013704e-14, 3.928370e-15, 6.032338e-16, 2.249781e-18, 1.219742e-18, 1.865867e-02, 6.138961e+00, 2.782594e+01, 3.024912e+01
9.030000e-01, 2.680206e+00, 1.130973e+00, 1.017876e-01, 1.130973e+00, 2.826243e-01, 1.766800e-01, -3.816446e+04, 1.717362e+03, 2.501106e+04, 1.717362e+03, 4.700009e+06, 2.968602e-03, 3.010666e-01, 1.394961e-05, 1.184457e-11, 2.933036e-01, 8.473490e-07, 7.068038e-14, 3.147019e-01, 8.791403e-02, 2.798907e-05, 2.659359e-08, 9.453654e-09, 1.941408e-06, 1.570343e-07, 3.074038e-07, 1.847795e-11, 1.374723e-13, 6.517457e-10, 2.620151e-13, 6.354130e-11, 1.082997e-09, 5.966922e-11, 3.366012e-12, 2.227536e-09, 4.675611e-13, 2.751990e-15, 1.020796e-14, 3.955051e-15, 6.042244e-16, 2.255097e-18, 1.217393e-18, 1.865868e-02, 6.141621e+00, 2.801917e+01, 3.044212e+01
9.150000e-01, 2.722675e+00, 1.130973e+00, 1.017876e-01, 1.130973e+00, 2.825018e-01, 1.766800e-01, -4.166406e+04, 1.716618e+03, 2.501106e+04, 1.716618e+03, 4.700009e+06, 2.968604e-03, 3.011070e-01, 1.385530e-05, 1.165724e-11, 2.932631e-01, 8.398486e-07, 6.955814e-14, 3.146611e-01, 8.795489e-02, 2.818376e-05, 2.659518e-08, 9.484023e-09, 1.941696e-06, 1.563024e-07, 3.076053e-07, 1.869247e-11, 1.381874e-13, 6.563962e-10, 2.618970e-13, 5.638678e-11, 1.084431e-09, 6.003371e-11, 3.381329e-12, 2.232390e-09, 4.664507e-13, 2.785636e-15, 1.027921e-14, 3.981856e-15, 6.052165e-16, 2.260469e-18, 1.215382e-18, 1.865869e-02, 6.144285e+00, 2.821388e+01, 3.063660e+01
9.270000e-01, 2.765162e+00, 1.130973e+00, 1.017876e-01, 1.130973e+00, 2.823792e-01, 1.766800e-01, -4.680305e+04, 1.715874e+03, 2.501106e+04, 1.715874e+03, 4.700009e+06, 2.968605e-03, 3.011475e-01, 1.376150e-05, 1.147249e-11, 2.932226e-01, 8.324050e-07, 6.845206e-14, 3.146201e-01, 8.799582e-02, 2.837995e-05, 2.659667e-08, 9.514518e-09, 1.941983e-06, 1.555730e-07, 3.078071e-07, 1.890958e-11, 1.389061e-13, 6.610805e-10, 2.617773e-13, 4.885678e-11, 1.085862e-09, 6.040066e-11, 3.396720e-12, 2.237252e-09, 4.653395e-13, 2.819589e-15, 1.035077e-14, 4.008783e-15, 6.062108e-16, 2.265960e-18, 1.213772e-18, 1.865870e-02, 6.146952e+00, 2.841008e+01, 3.083257e+01
9.390000e-01, 2.807667e+00, 1.130973e+00, 1.017876e-01, 1.130973e+00, 2.822566e-01, 1.766800e-01, -5.419010e+04, 1.715130e+03, 2.501106e+04, 1.715130e+03, 4.700009e+06, 2.968606e-03, 3.011880e-01, 1.366822e-05, 1.129029e-11, 2.931819e-01, 8.250176e-07, 6.736191e-14, 3.145791e-01, 8.803682e-02, 2.857765e-05, 2.659805e-08, 9.545142e-09, 1.942271e-06, 1.548460e-07, 3.080091e-07, 1.912930e-11, 1.396285e-13, 6.657988e-10, 2.616561e-13, 4.098088e-11, 1.087291e-09, 6.077009e-11, 3.412186e-12, 2.242122e-09, 4.642277e-13, 2.853841e-15, 1.042265e-14, 4.035828e-15, 6.072078e-16, 2.271636e-18, 1.212624e-18, 1.865870e-02, 6.149622e+00, 2.860779e+01, 3.103005e+01
9.510000e-01, 2.850191e+00, 1.130973e+00, 1.017876e-01, 1.130973e+00, 2.821339e-01, 1.766800e-01, -6.449816e+04, 1.714385e+03, 2.501106e+04, 1.714385e+03, 4.700009e+06, 2.968608e-03, 3.012286e-01, 1.357545e-05, 1.111062e-11, 2.931413e-01, 8.176857e-07, 6.628744e-14, 3.145380e-01, 8.807789e-02, 2.877686e-05, 2.659932e-08, 9.575894e-09, 1.942560e-06, 1.541215e-07, 3.082115e-07, 1.935167e-11, 1.403545e-13, 6.705516e-10, 2.615336e-13, 3.278867e-11, 1.088717e-09, 6.114202e-11, 3.427728e-12, 2.247001e-09, 4.631155e-13, 2.888389e-15, 1.049482e-14, 4.062990e-15, 6.082082e-16, 2.277562e-18, 1.212000e-18, 1.865871e-02, 6.152296e+00, 2.880702e+01, 3.122906e+01
9.630000e-01, 2.892734e+00, 1.130973e+00, 1.017876e-01, 1.130973e+00, 2.820112e-01, 1.766800e-01, -7.846411e+04, 1.713640e+03, 2.501106e+04, 1.713640e+03, 4.700009e+06, 2.968609e-03, 3.012693e-01, 1.348318e-05, 1.093344e-11, 2.931005e-01, 8.104087e-07, 6.522841e-14, 3.144969e-01, 8.811903e-02, 2.897761e-05, 2.660048e-08, 9.606777e-09, 1.942849e-06, 1.533994e-07, 3.084141e-07, 1.957672e-11, 1.410842e-13, 6.753393e-10, 2.614096e-13, 2.430972e-11, 1.090141e-09, 6.151647e-11, 3.443347e-12, 2.251888e-09, 4.620028e-13, 2.923226e-15, 1.056729e-14, 4.090265e-15, 6.092127e-16, 2.283803e-18, 1.211963e-18, 1.865872e-02, 6.154973e+00, 2.900779e+01, 3.142960e+01
9.750000e-01, 2.935294e+00, 1.130973e+00, 1.017876e-01, 1.130973e+00, 2.818884e-01, 1.766800e-01, -9.688841e+04, 1.712895e+03, 2.501106e+04, 1.712895e+03, 4.700009e+06, 2.968610e-03, 3.013100e-01, 1.339141e-05, 1.075872e-11, 2.930597e-01, 8.031860e-07, 6.418460e-14, 3.144556e-01, 8.816024e-02, 2.917992e-05, 2.660153e-08, 9.637791e-09, 1.943139e-06, 1.526796e-07, 3.086170e-07, 1.980449e-11, 1.418178e-13, 6.801623e-10, 2.612844e-13, 1.557362e-11, 1.091564e-09, 6.189346e-11, 3.459044e-12, 2.256784e-09, 4.608899e-13, 2.958347e-15, 1.064004e-14, 4.117653e-15, 6.102219e-16, 2.290424e-18, 1.212575e-18, 1.865873e-02, 6.157655e+00, 2.921010e+01, 3.163169e+01
9.870000e-01, 2.977874e+00, 1.130973e+00, 1.017876e-01, 1.130973e+00, 2.817655e-01, 1.766800e-01, -1.206348e+05, 1.712149e+03, 2.501106e+04, 1.712149e+03, 4.700009e+06, 2.968612e-03, 3.013509e-01, 1.330014e-05, 1.058644e-11, 2.930188e-01, 7.960170e-07, 6.315576e-14, 3.144143e-01, 8.820153e-02, 2.938378e-05, 2.660247e-08, 9.668938e-09, 1.943429e-06, 1.519623e-07, 3.088203e-07, 2.003499e-11, 1.425551e-13, 6.850209e-10, 2.611581e-13, 6.609960e-12, 1.092984e-09, 6.227302e-11, 3.474818e-12, 2.261688e-09, 4.597769e-13, 2.993747e-15, 1.071306e-14, 4.145149e-15, 6.112364e-16, 2.297491e-18, 1.213898e-18, 1.865874e-02, 6.160339e+00, 2.941398e+01, 3.183536e+01
9.990000e-01, 3.020472e+00, 1.130973e+00, 1.017876e-01, 1.130973e+00, 2.816426e-01, 1.766800e-01, -1.506302e+05, 1.711403e+03, 2.501106e+04, 1.711403e+03, 4.700009e+06, 2.968613e-03, 3.013917e-01, 1.320935e-05, 1.041656e-11, 2.929778e-01, 7.889011e-07, 6.214165e-14, 3.143729e-01, 8.824290e-02, 2.958923e-05, 2.660329e-08, 9.700218e-09, 1.943720e-06, 1.512472e-07, 3.090239e-07, 2.026827e-11, 1.432963e-13, 6.899155e-10, 2.610306e-13, -2.551682e-12, 1.094404e-09, 6.265517e-11, 3.490672e-12, 2.266600e-09, 4.586639e-13, 3.029420e-15, 1.078636e-14, 4.172753e-15, 6.122568e-16, 2.305068e-18, 1.215993e-18, 1.865875e-02, 6.163028e+00, 2.961944e+01, 3.204061e+01
1.011000e+00, 3.063088e+00, 1.130973e+00, 1.017876e-01, 1.130973e+00, 2.815196e-01, 1.766800e-01, -1.878638e+05, 1.710657e+03, 2.501106e+04, 1.710657e+03, 4.700009e+06, 2.968614e-03, 3.014327e-01, 1.311904e-05, 1.024906e-11, 2.929367e-01, 7.818376e-07, 6.114203e-14, 3.143315e-01, 8.828434e-02, 2.979627e-05, 2.660400e-08, 9.731634e-09, 1.944011e-06, 1.505344e-07, 3.092277e-07, 2.050435e-11, 1.440414e-13, 6.948466e-10, 2.609022e-13, -1.188172e-11, 1.095823e-09, 6.303993e-11, 3.506605e-12, 2.271521e-09, 4.575509e-13, 3.065360e-15, 1.085990e-14, 4.200461e-15, 6.132838e-16, 2.313220e-18, 1.218923e-18, 1.865876e-02, 6.165721e+00, 2.982650e+01, 3.224747e+01
1.023000e+00, 3.105724e+00, 1.130973e+00, 1.017876e-01, 1.130973e+00, 2.813964e-01, 1.766800e-01, -1.967439e+05, 1.709909e+03, 2.501106e+04, 1.709909e+03, 4.700009e+06, 2.968616e-03, 3.014738e-01, 1.302914e-05, 1.008445e-11, 2.928955e-01, 7.748214e-07, 6.015754e-14, 3.142899e-01, 8.832591e-02, 3.000519e-05, 2.660449e-08, 9.763223e-09, 1.944304e-06, 1.498232e-07, 3.094322e-07, 2.074395e-11, 1.447906e-13, 6.998231e-10, 2.607646e-13, -1.879091e-11, 1.097219e-09, 6.342772e-11, 3.522622e-12, 2.276448e-09, 4.564230e-13, 3.102353e-15, 1.093476e-14, 4.228619e-15, 6.142699e-16, 2.322889e-18, 1.218868e-18, 1.865876e-02, 6.168421e+00, 3.003543e+01, 3.245622e+01
1.035000e+00, 3.148378e+00, 1.130973e+00, 1.017876e-01, 1.130973e+00, 2.812730e-01, 1.766800e-01, -2.045179e+05, 1.709160e+03, 2.501106e+04, 1.709160e+03, 4.700009e+06, 2.968617e-03, 3.015150e-01, 1.293968e-05, 9.922325e-12, 2.928543e-01, 7.678549e-07, 5.918732e-14, 3.142482e-01, 8.836759e-02, 3.021582e-05, 2.660483e-08, 9.794962e-09, 1.944597e-06, 1.491139e-07, 3.096372e-07, 2.098664e-11, 1.455438e-13, 7.048395e-10, 2.606235e-13, -2.500467e-11, 1.098608e-09, 6.381829e-11, 3.538722e-12, 2.281382e-09, 4.552906e-13, 3.139850e-15, 1.101019e-14, 4.256987e-15, 6.152487e-16, 2.333539e-18, 1.218552e-18, 1.865877e-02, 6.171126e+00, 3.024608e+01, 3.266668e+01
1.047000e+00, 3.191051e+00, 1.130973e+00, 1.017876e-01, 1.130973e+00, 2.811496e-01, 1.766800e-01, -2.130800e+05, 1.708410e+03, 2.501106e+04, 1.708410e+03, 4.700009e+06, 2.968619e-03, 3.015563e-01, 1.285066e-05, 9.762652e-12, 2.928129e-01, 7.609377e-07, 5.823116e-14, 3.142064e-01, 8.840936e-02, 3.042817e-05, 2.660501e-08, 9.826851e-09, 1.944890e-06, 1.484066e-07, 3.098425e-07, 2.123244e-11, 1.463011e-13, 7.098961e-10, 2.604792e-13, -3.051581e-11, 1.099990e-09, 6.421167e-11, 3.554904e-12, 2.286325e-09, 4.541541e-13, 3.177840e-15, 1.108617e-14, 4.285558e-15, 6.162213e-16, 2.345227e-18, 1.218070e-18, 1.865878e-02, 6.173836e+00, 3.045844e+01, 3.287886e+01
1.059000e+00, 3.233742e+00, 1.130973e+00, 1.017876e-01, 1.130973e+00, 2.810260e-01, 1.766800e-01, -2.231984e+05, 1.707660e+03, 2.501106e+04, 1.707660e+03, 4.700009e+06, 2.968620e-03, 3.015976e-01, 1.276208e-05, 9.605416e-12, 2.927714e-01, 7.540689e-07, 5.728881e-14, 3.141645e-01, 8.845123e-02, 3.064227e-05, 2.660504e-08, 9.858892e-09, 1.945185e-06, 1.477013e-07, 3.100483e-07, 2.148139e-11, 1.470624e-13, 7.149936e-10, 2.603314e-13, -3.523244e-11, 1.101366e-09, 6.460788e-11, 3.571170e-12, 2.291275e-09, 4.530131e-13, 3.216336e-15, 1.116272e-14, 4.314339e-15, 6.171872e-16, 2.358040e-18, 1.217391e-18, 1.865879e-02, 6.176552e+00, 3.067255e+01, 3.309279e+01
1.071000e+00, 3.276453e+00, 1.130973e+00, 1.017876e-01, 1.130973e+00, 2.809022e-01, 1.766799e-01, -2.357422e+05, 1.706909e+03, 2.501106e+04, 1.706909e+03, 4.700009e+06, 2.968621e-03, 3.016391e-01, 1.267393e-05, 9.450601e-12, 2.927299e-01, 7.472479e-07, 5.636007e-14, 3.141225e-01, 8.849320e-02, 3.085813e-05, 2.660492e-08, 9.891087e-09, 1.945480e-06, 1.469979e-07, 3.102546e-07, 2.173355e-11, 1.478280e-13, 7.201324e-10, 2.601802e-13, -3.906264e-11, 1.102734e-09, 6.500695e-11, 3.587520e-12, 2.296233e-09, 4.518675e-13, 3.255353e-15, 1.123986e-14, 4.343336e-15, 6.181457e-16, 2.372065e-18, 1.216482e-18, 1.865880e-02, 6.179273e+00, 3.088842e+01, 3.330849e+01
1.083000e+00, 3.319182e+00, 1.130973e+00, 1.017876e-01, 1.130973e+00, 2.807783e-01, 1.766799e-01, -2.516807e+05, 1.706157e+03, 2.501106e+04, 1.706157e+03, 4.700009e+06, 2.968623e-03, 3.016807e-01, 1.258620e-05, 9.298190e-12, 2.926882e-01, 7.404739e-07, 5.544472e-14, 3.140804e-01, 8.853528e-02, 3.107577e-05, 2.660462e-08, 9.923438e-09, 1.945775e-06, 1.462963e-07, 3.104613e-07, 2.198897e-11, 1.485978e-13, 7.253132e-10, 2.600253e-13, -4.191452e-11, 1.104095e-09, 6.540892e-11, 3.603956e-12, 2.301199e-09, 4.507169e-13, 3.294904e-15, 1.131761e-14, 4.372555e-15, 6.190965e-16, 2.387387e-18, 1.215309e-18, 1.865881e-02, 6.182000e+00, 3.110608e+01, 3.352597e+01
1.095000e+00, 3.361930e+00, 1.130973e+00, 1.017876e-01, 1.130973e+00, 2.806542e-01, 1.766799e-01, -2.720830e+05, 1.705404e+03, 2.501106e+04, 1.705404e+03, 4.700009e+06, 2.968624e-03, 3.017223e-01, 1.249889e-05, 9.148168e-12, 2.926464e-01, 7.337461e-07, 5.454255e-14, 3.140382e-01, 8.857747e-02, 3.129522e-05, 2.660416e-08, 9.955948e-09, 1.946072e-06, 1.455965e-07, 3.106685e-07, 2.224768e-11, 1.493719e-13, 7.305366e-10, 2.598666e-13, -4.369616e-11, 1.105449e-09, 6.581382e-11, 3.620479e-12, 2.306172e-09, 4.495612e-13, 3.335002e-15, 1.139598e-14, 4.402002e-15, 6.200388e-16, 2.404093e-18, 1.213842e-18, 1.865882e-02, 6.184732e+00, 3.132554e+01, 3.374527e+01
1.107000e+00, 3.404697e+00, 1.130973e+00, 1.017876e-01, 1.130973e+00, 2.805300e-01, 1.766799e-01, -2.981174e+05, 1.704650e+03, 2.501106e+04, 1.704650e+03, 4.700009e+06, 2.968626e-03, 3.017641e-01, 1.241198e-05, 9.000518e-12, 2.926045e-01, 7.270639e-07, 5.365332e-14, 3.139959e-01, 8.861977e-02, 3.151650e-05, 2.660353e-08, 9.988618e-09, 1.946369e-06, 1.448985e-07, 3.108762e-07, 2.250974e-11, 1.501503e-13, 7.358032e-10, 2.597041e-13, -4.431568e-11, 1.106795e-09, 6.622168e-11, 3.637088e-12, 2.311153e-09, 4.484000e-13, 3.375662e-15, 1.147500e-14, 4.431682e-15, 6.209723e-16, 2.422270e-18, 1.212047e-18, 1.865883e-02, 6.187471e+00, 3.154683e+01, 3.396639e+01
1.119000e+00, 3.447483e+00, 1.130973e+00, 1.017876e-01, 1.130973e+00, 2.804056e-01, 1.766799e-01, -3.310512e+05, 1.703895e+03, 2.501106e+04, 1.703895e+03, 4.700009e+06, 2.968627e-03, 3.018060e-01, 1.232547e-05, 8.855224e-12, 2.925625e-01, 7.204265e-07, 5.277684e-14, 3.139534e-01, 8.866217e-02, 3.173962e-05, 2.660272e-08, 1.002145e-08, 1.946667e-06, 1.442022e-07, 3.110844e-07, 2.277520e-11, 1.509331e-13, 7.411136e-10, 2.595375e-13, -4.368116e-11, 1.108132e-09, 6.663253e-11, 3.653785e-12, 2.316142e-09, 4.472332e-13, 3.416898e-15, 1.155467e-14, 4.461603e-15, 6.218963e-16, 2.442003e-18, 1.209891e-18, 1.865884e-02, 6.190216e+00, 3.176997e+01, 3.418937e+01
1.131000e+00, 3.490288e+00, 1.130973e+00, 1.017876e-01, 1.130973e+00, 2.802810e-01, 1.766799e-01, -3.722499e+05, 1.703138e+03, 2.501106e+04, 1.703138e+03, 4.700009e+06, 2.968629e-03, 3.018480e-01, 1.223936e-05, 8.712269e-12, 2.925204e-01, 7.138331e-07, 5.191287e-14, 3.139109e-01, 8.870470e-02, 3.196462e-05, 2.660173e-08, 1.005445e-08, 1.946966e-06, 1.435075e-07, 3.112931e-07, 2.304411e-11, 1.517203e-13, 7.464683e-10, 2.593669e-13, -4.170069e-11, 1.109461e-09, 6.704641e-11, 3.670571e-12, 2.321138e-09, 4.460605e-13, 3.458722e-15, 1.163501e-14, 4.491770e-15, 6.228104e-16, 2.463380e-18, 1.207344e-18, 1.865884e-02, 6.192967e+00, 3.199498e+01, 3.441422e+01
1.143000e+00, 3.533111e+00, 1.130973e+00, 1.017876e-01, 1.130973e+00, 2.801563e-01, 1.766799e-01, -3.959477e+05, 1.702381e+03, 2.501106e+04, 1.702381e+03, 4.700009e+06, 2.968630e-03, 3.018901e-01, 1.215368e-05, 8.571403e-12, 2.924782e-01, 7.072875e-07, 5.106174e-14, 3.138682e-01, 8.874734e-02, 3.219156e-05, 2.660055e-08, 1.008762e-08, 1.947265e-06, 1.428147e-07, 3.115023e-07, 2.331664e-11, 1.525113e-13, 7.518646e-10, 2.591928e-13, -3.953892e-11, 1.110780e-09, 6.746341e-11, 3.687444e-12, 2.326141e-09, 4.448834e-13, 3.501229e-15, 1.171598e-14, 4.522155e-15, 6.237099e-16, 2.483728e-18, 1.204286e-18, 1.865885e-02, 6.195725e+00, 3.222194e+01, 3.464102e+01
1.155000e+00, 3.575955e+00, 1.130973e+00, 1.017876e-01, 1.130973e+00, 2.800314e-01, 1.766799e-01, -3.707883e+05, 1.701623e+03, 2.501106e+04, 1.701623e+03, 4.700009e+06, 2.968632e-03, 3.019323e-01, 1.206846e-05, 8.432329e-12, 2.924359e-01, 7.007941e-07, 5.022385e-14, 3.138254e-01, 8.879011e-02, 3.242055e-05, 2.659918e-08, 1.012097e-08, 1.947566e-06, 1.421241e-07, 3.117121e-07, 2.359300e-11, 1.533054e-13, 7.572993e-10, 2.590163e-13, -3.860304e-11, 1.112087e-09, 6.788366e-11, 3.704399e-12, 2.331150e-09, 4.437040e-13, 3.544524e-15, 1.179753e-14, 4.552721e-15, 6.245895e-16, 2.499844e-18, 1.200585e-18, 1.865886e-02, 6.198489e+00, 3.245094e+01, 3.486987e+01
1.167000e+00, 3.618817e+00, 1.130973e+00, 1.017876e-01, 1.130973e+00, 2.799063e-01, 1.766799e-01, -3.356474e+05, 1.700864e+03, 2.501106e+04, 1.700864e+03, 4.700009e+06, 2.968633e-03, 3.019747e-01, 1.198366e-05, 8.295355e-12, 2.923934e-01, 6.943461e-07, 4.939827e-14, 3.137825e-01, 8.883299e-02, 3.265152e-05, 2.659761e-08, 1.015449e-08, 1.947867e-06, 1.414351e-07, 3.119224e-07, 2.387305e-11, 1.541036e-13, 7.627774e-10, 2.588359e-13, -3.706551e-11, 1.113383e-09, 6.830708e-11, 3.721443e-12, 2.336165e-09, 4.425195e-13, 3.588514e-15, 1.187975e-14, 4.583524e-15, 6.254542e-16, 2.515623e-18, 1.196324e-18, 1.865887e-02, 6.201259e+00, 3.268192e+01, 3.510070e+01
1.179000e+00, 3.661698e+00, 1.130973e+00, 1.017876e-01, 1.130973e+00, 2.797810e-01, 1.766799e-01, -2.901599e+05, 1.700103e+03, 2.501106e+04, 1.700103e+03, 4.700009e+06, 2.968635e-03, 3.020171e-01, 1.189926e-05, 8.160449e-12, 2.923508e-01, 6.879430e-07, 4.858480e-14, 3.137395e-01, 8.887600e-02, 3.288449e-05, 2.659583e-08, 1.018820e-08, 1.948169e-06, 1.407479e-07, 3.121333e-07, 2.415686e-11, 1.549058e-13, 7.682994e-10, 2.586517e-13, -3.491969e-11, 1.114668e-09, 6.873371e-11, 3.738576e-12, 2.341187e-09, 4.413297e-13, 3.633217e-15, 1.196266e-14, 4.614566e-15, 6.263032e-16, 2.530965e-18, 1.191467e-18, 1.865888e-02, 6.204037e+00, 3.291490e+01, 3.533354e+01
1.191000e+00, 3.704599e+00, 1.130973e+00, 1.017876e-01, 1.130973e+00, 2.796555e-01, 1.766799e-01, -2.340291e+05, 1.699341e+03, 2.501106e+04, 1.699341e+03, 4.700009e+06, 2.968636e-03, 3.020597e-01, 1.181525e-05, 8.027579e-12, 2.923081e-01, 6.815846e-07, 4.778327e-14, 3.136963e-01, 8.891914e-02, 3.311950e-05, 2.659386e-08, 1.022208e-08, 1.948472e-06, 1.400623e-07, 3.123448e-07, 2.444448e-11, 1.557121e-13, 7.738656e-10, 2.584635e-13, -3.215892e-11, 1.115942e-09, 6.916360e-11, 3.755798e-12, 2.346216e-09, 4.401344e-13, 3.678652e-15, 1.204626e-14, 4.645852e-15, 6.271358e-16, 2.545769e-18, 1.185975e-18, 1.865889e-02, 6.206821e+00, 3.314992e+01, 3.556842e+01
1.203000e+00, 3.747519e+00, 1.130973e+00, 1.017876e-01, 1.130973e+00, 2.795297e-01, 1.766799e-01, -1.670259e+05, 1.698578e+03, 2.501106e+04, 1.698578e+03, 4.700009e+06, 2.968638e-03, 3.021024e-01, 1.173164e-05, 7.896713e-12, 2.922653e-01, 6.752703e-07, 4.699350e-14, 3.136530e-01, 8.896241e-02, 3.335656e-05, 2.659167e-08, 1.025615e-08, 1.948776e-06, 1.393784e-07, 3.125569e-07, 2.473596e-11, 1.565224e-13, 7.794763e-10, 2.582714e-13, -2.877657e-11, 1.117205e-09, 6.959678e-11, 3.773111e-12, 2.351252e-09, 4.389337e-13, 3.724840e-15, 1.213059e-14, 4.677385e-15, 6.279511e-16, 2.559935e-18, 1.179809e-18, 1.865890e-02, 6.209612e+00, 3.338700e+01, 3.580536e+01
1.215000e+00, 3.790458e+00, 1.130973e+00, 1.017876e-01, 1.130973e+00, 2.794038e-01, 1.766799e-01, -8.898853e+04, 1.697814e+03, 2.501106e+04, 1.697814e+03, 4.700009e+06, 2.968639e-03, 3.021453e-01, 1.164842e-05, 7.767818e-12, 2.922224e-01, 6.689996e-07, 4.621529e-14, 3.136096e-01, 8.900582e-02, 3.359570e-05, 2.658927e-08, 1.029040e-08, 1.949081e-06, 1.386961e-07, 3.127695e-07, 2.503137e-11, 1.573368e-13, 7.851320e-10, 2.580752e-13, -2.476600e-11, 1.118455e-09, 7.003328e-11, 3.790515e-12, 2.356294e-09, 4.377273e-13, 3.771798e-15, 1.221564e-14, 4.709169e-15, 6.287482e-16, 2.573361e-18, 1.172931e-18, 1.865891e-02, 6.212411e+00, 3.362615e+01, 3.604438e+01
1.227000e+00, 3.833417e+00, 1.130973e+00, 1.017876e-01, 1.130973e+00, 2.792777e-01, 1.766799e-01, 1.777299e+02, 1.697048e+03, 2.501106e+04, 1.697048e+03, 4.700009e+06, 2.968641e-03, 3.021882e-01, 1.156559e-05, 7.640863e-12, 2.921793e-01, 6.627723e-07, 4.544848e-14, 3.135660e-01, 8.904936e-02, 3.383695e-05, 2.658666e-08, 1.032484e-08, 1.949387e-06, 1.380154e-07, 3.129828e-07, 2.533075e-11, 1.581553e-13, 7.908330e-10, 2.578749e-13, -2.012055e-11, 1.119694e-09, 7.047314e-11, 3.808010e-12, 2.361342e-09, 4.365152e-13, 3.819546e-15, 1.230143e-14, 4.741208e-15, 6.295265e-16, 2.585947e-18, 1.165303e-18, 1.865892e-02, 6.215217e+00, 3.386742e+01, 3.628551e+01
1.239000e+00, 3.876395e+00, 1.130973e+00, 1.017876e-01, 1.130973e+00, 2.791513e-01, 1.766799e-01, 1.005011e+05, 1.696281e+03, 2.501106e+04, 1.696281e+03, 4.700009e+06, 2.968643e-03, 3.022313e-01, 1.148313e-05, 7.515816e-12, 2.921360e-01, 6.565877e-07, 4.469288e-14, 3.135223e-01, 8.909304e-02, 3.408034e-05, 2.658382e-08, 1.035947e-08, 1.949694e-06, 1.373362e-07, 3.131967e-07, 2.563418e-11, 1.589778e-13, 7.965796e-10, 2.576705e-13, -1.483359e-11, 1.120920e-09, 7.091640e-11, 3.825597e-12, 2.366397e-09, 4.352971e-13, 3.868103e-15, 1.238797e-14, 4.773505e-15, 6.302850e-16, 2.597592e-18, 1.156888e-18, 1.865893e-02, 6.218031e+00, 3.411081e+01, 3.652878e+01
1.251000e+00, 3.919392e+00, 1.130973e+00, 1.017876e-01, 1.130973e+00, 2.790247e-01, 1.766799e-01, 2.119435e+05, 1.695513e+03, 2.501106e+04, 1.695513e+03, 4.700009e+06, 2.968644e-03, 3.022746e-01, 1.140106e-05, 7.392643e-12, 2.920927e-01, 6.504455e-07, 4.394831e-14, 3.134784e-01, 8.913686e-02, 3.432588e-05, 2.658075e-08, 1.039430e-08, 1.950001e-06, 1.366586e-07, 3.134112e-07, 2.594170e-11, 1.598045e-13, 8.023723e-10, 2.574618e-13, -8.898472e-12, 1.122133e-09, 7.136310e-11, 3.843277e-12, 2.371458e-09, 4.340731e-13, 3.917489e-15, 1.247527e-14, 4.806064e-15, 6.310230e-16, 2.608195e-18, 1.147646e-18, 1.865894e-02, 6.220853e+00, 3.435637e+01, 3.677421e+01
1.263000e+00, 3.962409e+00, 1.130973e+00, 1.017876e-01, 1.130973e+00, 2.788978e-01, 1.766799e-01, 3.344011e+05, 1.694743e+03, 2.501106e+04, 1.694743e+03, 4.700009e+06, 2.968646e-03, 3.023179e-01, 1.131935e-05, 7.271314e-12, 2.920492e-01, 6.443453e-07, 4.321458e-14, 3.134345e-01, 8.918082e-02, 3.457361e-05, 2.657746e-08, 1.042931e-08, 1.950310e-06, 1.359824e-07, 3.136265e-07, 2.625337e-11, 1.606352e-13, 8.082115e-10, 2.572488e-13, -2.308550e-12, 1.123333e-09, 7.181326e-11, 3.861050e-12, 2.376525e-09, 4.328429e-13, 3.967721e-15, 1.256336e-14, 4.838889e-15, 6.317396e-16, 2.617656e-18, 1.137539e-18, 1.865895e-02, 6.223682e+00, 3.460410e+01, 3.702182e+01
1.275000e+00, 4.005445e+00, 1.130973e+00, 1.017876e-01, 1.130973e+00, 2.787723e-01, 1.766799e-01, 3.436721e+05, 1.693981e+03, 2.501106e+04, 1.693981e+03, 4.700009e+06, 2.968647e-03, 3.023609e-01, 1.123896e-05, 7.152812e-12, 2.920061e-01, 6.383496e-07, 4.249833e-14, 3.133908e-01, 8.922440e-02, 3.482218e-05, 2.657550e-08, 1.046431e-08, 1.950617e-06, 1.353165e-07, 3.138387e-07, 2.656859e-11, 1.614805e-13, 8.141076e-10, 2.570707e-13, 1.788483e-12, 1.124648e-09, 7.226572e-11, 3.878978e-12, 2.381651e-09, 4.316763e-13, 4.018162e-15, 1.265193e-14, 4.871937e-15, 6.325816e-16, 2.633213e-18, 1.137138e-18, 1.865896e-02, 6.226485e+00, 3.485269e+01, 3.727029e+01
1.287000e+00, 4.048500e+00, 1.130973e+00, 1.017876e-01, 1.130973e+00, 2.786474e-01, 1.766799e-01, 3.019002e+05, 1.693223e+03, 2.501106e+04, 1.693223e+03, 4.700009e+06, 2.968649e-03, 3.024037e-01, 1.115948e-05, 7.036686e-12, 2.919631e-01, 6.324319e-07, 4.179656e-14, 3.133474e-01, 8.926782e-02, 3.507218e-05, 2.657423e-08, 1.049939e-08, 1.950924e-06, 1.346570e-07, 3.140496e-07, 2.688768e-11, 1.623360e-13, 8.200570e-10, 2.569113e-13, 4.703878e-12, 1.126026e-09, 7.272101e-11, 3.897037e-12, 2.386816e-09, 4.305443e-13, 4.069103e-15, 1.274113e-14, 4.905231e-15, 6.334871e-16, 2.651729e-18, 1.142017e-18, 1.865897e-02, 6.229276e+00, 3.510270e+01, 3.752021e+01
1.299000e+00, 4.091574e+00, 1.130973e+00, 1.017876e-01, 1.130973e+00, 2.785228e-01, 1.766799e-01, 2.402336e+05, 1.692467e+03, 2.501106e+04, 1.692467e+03, 4.700009e+06, 2.968651e-03, 3.024465e-01, 1.108071e-05, 6.922691e-12, 2.919202e-01, 6.265786e-07, 4.110767e-14, 3.133040e-01, 8.931118e-02, 3.532393e-05, 2.657331e-08, 1.053458e-08, 1.951231e-06, 1.340023e-07, 3.142597e-07, 2.721085e-11, 1.631996e-13, 8.260578e-10, 2.567623e-13, 7.099799e-12, 1.127438e-09, 7.317942e-11, 3.915214e-12, 2.392006e-09, 4.294322e-13, 4.120699e-15, 1.283104e-14, 4.938783e-15, 6.344246e-16, 2.671580e-18, 1.149933e-18, 1.865898e-02, 6.232062e+00, 3.535447e+01, 3.777187e+01
1.311000e+00, 4.134668e+00, 1.130973e+00, 1.017876e-01, 1.130973e+00, 2.783986e-01, 1.766799e-01, 1.596372e+05, 1.691713e+03, 2.501106e+04, 1.691713e+03, 4.700009e+06, 2.968652e-03, 3.024892e-01, 1.100268e-05, 6.810827e-12, 2.918774e-01, 6.207913e-07, 4.043169e-14, 3.132607e-01, 8.935449e-02, 3.557741e-05, 2.657279e-08, 1.056989e-08, 1.951538e-06, 1.333525e-07, 3.144691e-07, 2.753812e-11, 1.640715e-13, 8.321107e-10, 2.566248e-13, 8.886383e-12, 1.128888e-09, 7.364095e-11, 3.933511e-12, 2.397224e-09, 4.283421e-13, 4.172950e-15, 1.292165e-14, 4.972598e-15, 6.353979e-16, 2.692887e-18, 1.161172e-18, 1.865899e-02, 6.234842e+00, 3.560796e+01, 3.802526e+01
1.323000e+00, 4.177782e+00, 1.130973e+00, 1.017876e-01, 1.130973e+00, 2.782748e-01, 1.766799e-01, 6.148124e+04, 1.690962e+03, 2.501106e+04, 1.690962e+03, 4.700009e+06, 2.968654e-03, 3.025318e-01, 1.092542e-05, 6.701092e-12, 2.918346e-01, 6.150715e-07, 3.976865e-14, 3.132174e-01, 8.939772e-02, 3.583259e-05, 2.657271e-08, 1.060531e-08, 1.951845e-06, 1.327079e-07, 3.146776e-07, 2.786954e-11, 1.649522e-13, 8.382164e-10, 2.565000e-13, 9.973763e-12, 1.130380e-09, 7.410560e-11, 3.951932e-12, 2.402472e-09, 4.272759e-13, 4.225855e-15, 1.301297e-14, 5.006676e-15, 6.364107e-16, 2.715777e-18, 1.176021e-18, 1.865900e-02, 6.237615e+00, 3.586316e+01, 3.828037e+01
1.335000e+00, 4.220914e+00, 1.130973e+00, 1.017876e-01, 1.130973e+00, 2.781517e-01, 1.766799e-01, 1.216850e+04, 1.690215e+03, 2.501106e+04, 1.690215e+03, 4.700009e+06, 2.968655e-03, 3.025742e-01, 1.084901e-05, 6.592915e-12, 2.917920e-01, 6.094308e-07, 3.911796e-14, 3.131743e-01, 8.944075e-02, 3.608904e-05, 2.657294e-08, 1.064067e-08, 1.952149e-06, 1.320684e-07, 3.148862e-07, 2.820324e-11, 1.658325e-13, 8.443517e-10, 2.563695e-13, 9.800888e-12, 1.131864e-09, 7.457157e-11, 3.970388e-12, 2.407753e-09, 4.262091e-13, 4.279063e-15, 1.310515e-14, 5.041102e-15, 6.374290e-16, 2.739788e-18, 1.185619e-18, 1.865901e-02, 6.240375e+00, 3.611963e+01, 3.853674e+01
