Distance_PFRC2_(m), Plug_flow_residence_time_PFRC2_(sec), Internal_surface_area_per_unit_distance_PFRC2_(m), Cross-section_area_PFRC2_(m2), External_surface_area_per_unit_distance_PFRC2_(m), Velocity_PFRC2_(m/sec), Exit_mass_flow_rate_PFRC2_(kg/sec), Volumetric_heat_production_rate_PFRC2_(J/m3-sec), Surface_temperature_PFRC2_(K), Heat_loss_rate_PFRC2_(J/m-sec), Temperature_PFRC2_(K), Pressure_PFRC2_(Pa), Mole_fraction_H2_PFRC2_(), Mole_fraction_H_PFRC2_(), Mole_fraction_O2_PFRC2_(), Mole_fraction_OH_PFRC2_(), Mole_fraction_H2O_PFRC2_(), Mole_fraction_CH3_PFRC2_(), Mole_fraction_CH4_PFRC2_(), Mole_fraction_CO_PFRC2_(), Mole_fraction_CO2_PFRC2_(), Mole_fraction_HCO_PFRC2_(), Mole_fraction_CH2O_PFRC2_(), Mole_fraction_CH3OH_PFRC2_(), Mole_fraction_C2H2_PFRC2_(), Mole_fraction_C2H3_PFRC2_(), Mole_fraction_C2H4_PFRC2_(), Mole_fraction_C2H5_PFRC2_(), Mole_fraction_C2H6_PFRC2_(), Mole_fraction_CH2CO_PFRC2_(), Mole_fraction_HCCOH_PFRC2_(), Mole_fraction_NH3_PFRC2_(), Mole_fraction_N2_PFRC2_(), Mole_fraction_C3H8_PFRC2_(), Mole_fraction_CH3CHO_PFRC2_(), Molecular_weight_PFRC2_(kg/mole), Mass_density_PFRC2_(kg/m3), Unburned_hydrocarbons_PFRC2_(ppm), Volatile_organic_compounds_PFRC2_(ppm)
1.350000e-01, 0.000000e+00, 1.130973e+00, 1.017876e-01, 1.130973e+00, 2.942913e-01, 1.314957e-01, 3.435868e+07, 1.843157e+03, 0.000000e+00, 1.843157e+03, 4.700000e+06, 4.547732e-01, 5.050491e-05, 6.817041e-06, 1.697657e-06, 2.102126e-01, 5.202165e-05, 2.334553e-02, 2.741832e-01, 3.184248e-02, 3.419776e-07, 3.127680e-06, 8.099560e-07, 1.360551e-03, 3.875069e-07, 5.097420e-04, 2.106193e-07, 1.181556e-05, 3.151939e-06, 2.504150e-07, 2.573984e-08, 3.641513e-03, 1.531374e-08, 2.936138e-08, 1.431325e-02, 4.389745e+00, 2.716302e+04, 2.717418e+04
1.350057e-01, 1.923773e-05, 1.130973e+00, 1.017876e-01, 1.130973e+00, 2.942965e-01, 1.314957e-01, -2.404756e+07, 1.843155e+03, 2.501106e+04, 1.843155e+03, 4.700003e+06, 4.547902e-01, 5.036050e-05, 1.622151e-06, 1.692057e-06, 2.102071e-01, 5.184835e-05, 2.333350e-02, 2.741911e-01, 3.184117e-02, 3.410117e-07, 3.117372e-06, 8.035622e-07, 1.360541e-03, 3.862222e-07, 5.094568e-04, 2.093212e-07, 1.170677e-05, 3.125305e-06, 2.503071e-07, 2.574046e-08, 3.641443e-03, 1.409316e-08, 2.886117e-08, 1.431297e-02, 4.389666e+00, 2.715000e+04, 2.716109e+04
1.350341e-01, 1.157857e-04, 1.130973e+00, 1.017876e-01, 1.130973e+00, 2.942822e-01, 1.314957e-01, -4.024949e+07, 1.842849e+03, 2.501106e+04, 1.842849e+03, 4.700003e+06, 4.548995e-01, 5.020386e-05, 1.502979e-09, 1.684472e-06, 2.101362e-01, 5.154707e-05, 2.327441e-02, 2.742328e-01, 3.182533e-02, 3.402774e-07, 3.110745e-06, 7.973919e-07, 1.358447e-03, 3.845459e-07, 5.089238e-04, 2.084385e-07, 1.165763e-05, 3.098457e-06, 2.494482e-07, 2.574292e-08, 3.641016e-03, 1.402329e-08, 2.842624e-08, 1.431130e-02, 4.389880e+00, 2.708525e+04, 2.709626e+04
1.354968e-01, 1.688514e-03, 1.130973e+00, 1.017876e-01, 1.130973e+00, 2.941145e-01, 1.314957e-01, -2.757928e+07, 1.838773e+03, 2.501106e+04, 1.838773e+03, 4.700003e+06, 4.565180e-01, 4.870622e-05, 2.527177e-11, 1.604613e-06, 2.089353e-01, 4.833505e-05, 2.256536e-02, 2.748112e-01, 3.168665e-02, 3.344241e-07, 3.078882e-06, 7.477643e-07, 1.250119e-03, 3.502494e-07, 4.808101e-04, 1.938042e-07, 1.101594e-05, 2.907977e-06, 2.238117e-07, 2.578243e-08, 3.635035e-03, 1.292147e-08, 2.729219e-08, 1.428779e-02, 4.392384e+00, 2.609873e+04, 2.610922e+04
1.378607e-01, 9.734056e-03, 1.130973e+00, 1.017876e-01, 1.130973e+00, 2.935368e-01, 1.314957e-01, -1.896000e+07, 1.823942e+03, 2.501106e+04, 1.823942e+03, 4.700003e+06, 4.626053e-01, 4.347394e-05, 1.846522e-11, 1.337086e-06, 2.042790e-01, 3.792297e-05, 2.007203e-02, 2.769603e-01, 3.126835e-02, 3.130677e-07, 2.984325e-06, 5.857988e-07, 7.723012e-04, 2.104597e-07, 3.322019e-04, 1.302077e-07, 8.293498e-06, 2.220745e-06, 1.257657e-07, 2.594505e-08, 3.612811e-03, 8.259983e-09, 2.265579e-08, 1.420044e-02, 4.401027e+00, 2.233625e+04, 2.234489e+04
1.463187e-01, 3.862961e-02, 1.130973e+00, 1.017876e-01, 1.130973e+00, 2.920140e-01, 1.314957e-01, -8.571120e+06, 1.793944e+03, 2.501106e+04, 1.793944e+03, 4.700003e+06, 4.739280e-01, 3.429633e-05, 9.601366e-12, 9.226917e-07, 1.960358e-01, 2.186995e-05, 1.499400e-02, 2.804252e-01, 3.058129e-02, 2.716655e-07, 2.867134e-06, 3.427210e-07, 2.579826e-04, 6.631510e-08, 1.396176e-04, 5.165446e-08, 4.172073e-06, 1.263326e-06, 3.482510e-08, 2.622732e-08, 3.571922e-03, 2.817312e-09, 1.526293e-08, 1.403972e-02, 4.423979e+00, 1.581966e+04, 1.582577e+04
1.470000e-01, 4.096293e-02, 1.130973e+00, 1.017876e-01, 1.130973e+00, 2.919201e-01, 1.314957e-01, -8.177603e+06, 1.792316e+03, 2.501106e+04, 1.792316e+03, 4.700003e+06, 4.745118e-01, 3.384880e-05, 9.812384e-12, 9.041854e-07, 1.956225e-01, 2.116631e-05, 1.471968e-02, 2.805881e-01, 3.054900e-02, 2.695077e-07, 2.863102e-06, 3.322236e-07, 2.417642e-04, 6.194285e-08, 1.324960e-04, 4.886121e-08, 3.998312e-06, 1.223469e-06, 3.230856e-08, 2.624048e-08, 3.569829e-03, 2.636778e-09, 1.491813e-08, 1.403149e-02, 4.425402e+00, 1.549760e+04, 1.550361e+04
1.585679e-01, 8.068013e-02, 1.130973e+00, 1.017876e-01, 1.130973e+00, 2.906885e-01, 1.314957e-01, -4.398925e+06, 1.772401e+03, 2.501106e+04, 1.772401e+03, 4.700003e+06, 4.814351e-01, 2.875725e-05, 5.765300e-12, 7.045664e-07, 1.907823e-01, 1.374846e-05, 1.140113e-02, 2.824285e-01, 3.018971e-02, 2.439250e-07, 2.829371e-06, 2.222766e-07, 1.027874e-04, 2.527900e-08, 6.577434e-05, 2.329359e-08, 2.239615e-06, 8.084595e-07, 1.214743e-08, 2.638016e-08, 3.545119e-03, 1.073075e-09, 1.103830e-08, 1.393437e-02, 4.444151e+00, 1.175658e+04, 1.176155e+04
1.590000e-01, 8.216678e-02, 1.130973e+00, 1.017876e-01, 1.130973e+00, 2.906520e-01, 1.314957e-01, -4.307901e+06, 1.771846e+03, 2.501106e+04, 1.771846e+03, 4.700003e+06, 4.816219e-01, 2.862495e-05, 5.692305e-12, 6.996548e-07, 1.906530e-01, 1.357147e-05, 1.131020e-02, 2.824760e-01, 3.018065e-02, 2.432314e-07, 2.828806e-06, 2.196687e-07, 1.001847e-04, 2.461105e-08, 6.438809e-05, 2.277687e-08, 2.199837e-06, 7.986171e-07, 1.179912e-08, 2.638345e-08, 3.544455e-03, 1.043742e-09, 1.093851e-08, 1.393176e-02, 4.444709e+00, 1.165742e+04, 1.166236e+04
1.710000e-01, 1.235170e-01, 1.130973e+00, 1.017876e-01, 1.130973e+00, 2.898017e-01, 1.314957e-01, -2.807307e+06, 1.759422e+03, 2.501106e+04, 1.759422e+03, 4.700003e+06, 4.857208e-01, 2.579951e-05, 4.279397e-12, 5.978937e-07, 1.878284e-01, 9.983099e-06, 9.301689e-03, 2.834928e-01, 2.999143e-02, 2.280980e-07, 2.820739e-06, 1.669969e-07, 5.456840e-05, 1.305511e-08, 3.867266e-05, 1.332726e-08, 1.425545e-06, 5.983551e-07, 5.955714e-09, 2.644817e-08, 3.529927e-03, 5.345387e-10, 8.798070e-09, 1.387466e-02, 4.457750e+00, 9.501060e+03, 9.505507e+03
1.830000e-01, 1.649725e-01, 1.130973e+00, 1.017876e-01, 1.130973e+00, 2.891591e-01, 1.314957e-01, -2.014393e+06, 1.750647e+03, 2.501106e+04, 1.750647e+03, 4.700003e+06, 4.884998e-01, 2.394855e-05, 3.494990e-12, 5.347081e-07, 1.859239e-01, 7.859135e-06, 7.929370e-03, 2.841545e-01, 2.987540e-02, 2.177745e-07, 2.819738e-06, 1.360109e-07, 3.400640e-05, 7.982223e-09, 2.583536e-05, 8.737102e-09, 1.005115e-06, 4.785552e-07, 3.518576e-09, 2.648363e-08, 3.520128e-03, 3.123881e-10, 7.399167e-09, 1.383614e-02, 4.467656e+00, 8.058958e+03, 8.063115e+03
1.950000e-01, 2.065106e-01, 1.130973e+00, 1.017876e-01, 1.130973e+00, 2.886391e-01, 1.314957e-01, -1.538508e+06, 1.743925e+03, 2.501106e+04, 1.743925e+03, 4.700003e+06, 4.905501e-01, 2.260728e-05, 2.991558e-12, 4.906937e-07, 1.845221e-01, 6.444469e-06, 6.913930e-03, 2.846276e-01, 2.979808e-02, 2.100679e-07, 2.821186e-06, 1.154764e-07, 2.297460e-05, 5.313185e-09, 1.841377e-05, 6.136517e-09, 7.467058e-07, 3.977429e-07, 2.282644e-09, 2.650550e-08, 3.512928e-03, 1.980531e-10, 6.391359e-09, 1.380784e-02, 4.475705e+00, 7.004669e+03, 7.008632e+03
2.070000e-01, 2.481176e-01, 1.130973e+00, 1.017876e-01, 1.130973e+00, 2.881991e-01, 1.314957e-01, -1.221271e+06, 1.738504e+03, 2.501106e+04, 1.738504e+03, 4.700003e+06, 4.921441e-01, 2.157209e-05, 2.638486e-12, 4.577740e-07, 1.834332e-01, 5.431002e-06, 6.124164e-03, 2.849852e-01, 2.974432e-02, 2.039776e-07, 2.823545e-06, 1.008330e-07, 1.638523e-05, 3.743578e-09, 1.371354e-05, 4.515665e-09, 5.750595e-07, 3.391278e-07, 1.576096e-09, 2.652027e-08, 3.507355e-03, 1.327888e-10, 5.621569e-09, 1.378594e-02, 4.482538e+00, 6.190959e+03, 6.194784e+03
2.190000e-01, 2.897838e-01, 1.130973e+00, 1.017876e-01, 1.130973e+00, 2.878151e-01, 1.314957e-01, -9.979693e+05, 1.733974e+03, 2.501106e+04, 1.733974e+03, 4.700003e+06, 4.934283e-01, 2.073771e-05, 2.375528e-12, 4.319262e-07, 1.825559e-01, 4.668006e-06, 5.488481e-03, 2.852658e-01, 2.970621e-02, 1.989710e-07, 2.826210e-06, 8.985716e-08, 1.215058e-05, 2.747724e-09, 1.054491e-05, 3.437273e-09, 4.547667e-07, 2.944891e-07, 1.137917e-09, 2.653102e-08, 3.502883e-03, 9.276645e-11, 5.010071e-09, 1.376836e-02, 4.488519e+00, 5.539462e+03, 5.543182e+03
2.310000e-01, 3.315025e-01, 1.130973e+00, 1.017876e-01, 1.130973e+00, 2.874722e-01, 1.314957e-01, -8.353746e+05, 1.730088e+03, 2.501106e+04, 1.730088e+03, 4.700003e+06, 4.944899e-01, 2.004367e-05, 2.171029e-12, 4.109051e-07, 1.818302e-01, 4.072721e-06, 4.964006e-03, 2.854916e-01, 2.967916e-02, 1.947354e-07, 2.828922e-06, 8.133111e-08, 9.281064e-06, 2.080200e-09, 8.309668e-06, 2.684965e-09, 3.671045e-07, 2.592945e-07, 8.496966e-10, 2.653937e-08, 3.499202e-03, 6.689795e-11, 4.510613e-09, 1.375389e-02, 4.493873e+00, 5.004004e+03, 5.007642e+03
2.430000e-01, 3.732686e-01, 1.130973e+00, 1.017876e-01, 1.130973e+00, 2.871606e-01, 1.314957e-01, -7.258493e+05, 1.726687e+03, 2.501106e+04, 1.726687e+03, 4.700003e+06, 4.953850e-01, 1.945217e-05, 2.006653e-12, 3.933415e-07, 1.812178e-01, 3.595478e-06, 4.522954e-03, 2.856768e-01, 2.966026e-02, 1.910717e-07, 2.831564e-06, 7.452545e-08, 7.256789e-06, 1.613675e-09, 6.676961e-06, 2.140817e-09, 3.012558e-07, 2.308063e-07, 6.515154e-10, 2.654625e-08, 3.496113e-03, 4.949105e-11, 4.093957e-09, 1.374175e-02, 4.498749e+00, 4.555028e+03, 4.558600e+03
2.550000e-01, 4.150783e-01, 1.130973e+00, 1.017876e-01, 1.130973e+00, 2.868736e-01, 1.314957e-01, -5.929704e+05, 1.723662e+03, 2.501106e+04, 1.723662e+03, 4.700003e+06, 4.961515e-01, 1.893820e-05, 1.871133e-12, 3.783520e-07, 1.806927e-01, 3.204648e-06, 4.146497e-03, 2.858309e-01, 2.964760e-02, 1.878447e-07, 2.834084e-06, 6.897807e-08, 5.782305e-06, 1.276883e-09, 5.451233e-06, 1.735570e-09, 2.506137e-07, 2.072753e-07, 5.103108e-10, 2.655219e-08, 3.493479e-03, 3.738063e-11, 3.740658e-09, 1.373140e-02, 4.503250e+00, 4.172676e+03, 4.176194e+03
2.670000e-01, 4.569282e-01, 1.130973e+00, 1.017876e-01, 1.130973e+00, 2.866062e-01, 1.314957e-01, -5.267062e+05, 1.720935e+03, 2.501106e+04, 1.720935e+03, 4.700003e+06, 4.968162e-01, 1.848461e-05, 1.756956e-12, 3.653342e-07, 1.802366e-01, 2.879109e-06, 3.821270e-03, 2.859605e-01, 2.963985e-02, 1.849624e-07, 2.836466e-06, 6.437812e-08, 4.680468e-06, 1.026939e-09, 4.510285e-06, 1.427018e-09, 2.108910e-07, 1.875142e-07, 4.068290e-10, 2.655753e-08, 3.491206e-03, 2.874543e-11, 3.437100e-09, 1.372246e-02, 4.507452e+00, 3.842958e+03, 3.846430e+03
2.790000e-01, 4.988161e-01, 1.130973e+00, 1.017876e-01, 1.130973e+00, 2.863548e-01, 1.314957e-01, -4.626901e+05, 1.718450e+03, 2.501106e+04, 1.718450e+03, 4.700003e+06, 4.973986e-01, 1.807913e-05, 1.659158e-12, 3.538688e-07, 1.798362e-01, 2.604073e-06, 3.537469e-03, 2.860704e-01, 2.963601e-02, 1.823571e-07, 2.838704e-06, 6.051100e-08, 3.839285e-06, 8.374327e-10, 3.774395e-06, 1.187285e-09, 1.792230e-07, 1.706972e-07, 3.291904e-10, 2.656248e-08, 3.489225e-03, 2.243987e-11, 3.173446e-09, 1.371468e-02, 4.511409e+00, 3.555663e+03, 3.559096e+03
2.910000e-01, 5.407397e-01, 1.130973e+00, 1.017876e-01, 1.130973e+00, 2.861168e-01, 1.314957e-01, -4.063691e+05, 1.716164e+03, 2.501106e+04, 1.716164e+03, 4.700003e+06, 4.979136e-01, 1.771259e-05, 1.574158e-12, 3.436467e-07, 1.794815e-01, 2.368982e-06, 3.287743e-03, 2.861641e-01, 2.963538e-02, 1.799775e-07, 2.840803e-06, 5.722241e-08, 3.185595e-06, 6.910799e-10, 3.189882e-06, 9.980492e-10, 1.536292e-07, 1.562253e-07, 2.697919e-10, 2.656718e-08, 3.487483e-03, 1.775064e-11, 2.942390e-09, 1.370783e-02, 4.515162e+00, 3.303174e+03, 3.306575e+03
3.030000e-01, 5.826974e-01, 1.130973e+00, 1.017876e-01, 1.130973e+00, 2.858899e-01, 1.314957e-01, -3.646895e+05, 1.714044e+03, 2.501106e+04, 1.714044e+03, 4.700003e+06, 4.983722e-01, 1.737834e-05, 1.499385e-12, 3.344421e-07, 1.791649e-01, 2.166031e-06, 3.066436e-03, 2.862445e-01, 2.963741e-02, 1.777872e-07, 2.842770e-06, 5.439874e-08, 2.669793e-06, 5.762384e-10, 2.719349e-06, 8.465758e-10, 1.326981e-07, 1.436534e-07, 2.235824e-10, 2.657171e-08, 3.485940e-03, 1.420697e-11, 2.738347e-09, 1.370176e-02, 4.518746e+00, 3.079648e+03, 3.083020e+03
3.150000e-01, 6.246877e-01, 1.130973e+00, 1.017876e-01, 1.130973e+00, 2.856725e-01, 1.314957e-01, -3.198080e+05, 1.712065e+03, 2.501106e+04, 1.712065e+03, 4.700003e+06, 4.987834e-01, 1.707076e-05, 1.432895e-12, 3.260748e-07, 1.788804e-01, 1.989327e-06, 2.869105e-03, 2.863136e-01, 2.964167e-02, 1.757526e-07, 2.844614e-06, 5.195430e-08, 2.257359e-06, 4.849069e-10, 2.336192e-06, 7.238857e-10, 1.154069e-07, 1.326438e-07, 1.871048e-10, 2.657615e-08, 3.484565e-03, 1.148966e-11, 2.556985e-09, 1.369636e-02, 4.522184e+00, 2.880514e+03, 2.883861e+03
3.270000e-01, 6.667093e-01, 1.130973e+00, 1.017876e-01, 1.130973e+00, 2.854632e-01, 1.314957e-01, -2.963550e+05, 1.710206e+03, 2.501106e+04, 1.710206e+03, 4.700003e+06, 4.991542e-01, 1.678622e-05, 1.373253e-12, 3.184180e-07, 1.786231e-01, 1.834327e-06, 2.692210e-03, 2.863731e-01, 2.964782e-02, 1.738560e-07, 2.846345e-06, 4.982319e-08, 1.923817e-06, 4.113876e-10, 2.020969e-06, 6.234257e-10, 1.009887e-07, 1.229341e-07, 1.579540e-10, 2.658053e-08, 3.483333e-03, 9.381416e-12, 2.394848e-09, 1.369152e-02, 4.525499e+00, 2.702138e+03, 2.705463e+03
3.390000e-01, 7.087612e-01, 1.130973e+00, 1.017876e-01, 1.130973e+00, 2.852610e-01, 1.314957e-01, -2.390802e+05, 1.708451e+03, 2.501106e+04, 1.708451e+03, 4.700003e+06, 4.994903e-01, 1.652033e-05, 1.319271e-12, 3.113460e-07, 1.783893e-01, 1.697491e-06, 2.532886e-03, 2.864244e-01, 2.965560e-02, 1.720660e-07, 2.847971e-06, 4.795388e-08, 1.651171e-06, 3.516057e-10, 1.759281e-06, 5.404478e-10, 8.887515e-08, 1.143195e-07, 1.343803e-10, 2.658487e-08, 3.482224e-03, 7.723835e-12, 2.249213e-09, 1.368716e-02, 4.528707e+00, 2.541584e+03, 2.544889e+03
3.510000e-01, 7.508425e-01, 1.130973e+00, 1.017876e-01, 1.130973e+00, 2.850649e-01, 1.314957e-01, -2.803615e+05, 1.706784e+03, 2.501106e+04, 1.706784e+03, 4.700003e+06, 4.997963e-01, 1.627298e-05, 1.270182e-12, 3.048155e-07, 1.781759e-01, 1.575950e-06, 2.388783e-03, 2.864686e-01, 2.966478e-02, 1.703966e-07, 2.849504e-06, 4.630539e-08, 1.426544e-06, 3.024704e-10, 1.540344e-06, 4.712214e-10, 7.861270e-08, 1.066304e-07, 1.151589e-10, 2.658920e-08, 3.481222e-03, 6.415649e-12, 2.117708e-09, 1.368322e-02, 4.531823e+00, 2.396452e+03, 2.399739e+03
3.630000e-01, 7.929524e-01, 1.130973e+00, 1.017876e-01, 1.130973e+00, 2.848738e-01, 1.314957e-01, -1.540253e+05, 1.705195e+03, 2.501106e+04, 1.705195e+03, 4.700003e+06, 5.000762e-01, 1.603738e-05, 1.225047e-12, 2.986794e-07, 1.779800e-01, 1.467537e-06, 2.257960e-03, 2.865066e-01, 2.967525e-02, 1.687829e-07, 2.850946e-06, 4.484550e-08, 1.239389e-06, 2.618349e-10, 1.355643e-06, 4.131919e-10, 6.987979e-08, 9.974289e-08, 9.928354e-11, 2.659354e-08, 3.480311e-03, 5.353791e-12, 1.998692e-09, 1.367964e-02, 4.534862e+00, 2.264759e+03, 2.268031e+03
3.750000e-01, 8.350900e-01, 1.130973e+00, 1.017876e-01, 1.130973e+00, 2.846890e-01, 1.314957e-01, -1.019820e+05, 1.703682e+03, 2.501106e+04, 1.703682e+03, 4.700003e+06, 5.003330e-01, 1.581234e-05, 1.183298e-12, 2.928934e-07, 1.777998e-01, 1.370207e-06, 2.138780e-03, 2.865394e-01, 2.968656e-02, 1.672183e-07, 2.852295e-06, 4.354389e-08, 1.082934e-06, 2.280577e-10, 1.198876e-06, 3.642906e-10, 6.237439e-08, 9.353812e-08, 8.612894e-11, 2.659787e-08, 3.479483e-03, 4.525977e-12, 1.890589e-09, 1.367638e-02, 4.537807e+00, 2.144840e+03, 2.148097e+03
3.870000e-01, 8.772548e-01, 1.130973e+00, 1.017876e-01, 1.130973e+00, 2.845072e-01, 1.314957e-01, -2.792007e+05, 1.702224e+03, 2.501106e+04, 1.702224e+03, 4.700003e+06, 5.005695e-01, 1.561093e-05, 1.145416e-12, 2.876572e-07, 1.776332e-01, 1.282760e-06, 2.029881e-03, 2.865673e-01, 2.969894e-02, 1.658625e-07, 2.853604e-06, 4.238694e-08, 9.511157e-07, 1.993130e-10, 1.065327e-06, 3.221695e-10, 5.591942e-08, 8.792767e-08, 7.515568e-11, 2.660222e-08, 3.478726e-03, 3.816183e-12, 1.791486e-09, 1.367341e-02, 4.540706e+00, 2.035310e+03, 2.038555e+03
3.990000e-01, 9.194462e-01, 1.130973e+00, 1.017876e-01, 1.130973e+00, 2.843287e-01, 1.314957e-01, -9.426506e+04, 1.700817e+03, 2.501106e+04, 1.700817e+03, 4.700003e+06, 5.007882e-01, 1.540525e-05, 1.109230e-12, 2.824694e-07, 1.774787e-01, 1.203580e-06, 1.930114e-03, 2.865908e-01, 2.971229e-02, 1.644091e-07, 2.854816e-06, 4.134737e-08, 8.389339e-07, 1.753470e-10, 9.505255e-07, 2.866795e-10, 5.034029e-08, 8.284211e-08, 6.585894e-11, 2.660659e-08, 3.478032e-03, 3.258711e-12, 1.701331e-09, 1.367068e-02, 4.543557e+00, 1.934998e+03, 1.938231e+03
4.110000e-01, 9.616640e-01, 1.130973e+00, 1.017876e-01, 1.130973e+00, 2.841537e-01, 1.314957e-01, -1.657917e+05, 1.699459e+03, 2.501106e+04, 1.699459e+03, 4.700003e+06, 5.009909e-01, 1.521589e-05, 1.075827e-12, 2.776725e-07, 1.773349e-01, 1.131768e-06, 1.838472e-03, 2.866106e-01, 2.972634e-02, 1.630935e-07, 2.855981e-06, 4.041463e-08, 7.434205e-07, 1.547821e-10, 8.514643e-07, 2.558489e-10, 4.546530e-08, 7.820822e-08, 5.801751e-11, 2.661098e-08, 3.477395e-03, 2.791702e-12, 1.618374e-09, 1.366818e-02, 4.546355e+00, 1.842886e+03, 1.846108e+03
4.230000e-01, 1.003907e+00, 1.130973e+00, 1.017876e-01, 1.130973e+00, 2.839820e-01, 1.314957e-01, -1.196916e+05, 1.698146e+03, 2.501106e+04, 1.698146e+03, 4.700003e+06, 5.011792e-01, 1.503130e-05, 1.044349e-12, 2.730595e-07, 1.772009e-01, 1.066469e-06, 1.754102e-03, 2.866270e-01, 2.974102e-02, 1.617885e-07, 2.857082e-06, 3.957466e-08, 6.613303e-07, 1.372771e-10, 7.655158e-07, 2.293302e-10, 4.121176e-08, 7.398293e-08, 5.131772e-11, 2.661539e-08, 3.476809e-03, 2.404566e-12, 1.542242e-09, 1.366587e-02, 4.549103e+00, 1.758105e+03, 1.761318e+03
4.350000e-01, 1.046176e+00, 1.130973e+00, 1.017876e-01, 1.130973e+00, 2.838123e-01, 1.314957e-01, -1.838996e+05, 1.696867e+03, 2.501106e+04, 1.696867e+03, 4.700003e+06, 5.013547e-01, 1.485705e-05, 1.014847e-12, 2.687075e-07, 1.770754e-01, 1.006851e-06, 1.676267e-03, 2.866404e-01, 2.975640e-02, 1.605658e-07, 2.858139e-06, 3.881767e-08, 5.909075e-07, 1.221851e-10, 6.909710e-07, 2.062357e-10, 3.748537e-08, 7.011049e-08, 4.561487e-11, 2.661982e-08, 3.476268e-03, 2.084157e-12, 1.471915e-09, 1.366375e-02, 4.551823e+00, 1.679913e+03, 1.683117e+03
4.470000e-01, 1.088470e+00, 1.130973e+00, 1.017876e-01, 1.130973e+00, 2.836455e-01, 1.314957e-01, -1.074598e+05, 1.695626e+03, 2.501106e+04, 1.695626e+03, 4.700003e+06, 5.015186e-01, 1.468509e-05, 9.867846e-13, 2.644771e-07, 1.769577e-01, 9.523483e-07, 1.604313e-03, 2.866510e-01, 2.977231e-02, 1.593331e-07, 2.859140e-06, 3.813291e-08, 5.294875e-07, 1.091924e-10, 6.254268e-07, 1.861670e-10, 3.419509e-08, 6.656331e-08, 4.065928e-11, 2.662428e-08, 3.475769e-03, 1.811354e-12, 1.407189e-09, 1.366178e-02, 4.554501e+00, 1.607644e+03, 1.610840e+03
4.590000e-01, 1.130789e+00, 1.130973e+00, 1.017876e-01, 1.130973e+00, 2.834808e-01, 1.314957e-01, -1.029813e+05, 1.694416e+03, 2.501106e+04, 1.694416e+03, 4.700003e+06, 5.016721e-01, 1.452102e-05, 9.603180e-13, 2.604526e-07, 1.768471e-01, 9.023525e-07, 1.537671e-03, 2.866592e-01, 2.978869e-02, 1.581594e-07, 2.860100e-06, 3.751339e-08, 4.762900e-07, 9.791954e-11, 5.680896e-07, 1.685876e-10, 3.129183e-08, 6.329875e-08, 3.639592e-11, 2.662875e-08, 3.475306e-03, 1.582965e-12, 1.347214e-09, 1.365996e-02, 4.557147e+00, 1.540726e+03, 1.543914e+03
4.710000e-01, 1.173132e+00, 1.130973e+00, 1.017876e-01, 1.130973e+00, 2.833182e-01, 1.314957e-01, -8.515706e+04, 1.693235e+03, 2.501106e+04, 1.693235e+03, 4.700003e+06, 5.018161e-01, 1.436219e-05, 9.351920e-13, 2.565830e-07, 1.767429e-01, 8.563977e-07, 1.475844e-03, 2.866652e-01, 2.980551e-02, 1.570165e-07, 2.861018e-06, 3.695187e-08, 4.298171e-07, 8.809817e-11, 5.175451e-07, 1.531331e-10, 2.871604e-08, 6.029007e-08, 3.269309e-11, 2.663324e-08, 3.474877e-03, 1.389520e-12, 1.291636e-09, 1.365828e-02, 4.559762e+00, 1.478653e+03, 1.481835e+03
4.830000e-01, 1.215499e+00, 1.130973e+00, 1.017876e-01, 1.130973e+00, 2.831573e-01, 1.314957e-01, -1.274917e+05, 1.692079e+03, 2.501106e+04, 1.692079e+03, 4.700003e+06, 5.019515e-01, 1.420913e-05, 9.113017e-13, 2.528685e-07, 1.766444e-01, 8.140430e-07, 1.418396e-03, 2.866691e-01, 2.982277e-02, 1.559148e-07, 2.861901e-06, 3.644254e-08, 3.891502e-07, 7.951669e-11, 4.729627e-07, 1.395180e-10, 2.642851e-08, 5.750967e-08, 2.946744e-11, 2.663774e-08, 3.474478e-03, 1.224802e-12, 1.239988e-09, 1.365671e-02, 4.562353e+00, 1.420988e+03, 1.424163e+03
4.950000e-01, 1.257890e+00, 1.130973e+00, 1.017876e-01, 1.130973e+00, 2.829984e-01, 1.314957e-01, -8.260367e+03, 1.690948e+03, 2.501106e+04, 1.690948e+03, 4.700003e+06, 5.020791e-01, 1.405762e-05, 8.884082e-13, 2.492389e-07, 1.765512e-01, 7.749898e-07, 1.364936e-03, 2.866712e-01, 2.984039e-02, 1.548037e-07, 2.862744e-06, 3.597968e-08, 3.532604e-07, 7.200030e-11, 4.332548e-07, 1.274826e-10, 2.438056e-08, 5.494165e-08, 2.663629e-11, 2.664227e-08, 3.474107e-03, 1.083517e-12, 1.192127e-09, 1.365525e-02, 4.564915e+00, 1.367333e+03, 1.370502e+03
5.070000e-01, 1.300305e+00, 1.130973e+00, 1.017876e-01, 1.130973e+00, 2.828408e-01, 1.314957e-01, -1.281715e+05, 1.689839e+03, 2.501106e+04, 1.689839e+03, 4.700003e+06, 5.021995e-01, 1.391498e-05, 8.667243e-13, 2.458038e-07, 1.764629e-01, 7.388179e-07, 1.315120e-03, 2.866716e-01, 2.985834e-02, 1.537756e-07, 2.863562e-06, 3.555969e-08, 3.217596e-07, 6.536147e-11, 3.981711e-07, 1.167817e-10, 2.255815e-08, 5.255476e-08, 2.416236e-11, 2.664680e-08, 3.473761e-03, 9.629025e-13, 1.147322e-09, 1.365389e-02, 4.567459e+00, 1.317344e+03, 1.320508e+03
5.190000e-01, 1.342744e+00, 1.130973e+00, 1.017876e-01, 1.130973e+00, 2.826845e-01, 1.314957e-01, -1.414186e+04, 1.688748e+03, 2.501106e+04, 1.688748e+03, 4.700003e+06, 5.023134e-01, 1.377141e-05, 8.457546e-13, 2.424027e-07, 1.763789e-01, 7.053511e-07, 1.268641e-03, 2.866704e-01, 2.987666e-02, 1.527134e-07, 2.864344e-06, 3.517752e-08, 2.937558e-07, 5.952948e-11, 3.667017e-07, 1.072928e-10, 2.091569e-08, 5.034450e-08, 2.197293e-11, 2.665135e-08, 3.473438e-03, 8.584671e-13, 1.105776e-09, 1.365262e-02, 4.569984e+00, 1.270709e+03, 1.273868e+03
5.310000e-01, 1.385206e+00, 1.130973e+00, 1.017876e-01, 1.130973e+00, 2.825297e-01, 1.314957e-01, -1.129789e+05, 1.687677e+03, 2.501106e+04, 1.687677e+03, 4.700003e+06, 5.024213e-01, 1.363524e-05, 8.257956e-13, 2.391649e-07, 1.762990e-01, 6.742388e-07, 1.225218e-03, 2.866679e-01, 2.989524e-02, 1.517196e-07, 2.865102e-06, 3.483019e-08, 2.689560e-07, 5.433172e-11, 3.386705e-07, 9.878827e-11, 1.944452e-08, 4.828351e-08, 2.004208e-11, 2.665590e-08, 3.473137e-03, 7.684593e-13, 1.066798e-09, 1.365144e-02, 4.572488e+00, 1.227147e+03, 1.230301e+03
5.430000e-01, 1.427690e+00, 1.130973e+00, 1.017876e-01, 1.130973e+00, 2.823760e-01, 1.314957e-01, 7.172668e+04, 1.686622e+03, 2.501106e+04, 1.686622e+03, 4.700003e+06, 5.025237e-01, 1.349762e-05, 8.064568e-13, 2.359477e-07, 1.762227e-01, 6.454016e-07, 1.184607e-03, 2.866639e-01, 2.991413e-02, 1.506871e-07, 2.865830e-06, 3.451446e-08, 2.467796e-07, 4.975076e-11, 3.133800e-07, 9.122140e-11, 1.811006e-08, 4.637200e-08, 1.832147e-11, 2.666047e-08, 3.472855e-03, 6.894002e-13, 1.030619e-09, 1.365033e-02, 4.574977e+00, 1.186409e+03, 1.189558e+03
5.550000e-01, 1.470198e+00, 1.130973e+00, 1.017876e-01, 1.130973e+00, 2.822238e-01, 1.314957e-01, -1.111179e+05, 1.685585e+03, 2.501106e+04, 1.685585e+03, 4.700003e+06, 5.026209e-01, 1.336879e-05, 7.880469e-13, 2.329077e-07, 1.761500e-01, 6.184386e-07, 1.146577e-03, 2.866589e-01, 2.993317e-02, 1.497433e-07, 2.866537e-06, 3.422700e-08, 2.270960e-07, 4.563002e-11, 2.908399e-07, 8.438927e-11, 1.691653e-08, 4.457877e-08, 1.680196e-11, 2.666505e-08, 3.472591e-03, 6.218989e-13, 9.964529e-10, 1.364929e-02, 4.577443e+00, 1.148266e+03, 1.151411e+03
5.670000e-01, 1.512729e+00, 1.130973e+00, 1.017876e-01, 1.130973e+00, 2.820707e-01, 1.314957e-01, -2.889761e+05, 1.684550e+03, 2.501106e+04, 1.684550e+03, 4.700003e+06, 5.027137e-01, 1.324581e-05, 7.704442e-13, 2.299932e-07, 1.760801e-01, 5.933334e-07, 1.110950e-03, 2.866525e-01, 2.995272e-02, 1.488573e-07, 2.867235e-06, 3.396883e-08, 2.096163e-07, 4.193494e-11, 2.706355e-07, 7.821264e-11, 1.583388e-08, 4.290274e-08, 1.545884e-11, 2.666964e-08, 3.472344e-03, 5.626323e-13, 9.642776e-10, 1.364832e-02, 4.579929e+00, 1.112535e+03, 1.115677e+03
5.790000e-01, 1.555283e+00, 1.130973e+00, 1.017876e-01, 1.130973e+00, 2.819217e-01, 1.314957e-01, 3.434854e+05, 1.683548e+03, 2.501106e+04, 1.683548e+03, 4.700003e+06, 5.028020e-01, 1.310538e-05, 7.526937e-13, 2.268466e-07, 1.760134e-01, 5.700548e-07, 1.077504e-03, 2.866453e-01, 2.997220e-02, 1.477332e-07, 2.867875e-06, 3.372921e-08, 1.933636e-07, 3.874041e-11, 2.517395e-07, 7.281238e-11, 1.483280e-08, 4.136005e-08, 1.420844e-11, 2.667423e-08, 3.472112e-03, 5.084173e-13, 9.351641e-10, 1.364741e-02, 4.582348e+00, 1.078994e+03, 1.082132e+03
5.910000e-01, 1.597859e+00, 1.130973e+00, 1.017876e-01, 1.130973e+00, 2.817731e-01, 1.314957e-01, -6.358972e+04, 1.682555e+03, 2.501106e+04, 1.682555e+03, 4.700003e+06, 5.028861e-01, 1.299186e-05, 7.365770e-13, 2.241562e-07, 1.759496e-01, 5.481086e-07, 1.046094e-03, 2.866374e-01, 2.999169e-02, 1.469238e-07, 2.868530e-06, 3.351555e-08, 1.793734e-07, 3.575273e-11, 2.353707e-07, 6.775914e-11, 1.394529e-08, 3.988804e-08, 1.314177e-11, 2.667880e-08, 3.471894e-03, 4.635157e-13, 9.066489e-10, 1.364656e-02, 4.584766e+00, 1.047500e+03, 1.050634e+03
6.030000e-01, 1.640458e+00, 1.130973e+00, 1.017876e-01, 1.130973e+00, 2.816239e-01, 1.314957e-01, -5.702538e+04, 1.681565e+03, 2.501106e+04, 1.681565e+03, 4.700003e+06, 5.029668e-01, 1.287030e-05, 7.204813e-13, 2.213621e-07, 1.758879e-01, 5.276060e-07, 1.016585e-03, 2.866282e-01, 3.001173e-02, 1.460059e-07, 2.869156e-06, 3.332144e-08, 1.664802e-07, 3.309902e-11, 2.202119e-07, 6.323747e-11, 1.312789e-08, 3.851711e-08, 1.215950e-11, 2.668340e-08, 3.471690e-03, 4.228019e-13, 8.802996e-10, 1.364575e-02, 4.587194e+00, 1.017913e+03, 1.021043e+03
6.150000e-01, 1.683079e+00, 1.130973e+00, 1.017876e-01, 1.130973e+00, 2.814754e-01, 1.314957e-01, -3.780612e+04, 1.680586e+03, 2.501106e+04, 1.680586e+03, 4.700003e+06, 5.030441e-01, 1.275097e-05, 7.049089e-13, 2.186312e-07, 1.758285e-01, 5.083917e-07, 9.888328e-04, 2.866182e-01, 3.003195e-02, 1.451012e-07, 2.869766e-06, 3.314612e-08, 1.548501e-07, 3.070862e-11, 2.064526e-07, 5.913841e-11, 1.238222e-08, 3.723070e-08, 1.127612e-11, 2.668800e-08, 3.471497e-03, 3.867683e-13, 8.555297e-10, 1.364499e-02, 4.589614e+00, 9.900887e+02, 9.932162e+02
6.270000e-01, 1.725723e+00, 1.130973e+00, 1.017876e-01, 1.130973e+00, 2.813277e-01, 1.314957e-01, -4.038251e+04, 1.679616e+03, 2.501106e+04, 1.679616e+03, 4.700003e+06, 5.031182e-01, 1.263402e-05, 6.898322e-13, 2.159642e-07, 1.757712e-01, 4.903606e-07, 9.627119e-04, 2.866074e-01, 3.005235e-02, 1.442129e-07, 2.870360e-06, 3.298818e-08, 1.443203e-07, 2.854619e-11, 1.939272e-07, 5.540924e-11, 1.170070e-08, 3.602180e-08, 1.047875e-11, 2.669261e-08, 3.471316e-03, 3.548313e-13, 8.322004e-10, 1.364428e-02, 4.592025e+00, 9.639023e+02, 9.670269e+02
6.390000e-01, 1.768389e+00, 1.130973e+00, 1.017876e-01, 1.130973e+00, 2.811805e-01, 1.314957e-01, -3.836793e+04, 1.678655e+03, 2.501106e+04, 1.678655e+03, 4.700003e+06, 5.031894e-01, 1.251900e-05, 6.752124e-13, 2.133524e-07, 1.757159e-01, 4.734247e-07, 9.381085e-04, 2.865959e-01, 3.007291e-02, 1.433356e-07, 2.870939e-06, 3.284621e-08, 1.347640e-07, 2.658785e-11, 1.824974e-07, 5.201281e-11, 1.107650e-08, 3.488510e-08, 9.757117e-12, 2.669722e-08, 3.471146e-03, 3.264013e-13, 8.102343e-10, 1.364361e-02, 4.594428e+00, 9.392388e+02, 9.423605e+02
6.510000e-01, 1.811078e+00, 1.130973e+00, 1.017876e-01, 1.130973e+00, 2.810340e-01, 1.314957e-01, -3.264574e+04, 1.677702e+03, 2.501106e+04, 1.677702e+03, 4.700003e+06, 5.032578e-01, 1.240579e-05, 6.610241e-13, 2.107930e-07, 1.756625e-01, 4.574994e-07, 9.149181e-04, 2.865837e-01, 3.009362e-02, 1.424687e-07, 2.871504e-06, 3.271901e-08, 1.260726e-07, 2.481033e-11, 1.720467e-07, 4.891291e-11, 1.050376e-08, 3.381516e-08, 9.102585e-12, 2.670183e-08, 3.470985e-03, 3.010294e-13, 7.895352e-10, 1.364298e-02, 4.596823e+00, 9.159930e+02, 9.191121e+02
6.630000e-01, 1.853788e+00, 1.130973e+00, 1.017876e-01, 1.130973e+00, 2.808881e-01, 1.314957e-01, -3.184533e+04, 1.676758e+03, 2.501106e+04, 1.676758e+03, 4.700003e+06, 5.033236e-01, 1.229445e-05, 6.472488e-13, 2.082851e-07, 1.756107e-01, 4.425074e-07, 8.930451e-04, 2.865709e-01, 3.011449e-02, 1.416134e-07, 2.872057e-06, 3.260556e-08, 1.181550e-07, 2.319343e-11, 1.624785e-07, 4.607824e-11, 9.977600e-09, 3.280691e-08, 8.507878e-12, 2.670645e-08, 3.470833e-03, 2.783489e-13, 7.700070e-10, 1.364238e-02, 4.599212e+00, 8.940690e+02, 8.971857e+02
6.750000e-01, 1.896521e+00, 1.130973e+00, 1.017876e-01, 1.130973e+00, 2.807426e-01, 1.314957e-01, -3.159130e+04, 1.675820e+03, 2.501106e+04, 1.675820e+03, 4.700003e+06, 5.033871e-01, 1.218480e-05, 6.338612e-13, 2.058250e-07, 1.755606e-01, 4.283797e-07, 8.724020e-04, 2.865575e-01, 3.013550e-02, 1.407681e-07, 2.872597e-06, 3.250485e-08, 1.109270e-07, 2.171987e-11, 1.537010e-07, 4.348161e-11, 9.493386e-09, 3.185597e-08, 7.966310e-12, 2.671107e-08, 3.470690e-03, 2.580118e-13, 7.515755e-10, 1.364182e-02, 4.601595e+00, 8.733788e+02, 8.764931e+02
6.870000e-01, 1.939276e+00, 1.130973e+00, 1.017876e-01, 1.130973e+00, 2.805976e-01, 1.314957e-01, -2.986449e+04, 1.674890e+03, 2.501106e+04, 1.674890e+03, 4.700003e+06, 5.034484e-01, 1.207674e-05, 6.208416e-13, 2.034101e-07, 1.755119e-01, 4.150536e-07, 8.529077e-04, 2.865436e-01, 3.015665e-02, 1.399322e-07, 2.873126e-06, 3.241598e-08, 1.043164e-07, 2.037452e-11, 1.456351e-07, 4.109900e-11, 9.047071e-09, 3.095831e-08, 7.472171e-12, 2.671568e-08, 3.470555e-03, 2.397323e-13, 7.341689e-10, 1.364129e-02, 4.603972e+00, 8.538409e+02, 8.569530e+02
6.990000e-01, 1.982053e+00, 1.130973e+00, 1.017876e-01, 1.130973e+00, 2.804531e-01, 1.314957e-01, -2.565109e+04, 1.673966e+03, 2.501106e+04, 1.673966e+03, 4.700003e+06, 5.035075e-01, 1.197021e-05, 6.081729e-13, 2.010383e-07, 1.754646e-01, 4.024718e-07, 8.344877e-04, 2.865291e-01, 3.017793e-02, 1.391049e-07, 2.873644e-06, 3.233812e-08, 9.825983e-08, 1.914410e-11, 1.382108e-07, 3.890920e-11, 8.635078e-09, 3.011020e-08, 7.020500e-12, 2.672030e-08, 3.470427e-03, 2.232689e-13, 7.177203e-10, 1.364079e-02, 4.606344e+00, 8.353805e+02, 8.384904e+02
7.110000e-01, 2.024851e+00, 1.130973e+00, 1.017876e-01, 1.130973e+00, 2.803090e-01, 1.314957e-01, -2.352159e+04, 1.673047e+03, 2.501106e+04, 1.673047e+03, 4.700003e+06, 5.035648e-01, 1.186517e-05, 5.958393e-13, 1.987083e-07, 1.754187e-01, 3.905815e-07, 8.170751e-04, 2.865141e-01, 3.019933e-02, 1.382867e-07, 2.874152e-06, 3.227056e-08, 9.270199e-08, 1.801666e-11, 1.313680e-07, 3.689329e-11, 8.254325e-09, 2.930822e-08, 6.606919e-12, 2.672491e-08, 3.470307e-03, 2.084098e-13, 7.021658e-10, 1.364032e-02, 4.608712e+00, 8.179304e+02, 8.210383e+02
7.230000e-01, 2.067672e+00, 1.130973e+00, 1.017876e-01, 1.130973e+00, 2.801653e-01, 1.314957e-01, -2.374397e+04, 1.672135e+03, 2.501106e+04, 1.672135e+03, 4.700003e+06, 5.036202e-01, 1.176159e-05, 5.838260e-13, 1.964185e-07, 1.753739e-01, 3.793349e-07, 8.006072e-04, 2.864986e-01, 3.022085e-02, 1.374773e-07, 2.874651e-06, 3.221263e-08, 8.759414e-08, 1.698193e-11, 1.250525e-07, 3.503474e-11, 7.902019e-09, 2.854924e-08, 6.227622e-12, 2.672952e-08, 3.470193e-03, 1.949757e-13, 6.874481e-10, 1.363987e-02, 4.611076e+00, 8.014277e+02, 8.045338e+02
7.350000e-01, 2.110515e+00, 1.130973e+00, 1.017876e-01, 1.130973e+00, 2.800220e-01, 1.314957e-01, -2.445412e+04, 1.671227e+03, 2.501106e+04, 1.671227e+03, 4.700003e+06, 5.036738e-01, 1.165936e-05, 5.721181e-13, 1.941668e-07, 1.753303e-01, 3.686878e-07, 7.850256e-04, 2.864827e-01, 3.024248e-02, 1.366758e-07, 2.875141e-06, 3.216367e-08, 8.289166e-08, 1.603071e-11, 1.192145e-07, 3.331868e-11, 7.575581e-09, 2.783040e-08, 5.879119e-12, 2.673414e-08, 3.470085e-03, 1.828012e-13, 6.735165e-10, 1.363944e-02, 4.613436e+00, 7.858137e+02, 7.889179e+02
7.470000e-01, 2.153380e+00, 1.130973e+00, 1.017876e-01, 1.130973e+00, 2.798790e-01, 1.314957e-01, -2.369099e+04, 1.670325e+03, 2.501106e+04, 1.670325e+03, 4.700003e+06, 5.037259e-01, 1.155843e-05, 5.607019e-13, 1.919514e-07, 1.752878e-01, 3.585999e-07, 7.702763e-04, 2.864664e-01, 3.026423e-02, 1.358818e-07, 2.875622e-06, 3.212312e-08, 7.855486e-08, 1.515484e-11, 1.138094e-07, 3.173178e-11, 7.272683e-09, 2.714911e-08, 5.558325e-12, 2.673874e-08, 3.469983e-03, 1.717416e-13, 6.603240e-10, 1.363904e-02, 4.615793e+00, 7.710343e+02, 7.741367e+02
7.590000e-01, 2.196267e+00, 1.130973e+00, 1.017876e-01, 1.130973e+00, 2.797364e-01, 1.314957e-01, -1.899688e+04, 1.669427e+03, 2.501106e+04, 1.669427e+03, 4.700003e+06, 5.037765e-01, 1.145870e-05, 5.495647e-13, 1.897704e-07, 1.752462e-01, 3.490349e-07, 7.563102e-04, 2.864497e-01, 3.028608e-02, 1.350944e-07, 2.876096e-06, 3.209045e-08, 7.454947e-08, 1.434732e-11, 1.087979e-07, 3.026253e-11, 6.991283e-09, 2.650299e-08, 5.262589e-12, 2.674335e-08, 3.469886e-03, 1.616748e-13, 6.478286e-10, 1.363866e-02, 4.618147e+00, 7.570400e+02, 7.601407e+02
7.710000e-01, 2.239175e+00, 1.130973e+00, 1.017876e-01, 1.130973e+00, 2.795940e-01, 1.314957e-01, -1.436258e+04, 1.668533e+03, 2.501106e+04, 1.668533e+03, 4.700003e+06, 5.038257e-01, 1.136019e-05, 5.386972e-13, 1.876234e-07, 1.752056e-01, 3.399573e-07, 7.430801e-04, 2.864326e-01, 3.030803e-02, 1.343142e-07, 2.876562e-06, 3.206516e-08, 7.084450e-08, 1.360140e-11, 1.041455e-07, 2.889992e-11, 6.729559e-09, 2.588970e-08, 4.989512e-12, 2.674795e-08, 3.469794e-03, 1.524965e-13, 6.359844e-10, 1.363830e-02, 4.620498e+00, 7.437836e+02, 7.468828e+02
7.830000e-01, 2.282105e+00, 1.130973e+00, 1.017876e-01, 1.130973e+00, 2.794520e-01, 1.314957e-01, -1.126720e+04, 1.667644e+03, 2.501106e+04, 1.667644e+03, 4.700003e+06, 5.038736e-01, 1.126288e-05, 5.280892e-13, 1.855095e-07, 1.751659e-01, 3.313357e-07, 7.305435e-04, 2.864152e-01, 3.033008e-02, 1.335411e-07, 2.877021e-06, 3.204682e-08, 6.741335e-08, 1.291144e-11, 9.982192e-08, 2.763467e-11, 6.485921e-09, 2.530715e-08, 4.737044e-12, 2.675255e-08, 3.469707e-03, 1.441188e-13, 6.247516e-10, 1.363796e-02, 4.622846e+00, 7.312224e+02, 7.343200e+02
7.950000e-01, 2.325057e+00, 1.130973e+00, 1.017876e-01, 1.130973e+00, 2.793102e-01, 1.314957e-01, -1.415275e+04, 1.666759e+03, 2.501106e+04, 1.666759e+03, 4.700003e+06, 5.039202e-01, 1.116676e-05, 5.177305e-13, 1.834277e-07, 1.751270e-01, 3.231397e-07, 7.186602e-04, 2.863974e-01, 3.035222e-02, 1.327754e-07, 2.877474e-06, 3.203503e-08, 6.423150e-08, 1.227217e-11, 9.579974e-08, 2.645815e-11, 6.258945e-09, 2.475332e-08, 4.503283e-12, 2.675714e-08, 3.469625e-03, 1.364621e-13, 6.140909e-10, 1.363764e-02, 4.625193e+00, 7.193160e+02, 7.224122e+02
8.070000e-01, 2.368031e+00, 1.130973e+00, 1.017876e-01, 1.130973e+00, 2.791687e-01, 1.314957e-01, -1.966767e+04, 1.665877e+03, 2.501106e+04, 1.665877e+03, 4.700003e+06, 5.039656e-01, 1.107176e-05, 5.076114e-13, 1.813766e-07, 1.750888e-01, 3.153429e-07, 7.073929e-04, 2.863794e-01, 3.037445e-02, 1.320164e-07, 2.877920e-06, 3.202941e-08, 6.127675e-08, 1.167911e-11, 9.205324e-08, 2.536289e-11, 6.047265e-09, 2.422647e-08, 4.286526e-12, 2.676173e-08, 3.469547e-03, 1.294510e-13, 6.039709e-10, 1.363733e-02, 4.627537e+00, 7.080271e+02, 7.111219e+02
8.190000e-01, 2.411027e+00, 1.130973e+00, 1.017876e-01, 1.130973e+00, 2.790274e-01, 1.314957e-01, -2.092306e+04, 1.664998e+03, 2.501106e+04, 1.664998e+03, 4.700003e+06, 5.040099e-01, 1.097777e-05, 4.977218e-13, 1.793541e-07, 1.750514e-01, 3.079211e-07, 6.967072e-04, 2.863610e-01, 3.039678e-02, 1.312629e-07, 2.878360e-06, 3.202961e-08, 5.852855e-08, 1.112839e-11, 8.855819e-08, 2.434224e-11, 5.849590e-09, 2.372507e-08, 4.085210e-12, 2.676631e-08, 3.469473e-03, 1.230127e-13, 5.943656e-10, 1.363704e-02, 4.629881e+00, 6.973210e+02, 7.004145e+02
8.310000e-01, 2.454044e+00, 1.130973e+00, 1.017876e-01, 1.130973e+00, 2.788863e-01, 1.314957e-01, -1.676291e+04, 1.664122e+03, 2.501106e+04, 1.664122e+03, 4.700003e+06, 5.040532e-01, 1.088474e-05, 4.880529e-13, 1.773592e-07, 1.750147e-01, 3.008512e-07, 6.865705e-04, 2.863423e-01, 3.041919e-02, 1.305145e-07, 2.878795e-06, 3.203527e-08, 5.596824e-08, 1.061623e-11, 8.529220e-08, 2.338972e-11, 5.664687e-09, 2.324764e-08, 3.897916e-12, 2.677089e-08, 3.469403e-03, 1.170862e-13, 5.852491e-10, 1.363676e-02, 4.632223e+00, 6.871653e+02, 6.902575e+02
8.430000e-01, 2.497083e+00, 1.130973e+00, 1.017876e-01, 1.130973e+00, 2.787455e-01, 1.314957e-01, -6.013166e+03, 1.663250e+03, 2.501106e+04, 1.663250e+03, 4.700003e+06, 5.040955e-01, 1.079263e-05, 4.785964e-13, 1.753908e-07, 1.749787e-01, 2.941122e-07, 6.769531e-04, 2.863233e-01, 3.044169e-02, 1.297706e-07, 2.879226e-06, 3.204603e-08, 5.357926e-08, 1.013930e-11, 8.223528e-08, 2.249954e-11, 5.491446e-09, 2.279280e-08, 3.723395e-12, 2.677547e-08, 3.469336e-03, 1.116183e-13, 5.765975e-10, 1.363650e-02, 4.634563e+00, 6.775299e+02, 6.806208e+02
8.550000e-01, 2.540144e+00, 1.130973e+00, 1.017876e-01, 1.130973e+00, 2.786049e-01, 1.314957e-01, -9.963061e+00, 1.662381e+03, 2.501106e+04, 1.662381e+03, 4.700003e+06, 5.041369e-01, 1.070153e-05, 4.693479e-13, 1.734497e-07, 1.749432e-01, 2.876823e-07, 6.678265e-04, 2.863041e-01, 3.046427e-02, 1.290328e-07, 2.879651e-06, 3.206167e-08, 5.134937e-08, 9.694480e-12, 7.937464e-08, 2.166678e-11, 5.329228e-09, 2.235901e-08, 3.560700e-12, 2.678003e-08, 3.469273e-03, 1.065842e-13, 5.683746e-10, 1.363625e-02, 4.636902e+00, 6.683863e+02, 6.714761e+02
8.670000e-01, 2.583227e+00, 1.130973e+00, 1.017876e-01, 1.130973e+00, 2.784645e-01, 1.314957e-01, -7.388625e+03, 1.661514e+03, 2.501106e+04, 1.661514e+03, 4.700003e+06, 5.041774e-01, 1.061151e-05, 4.603038e-13, 1.715365e-07, 1.749083e-01, 2.815422e-07, 6.591643e-04, 2.862847e-01, 3.048693e-02, 1.283024e-07, 2.880072e-06, 3.208198e-08, 4.926709e-08, 9.278896e-12, 7.669835e-08, 2.088690e-11, 5.177455e-09, 2.194484e-08, 3.408940e-12, 2.678460e-08, 3.469213e-03, 1.019582e-13, 5.605472e-10, 1.363602e-02, 4.639240e+00, 6.597082e+02, 6.627968e+02
8.790000e-01, 2.626331e+00, 1.130973e+00, 1.017876e-01, 1.130973e+00, 2.783242e-01, 1.314957e-01, -3.102339e+04, 1.660650e+03, 2.501106e+04, 1.660650e+03, 4.700003e+06, 5.042171e-01, 1.052261e-05, 4.514609e-13, 1.696511e-07, 1.748740e-01, 2.756749e-07, 6.509422e-04, 2.862650e-01, 3.050966e-02, 1.275803e-07, 2.880486e-06, 3.210685e-08, 4.732176e-08, 8.890131e-12, 7.419647e-08, 2.015630e-11, 5.035764e-09, 2.154906e-08, 3.267274e-12, 2.678915e-08, 3.469156e-03, 9.770942e-14, 5.530834e-10, 1.363579e-02, 4.641579e+00, 6.514711e+02, 6.545586e+02
8.910000e-01, 2.669457e+00, 1.130973e+00, 1.017876e-01, 1.130973e+00, 2.781840e-01, 1.314957e-01, -5.224924e+04, 1.659788e+03, 2.501106e+04, 1.659788e+03, 4.700003e+06, 5.042560e-01, 1.043465e-05, 4.428121e-13, 1.677909e-07, 1.748402e-01, 2.700669e-07, 6.431370e-04, 2.862450e-01, 3.053247e-02, 1.268641e-07, 2.880895e-06, 3.213603e-08, 4.549970e-08, 8.526197e-12, 7.185015e-08, 1.947088e-11, 4.903054e-09, 2.117093e-08, 3.134707e-12, 2.679370e-08, 3.469102e-03, 9.377455e-14, 5.459782e-10, 1.363558e-02, 4.643918e+00, 6.436516e+02, 6.467380e+02
9.030000e-01, 2.712605e+00, 1.130973e+00, 1.017876e-01, 1.130973e+00, 2.780439e-01, 1.314957e-01, -3.499774e+04, 1.658928e+03, 2.501106e+04, 1.658928e+03, 4.700003e+06, 5.042942e-01, 1.034727e-05, 4.343459e-13, 1.659510e-07, 1.748069e-01, 2.647082e-07, 6.357267e-04, 2.862249e-01, 3.055537e-02, 1.261484e-07, 2.881301e-06, 3.216916e-08, 4.378484e-08, 8.185602e-12, 6.963438e-08, 1.882661e-11, 4.777759e-09, 2.081016e-08, 3.010109e-12, 2.679825e-08, 3.469051e-03, 9.006127e-14, 5.392468e-10, 1.363538e-02, 4.646257e+00, 6.362279e+02, 6.393133e+02
9.150000e-01, 2.755775e+00, 1.130973e+00, 1.017876e-01, 1.130973e+00, 2.779042e-01, 1.314957e-01, 1.890700e+04, 1.658071e+03, 2.501106e+04, 1.658071e+03, 4.700003e+06, 5.043316e-01, 1.026033e-05, 4.260446e-13, 1.641293e-07, 1.747740e-01, 2.595828e-07, 6.286910e-04, 2.862045e-01, 3.057834e-02, 1.254312e-07, 2.881708e-06, 3.220565e-08, 4.216853e-08, 7.866921e-12, 6.753289e-08, 1.821994e-11, 4.658492e-09, 2.046593e-08, 2.892883e-12, 2.680279e-08, 3.469003e-03, 8.655112e-14, 5.328931e-10, 1.363519e-02, 4.648593e+00, 6.291794e+02, 6.322638e+02
9.270000e-01, 2.798966e+00, 1.130973e+00, 1.017876e-01, 1.130973e+00, 2.777650e-01, 1.314957e-01, 9.814048e+04, 1.657218e+03, 2.501106e+04, 1.657218e+03, 4.700003e+06, 5.043684e-01, 1.017382e-05, 4.178964e-13, 1.623254e-07, 1.747415e-01, 2.546750e-07, 6.220106e-04, 2.861839e-01, 3.060136e-02, 1.247122e-07, 2.882118e-06, 3.224509e-08, 4.064392e-08, 7.568562e-12, 6.553576e-08, 1.764797e-11, 4.544478e-09, 2.013730e-08, 2.782518e-12, 2.680731e-08, 3.468956e-03, 8.324627e-14, 5.269053e-10, 1.363501e-02, 4.650924e+00, 6.224868e+02, 6.255703e+02
9.390000e-01, 2.842179e+00, 1.130973e+00, 1.017876e-01, 1.130973e+00, 2.776258e-01, 1.314957e-01, 7.758895e+04, 1.656367e+03, 2.501106e+04, 1.656367e+03, 4.700003e+06, 5.044046e-01, 1.008903e-05, 4.099342e-13, 1.605555e-07, 1.747095e-01, 2.499590e-07, 6.156678e-04, 2.861632e-01, 3.062441e-02, 1.240115e-07, 2.882516e-06, 3.228820e-08, 3.922441e-08, 7.286619e-12, 6.369211e-08, 1.711160e-11, 4.440044e-09, 1.982078e-08, 2.679596e-12, 2.681183e-08, 3.468912e-03, 8.036191e-14, 5.211112e-10, 1.363483e-02, 4.653255e+00, 6.161325e+02, 6.192151e+02
9.510000e-01, 2.885413e+00, 1.130973e+00, 1.017876e-01, 1.130973e+00, 2.774868e-01, 1.314957e-01, -2.125692e+03, 1.655517e+03, 2.501106e+04, 1.655517e+03, 4.700003e+06, 5.044401e-01, 1.000579e-05, 4.021611e-13, 1.588173e-07, 1.746780e-01, 2.454308e-07, 6.096458e-04, 2.861424e-01, 3.064750e-02, 1.233262e-07, 2.882904e-06, 3.233502e-08, 3.789747e-08, 7.020057e-12, 6.198025e-08, 1.660702e-11, 4.343940e-09, 1.951632e-08, 2.583312e-12, 2.681635e-08, 3.468871e-03, 7.778565e-14, 5.155192e-10, 1.363467e-02, 4.655586e+00, 6.100998e+02, 6.131815e+02
9.630000e-01, 2.928669e+00, 1.130973e+00, 1.017876e-01, 1.130973e+00, 2.773477e-01, 1.314957e-01, -4.824493e+03, 1.654669e+03, 2.501106e+04, 1.654669e+03, 4.700003e+06, 5.044750e-01, 9.923119e-06, 3.945737e-13, 1.570989e-07, 1.746467e-01, 2.411028e-07, 6.039295e-04, 2.861213e-01, 3.067067e-02, 1.226416e-07, 2.883289e-06, 3.238542e-08, 3.663505e-08, 6.769385e-12, 6.034030e-08, 1.612792e-11, 4.252191e-09, 1.922590e-08, 2.492004e-12, 2.682085e-08, 3.468831e-03, 7.519614e-14, 5.102298e-10, 1.363452e-02, 4.657921e+00, 6.043731e+02, 6.074540e+02
9.750000e-01, 2.971947e+00, 1.130973e+00, 1.017876e-01, 1.130973e+00, 2.772086e-01, 1.314957e-01, -1.227585e+04, 1.653821e+03, 2.501106e+04, 1.653821e+03, 4.700003e+06, 5.045095e-01, 9.840833e-06, 3.871065e-13, 1.553946e-07, 1.746158e-01, 2.369396e-07, 5.985040e-04, 2.861000e-01, 3.069394e-02, 1.219568e-07, 2.883675e-06, 3.243850e-08, 3.544105e-08, 6.532955e-12, 5.878470e-08, 1.567488e-11, 4.164923e-09, 1.894727e-08, 2.405685e-12, 2.682535e-08, 3.468794e-03, 7.277984e-14, 5.052170e-10, 1.363437e-02, 4.660257e+00, 5.989378e+02, 6.020178e+02
9.870000e-01, 3.015247e+00, 1.130973e+00, 1.017876e-01, 1.130973e+00, 2.770696e-01, 1.314957e-01, -1.504727e+04, 1.652975e+03, 2.501106e+04, 1.652975e+03, 4.700003e+06, 5.045435e-01, 9.758470e-06, 3.797264e-13, 1.536974e-07, 1.745852e-01, 2.329286e-07, 5.933557e-04, 2.860785e-01, 3.071733e-02, 1.212658e-07, 2.884067e-06, 3.249375e-08, 3.430732e-08, 6.310209e-12, 5.729837e-08, 1.524610e-11, 4.080802e-09, 1.868004e-08, 2.323759e-12, 2.682985e-08, 3.468758e-03, 7.051731e-14, 5.005051e-10, 1.363423e-02, 4.662595e+00, 5.937801e+02, 5.968593e+02
9.990000e-01, 3.058568e+00, 1.130973e+00, 1.017876e-01, 1.130973e+00, 2.769308e-01, 1.314957e-01, -9.982401e+02, 1.652130e+03, 2.501106e+04, 1.652130e+03, 4.700003e+06, 5.045770e-01, 9.677229e-06, 3.725296e-13, 1.520269e-07, 1.745548e-01, 2.290811e-07, 5.884710e-04, 2.860569e-01, 3.074077e-02, 1.205834e-07, 2.884452e-06, 3.255205e-08, 3.323797e-08, 6.099639e-12, 5.590234e-08, 1.484138e-11, 4.002607e-09, 1.842364e-08, 2.246475e-12, 2.683433e-08, 3.468724e-03, 6.842855e-14, 4.959942e-10, 1.363410e-02, 4.664934e+00, 5.888864e+02, 5.919649e+02
1.011000e+00, 3.101911e+00, 1.130973e+00, 1.017876e-01, 1.130973e+00, 2.767921e-01, 1.314957e-01, 1.628662e+04, 1.651288e+03, 2.501106e+04, 1.651288e+03, 4.700003e+06, 5.046101e-01, 9.597152e-06, 3.655096e-13, 1.503832e-07, 1.745248e-01, 2.253858e-07, 5.838374e-04, 2.860352e-01, 3.076425e-02, 1.199107e-07, 2.884831e-06, 3.261327e-08, 3.223057e-08, 5.900385e-12, 5.459323e-08, 1.445917e-11, 3.930078e-09, 1.817727e-08, 2.173673e-12, 2.683881e-08, 3.468692e-03, 6.651626e-14, 4.916661e-10, 1.363397e-02, 4.667271e+00, 5.842443e+02, 5.873221e+02
1.023000e+00, 3.145276e+00, 1.130973e+00, 1.017876e-01, 1.130973e+00, 2.766534e-01, 1.314957e-01, -5.021189e+02, 1.650446e+03, 2.501106e+04, 1.650446e+03, 4.700003e+06, 5.046427e-01, 9.517753e-06, 3.586134e-13, 1.487567e-07, 1.744951e-01, 2.218214e-07, 5.794432e-04, 2.860132e-01, 3.078779e-02, 1.192426e-07, 2.885206e-06, 3.267702e-08, 3.127667e-08, 5.711758e-12, 5.334679e-08, 1.409532e-11, 3.860925e-09, 1.794000e-08, 2.104940e-12, 2.684328e-08, 3.468662e-03, 6.469272e-14, 4.875384e-10, 1.363385e-02, 4.669611e+00, 5.798420e+02, 5.829191e+02
1.035000e+00, 3.188662e+00, 1.130973e+00, 1.017876e-01, 1.130973e+00, 2.765146e-01, 1.314957e-01, -2.587371e+04, 1.649604e+03, 2.501106e+04, 1.649604e+03, 4.700003e+06, 5.046749e-01, 9.438941e-06, 3.518425e-13, 1.471467e-07, 1.744656e-01, 2.183842e-07, 5.752773e-04, 2.859912e-01, 3.081140e-02, 1.185776e-07, 2.885579e-06, 3.274327e-08, 3.037337e-08, 5.533201e-12, 5.216194e-08, 1.374964e-11, 3.795081e-09, 1.771161e-08, 2.039989e-12, 2.684775e-08, 3.468633e-03, 6.296093e-14, 4.836068e-10, 1.363374e-02, 4.671955e+00, 5.756684e+02, 5.787448e+02
1.047000e+00, 3.232070e+00, 1.130973e+00, 1.017876e-01, 1.130973e+00, 2.763757e-01, 1.314957e-01, -3.298134e+04, 1.648762e+03, 2.501106e+04, 1.648762e+03, 4.700003e+06, 5.047068e-01, 9.360368e-06, 3.451801e-13, 1.455479e-07, 1.744364e-01, 2.150688e-07, 5.713296e-04, 2.859689e-01, 3.083511e-02, 1.179109e-07, 2.885951e-06, 3.281180e-08, 2.951515e-08, 5.364262e-12, 5.103130e-08, 1.342162e-11, 3.731845e-09, 1.749201e-08, 1.978340e-12, 2.685221e-08, 3.468606e-03, 6.130709e-14, 4.798883e-10, 1.363363e-02, 4.674303e+00, 5.717133e+02, 5.747890e+02
1.059000e+00, 3.275500e+00, 1.130973e+00, 1.017876e-01, 1.130973e+00, 2.762371e-01, 1.314957e-01, -1.135759e+04, 1.647923e+03, 2.501106e+04, 1.647923e+03, 4.700003e+06, 5.047383e-01, 9.282537e-06, 3.386558e-13, 1.439697e-07, 1.744073e-01, 2.118805e-07, 5.675902e-04, 2.859465e-01, 3.085889e-02, 1.172477e-07, 2.886328e-06, 3.288230e-08, 2.869146e-08, 5.202702e-12, 4.995572e-08, 1.310945e-11, 3.672508e-09, 1.728143e-08, 1.918853e-12, 2.685666e-08, 3.468580e-03, 5.977662e-14, 4.763720e-10, 1.363353e-02, 4.676648e+00, 5.679668e+02, 5.710418e+02
1.071000e+00, 3.318952e+00, 1.130973e+00, 1.017876e-01, 1.130973e+00, 2.760989e-01, 1.314957e-01, 3.583930e+04, 1.647087e+03, 2.501106e+04, 1.647087e+03, 4.700003e+06, 5.047695e-01, 9.205538e-06, 3.322729e-13, 1.424133e-07, 1.743785e-01, 2.088143e-07, 5.640501e-04, 2.859240e-01, 3.088273e-02, 1.165890e-07, 2.886709e-06, 3.295465e-08, 2.790047e-08, 5.048028e-12, 4.893486e-08, 1.281249e-11, 3.617300e-09, 1.707944e-08, 1.861395e-12, 2.686110e-08, 3.468556e-03, 5.838126e-14, 4.730428e-10, 1.363343e-02, 4.678989e+00, 5.644198e+02, 5.674942e+02
1.083000e+00, 3.362426e+00, 1.130973e+00, 1.017876e-01, 1.130973e+00, 2.759606e-01, 1.314957e-01, 1.887728e+04, 1.646251e+03, 2.501106e+04, 1.646251e+03, 4.700003e+06, 5.048003e-01, 9.129334e-06, 3.260093e-13, 1.408744e-07, 1.743499e-01, 2.058418e-07, 5.607001e-04, 2.859014e-01, 3.090658e-02, 1.159377e-07, 2.887076e-06, 3.302930e-08, 2.716008e-08, 4.902445e-12, 4.797122e-08, 1.253071e-11, 3.565308e-09, 1.688351e-08, 1.808105e-12, 2.686554e-08, 3.468533e-03, 5.707734e-14, 4.698270e-10, 1.363334e-02, 4.681334e+00, 5.610634e+02, 5.641371e+02
1.095000e+00, 3.405921e+00, 1.130973e+00, 1.017876e-01, 1.130973e+00, 2.758224e-01, 1.314957e-01, -7.351960e+03, 1.645417e+03, 2.501106e+04, 1.645417e+03, 4.700003e+06, 5.048307e-01, 9.053895e-06, 3.198740e-13, 1.393543e-07, 1.743215e-01, 2.029702e-07, 5.575318e-04, 2.858787e-01, 3.093047e-02, 1.152918e-07, 2.887439e-06, 3.310604e-08, 2.645856e-08, 4.764231e-12, 4.705631e-08, 1.226249e-11, 3.516124e-09, 1.669442e-08, 1.757747e-12, 2.686996e-08, 3.468511e-03, 5.584629e-14, 4.667527e-10, 1.363326e-02, 4.683679e+00, 5.578888e+02, 5.609620e+02
1.107000e+00, 3.449438e+00, 1.130973e+00, 1.017876e-01, 1.130973e+00, 2.756844e-01, 1.314957e-01, 1.148976e+04, 1.644584e+03, 2.501106e+04, 1.644584e+03, 4.700003e+06, 5.048609e-01, 8.979092e-06, 3.138702e-13, 1.378525e-07, 1.742934e-01, 2.002050e-07, 5.545368e-04, 2.858558e-01, 3.095442e-02, 1.146485e-07, 2.887805e-06, 3.318476e-08, 2.578552e-08, 4.631946e-12, 4.617957e-08, 1.200615e-11, 3.468848e-09, 1.651290e-08, 1.709260e-12, 2.687438e-08, 3.468490e-03, 5.464749e-14, 4.638501e-10, 1.363317e-02, 4.686024e+00, 5.548879e+02, 5.579605e+02
1.119000e+00, 3.492977e+00, 1.130973e+00, 1.017876e-01, 1.130973e+00, 2.755464e-01, 1.314957e-01, 1.347817e+04, 1.643751e+03, 2.501106e+04, 1.643751e+03, 4.700003e+06, 5.048907e-01, 8.904815e-06, 3.079677e-13, 1.363652e-07, 1.742654e-01, 1.975270e-07, 5.517083e-04, 2.858329e-01, 3.097842e-02, 1.140077e-07, 2.888170e-06, 3.326519e-08, 2.514308e-08, 4.505889e-12, 4.534312e-08, 1.176154e-11, 3.424064e-09, 1.633756e-08, 1.663011e-12, 2.687879e-08, 3.468471e-03, 5.352841e-14, 4.610926e-10, 1.363310e-02, 4.688371e+00, 5.520537e+02, 5.551257e+02
1.131000e+00, 3.536538e+00, 1.130973e+00, 1.017876e-01, 1.130973e+00, 2.754085e-01, 1.314957e-01, -6.825083e+02, 1.642920e+03, 2.501106e+04, 1.642920e+03, 4.700003e+06, 5.049203e-01, 8.831019e-06, 3.021613e-13, 1.348916e-07, 1.742376e-01, 1.949313e-07, 5.490386e-04, 2.858098e-01, 3.100250e-02, 1.133691e-07, 2.888534e-06, 3.334723e-08, 2.452844e-08, 4.385577e-12, 4.454377e-08, 1.152784e-11, 3.381606e-09, 1.616811e-08, 1.618778e-12, 2.688319e-08, 3.468452e-03, 5.248504e-14, 4.584764e-10, 1.363303e-02, 4.690719e+00, 5.493784e+02, 5.524499e+02
1.143000e+00, 3.580120e+00, 1.130973e+00, 1.017876e-01, 1.130973e+00, 2.752706e-01, 1.314957e-01, -1.138023e+03, 1.642089e+03, 2.501106e+04, 1.642089e+03, 4.700003e+06, 5.049497e-01, 8.757923e-06, 2.964769e-13, 1.334358e-07, 1.742099e-01, 1.924221e-07, 5.465212e-04, 2.857866e-01, 3.102663e-02, 1.127350e-07, 2.888896e-06, 3.343116e-08, 2.394206e-08, 4.270708e-12, 4.378245e-08, 1.130476e-11, 3.341492e-09, 1.600459e-08, 1.576594e-12, 2.688758e-08, 3.468435e-03, 5.149740e-14, 4.559848e-10, 1.363296e-02, 4.693068e+00, 5.468558e+02, 5.499268e+02
1.155000e+00, 3.623725e+00, 1.130973e+00, 1.017876e-01, 1.130973e+00, 2.751327e-01, 1.314957e-01, 3.814052e+03, 1.641259e+03, 2.501106e+04, 1.641259e+03, 4.700003e+06, 5.049788e-01, 8.685475e-06, 2.909057e-13, 1.319967e-07, 1.741824e-01, 1.899935e-07, 5.441495e-04, 2.857633e-01, 3.105081e-02, 1.121048e-07, 2.889256e-06, 3.351685e-08, 2.338173e-08, 4.160909e-12, 4.305632e-08, 1.109157e-11, 3.303574e-09, 1.584662e-08, 1.536295e-12, 2.689197e-08, 3.468419e-03, 5.056486e-14, 4.536137e-10, 1.363289e-02, 4.695420e+00, 5.444790e+02, 5.475495e+02
1.167000e+00, 3.667351e+00, 1.130973e+00, 1.017876e-01, 1.130973e+00, 2.749950e-01, 1.314957e-01, 1.489275e+03, 1.640430e+03, 2.501106e+04, 1.640430e+03, 4.700003e+06, 5.050077e-01, 8.613609e-06, 2.854362e-13, 1.305728e-07, 1.741550e-01, 1.876395e-07, 5.419176e-04, 2.857399e-01, 3.107504e-02, 1.114780e-07, 2.889616e-06, 3.360414e-08, 2.284505e-08, 4.055813e-12, 4.236185e-08, 1.088747e-11, 3.267584e-09, 1.569390e-08, 1.497693e-12, 2.689635e-08, 3.468403e-03, 4.968317e-14, 4.513625e-10, 1.363283e-02, 4.697772e+00, 5.422422e+02, 5.453122e+02
1.179000e+00, 3.710999e+00, 1.130973e+00, 1.017876e-01, 1.130973e+00, 2.748572e-01, 1.314957e-01, -1.070503e+03, 1.639601e+03, 2.501106e+04, 1.639601e+03, 4.700003e+06, 5.050363e-01, 8.542321e-06, 2.800690e-13, 1.291642e-07, 1.741277e-01, 1.853570e-07, 5.398195e-04, 2.857164e-01, 3.109933e-02, 1.108544e-07, 2.889975e-06, 3.369301e-08, 2.233089e-08, 3.955189e-12, 4.169762e-08, 1.069203e-11, 3.233455e-09, 1.554619e-08, 1.460714e-12, 2.690071e-08, 3.468389e-03, 4.885054e-14, 4.492255e-10, 1.363278e-02, 4.700126e+00, 5.401394e+02, 5.432089e+02
1.191000e+00, 3.754669e+00, 1.130973e+00, 1.017876e-01, 1.130973e+00, 2.747196e-01, 1.314957e-01, 2.613096e+03, 1.638774e+03, 2.501106e+04, 1.638774e+03, 4.700003e+06, 5.050647e-01, 8.471584e-06, 2.748027e-13, 1.277704e-07, 1.741006e-01, 1.831428e-07, 5.378496e-04, 2.856928e-01, 3.112368e-02, 1.102337e-07, 2.890332e-06, 3.378338e-08, 2.183813e-08, 3.858852e-12, 4.106210e-08, 1.050485e-11, 3.201104e-09, 1.540327e-08, 1.425289e-12, 2.690508e-08, 3.468375e-03, 4.806675e-14, 4.471989e-10, 1.363272e-02, 4.702481e+00, 5.381650e+02, 5.412340e+02
1.203000e+00, 3.798361e+00, 1.130973e+00, 1.017876e-01, 1.130973e+00, 2.745819e-01, 1.314957e-01, 5.833600e+03, 1.637947e+03, 2.501106e+04, 1.637947e+03, 4.700003e+06, 5.050930e-01, 8.401429e-06, 2.696357e-13, 1.263916e-07, 1.740736e-01, 1.809941e-07, 5.360029e-04, 2.856691e-01, 3.114807e-02, 1.096164e-07, 2.890689e-06, 3.387526e-08, 2.136544e-08, 3.766470e-12, 4.045378e-08, 1.032540e-11, 3.170460e-09, 1.526492e-08, 1.391310e-12, 2.690943e-08, 3.468363e-03, 4.732634e-14, 4.452762e-10, 1.363267e-02, 4.704838e+00, 5.363139e+02, 5.393825e+02
1.215000e+00, 3.842075e+00, 1.130973e+00, 1.017876e-01, 1.130973e+00, 2.744444e-01, 1.314957e-01, 7.847495e+03, 1.637121e+03, 2.501106e+04, 1.637121e+03, 4.700003e+06, 5.051210e-01, 8.331861e-06, 2.645664e-13, 1.250279e-07, 1.740468e-01, 1.789082e-07, 5.342743e-04, 2.856453e-01, 3.117252e-02, 1.090027e-07, 2.891045e-06, 3.396862e-08, 2.091172e-08, 3.677803e-12, 3.987134e-08, 1.015325e-11, 3.141459e-09, 1.513095e-08, 1.358697e-12, 2.691377e-08, 3.468351e-03, 4.662630e-14, 4.434520e-10, 1.363263e-02, 4.707197e+00, 5.345811e+02, 5.376493e+02
1.227000e+00, 3.885810e+00, 1.130973e+00, 1.017876e-01, 1.130973e+00, 2.743069e-01, 1.314957e-01, 4.312134e+03, 1.636295e+03, 2.501106e+04, 1.636295e+03, 4.700003e+06, 5.051489e-01, 8.262860e-06, 2.595910e-13, 1.236786e-07, 1.740200e-01, 1.768816e-07, 5.326593e-04, 2.856214e-01, 3.119703e-02, 1.083925e-07, 2.891400e-06, 3.406343e-08, 2.047575e-08, 3.592612e-12, 3.931303e-08, 9.987910e-12, 3.113977e-09, 1.500112e-08, 1.327356e-12, 2.691811e-08, 3.468340e-03, 4.596219e-14, 4.417219e-10, 1.363258e-02, 4.709557e+00, 5.329620e+02, 5.360297e+02
1.239000e+00, 3.929568e+00, 1.130973e+00, 1.017876e-01, 1.130973e+00, 2.741694e-01, 1.314957e-01, -3.964593e+03, 1.635470e+03, 2.501106e+04, 1.635470e+03, 4.700003e+06, 5.051766e-01, 8.194419e-06, 2.547076e-13, 1.223436e-07, 1.739933e-01, 1.749116e-07, 5.311532e-04, 2.855974e-01, 3.122158e-02, 1.077857e-07, 2.891754e-06, 3.415966e-08, 2.005655e-08, 3.510707e-12, 3.877758e-08, 9.829011e-12, 3.087939e-09, 1.487524e-08, 1.297219e-12, 2.692243e-08, 3.468329e-03, 4.533193e-14, 4.400821e-10, 1.363254e-02, 4.711918e+00, 5.314520e+02, 5.345193e+02
1.251000e+00, 3.973348e+00, 1.130973e+00, 1.017876e-01, 1.130973e+00, 2.740319e-01, 1.314957e-01, -1.002085e+04, 1.634645e+03, 2.501106e+04, 1.634645e+03, 4.700003e+06, 5.052041e-01, 8.126518e-06, 2.499153e-13, 1.210226e-07, 1.739667e-01, 1.729959e-07, 5.297517e-04, 2.855733e-01, 3.124619e-02, 1.071819e-07, 2.892108e-06, 3.425724e-08, 1.965330e-08, 3.431968e-12, 3.826377e-08, 9.676290e-12, 3.063264e-09, 1.475316e-08, 1.268233e-12, 2.692675e-08, 3.468320e-03, 4.473624e-14, 4.385309e-10, 1.363250e-02, 4.714282e+00, 5.300467e+02, 5.331136e+02
1.263000e+00, 4.017149e+00, 1.130973e+00, 1.017876e-01, 1.130973e+00, 2.738945e-01, 1.314957e-01, -8.585328e+03, 1.633822e+03, 2.501106e+04, 1.633822e+03, 4.700003e+06, 5.052315e-01, 8.059132e-06, 2.452125e-13, 1.197154e-07, 1.739402e-01, 1.711320e-07, 5.284507e-04, 2.855491e-01, 3.127085e-02, 1.065807e-07, 2.892461e-06, 3.435608e-08, 1.926523e-08, 3.356284e-12, 3.777041e-08, 9.529484e-12, 3.039870e-09, 1.463472e-08, 1.240348e-12, 2.693106e-08, 3.468311e-03, 4.417527e-14, 4.370666e-10, 1.363247e-02, 4.716647e+00, 5.287420e+02, 5.318085e+02
1.275000e+00, 4.060973e+00, 1.130973e+00, 1.017876e-01, 1.130973e+00, 2.737572e-01, 1.314957e-01, 4.641296e+03, 1.632998e+03, 2.501106e+04, 1.632998e+03, 4.700003e+06, 5.052588e-01, 7.992244e-06, 2.405977e-13, 1.184218e-07, 1.739138e-01, 1.693175e-07, 5.272462e-04, 2.855249e-01, 3.129556e-02, 1.059819e-07, 2.892813e-06, 3.445613e-08, 1.889159e-08, 3.283539e-12, 3.729643e-08, 9.388341e-12, 3.017686e-09, 1.451977e-08, 1.213517e-12, 2.693536e-08, 3.468303e-03, 4.364909e-14, 4.356873e-10, 1.363244e-02, 4.719013e+00, 5.275340e+02, 5.306001e+02
1.287000e+00, 4.104818e+00, 1.130973e+00, 1.017876e-01, 1.130973e+00, 2.736199e-01, 1.314957e-01, 1.000217e+04, 1.632176e+03, 2.501106e+04, 1.632176e+03, 4.700003e+06, 5.052858e-01, 7.925910e-06, 2.360678e-13, 1.171420e-07, 1.738875e-01, 1.675505e-07, 5.261347e-04, 2.855006e-01, 3.132032e-02, 1.053866e-07, 2.893165e-06, 3.455750e-08, 1.853129e-08, 3.213366e-12, 3.684090e-08, 9.252316e-12, 2.996703e-09, 1.440813e-08, 1.187639e-12, 2.693965e-08, 3.468295e-03, 4.314856e-14, 4.343832e-10, 1.363241e-02, 4.721381e+00, 5.264190e+02, 5.294848e+02
1.299000e+00, 4.148685e+00, 1.130973e+00, 1.017876e-01, 1.130973e+00, 2.734826e-01, 1.314957e-01, 1.326527e+04, 1.631354e+03, 2.501106e+04, 1.631354e+03, 4.700003e+06, 5.053128e-01, 7.860111e-06, 2.316219e-13, 1.158756e-07, 1.738613e-01, 1.658290e-07, 5.251126e-04, 2.854761e-01, 3.134513e-02, 1.047946e-07, 2.893516e-06, 3.466011e-08, 1.818374e-08, 3.145687e-12, 3.640292e-08, 9.121225e-12, 2.976863e-09, 1.429965e-08, 1.162678e-12, 2.694394e-08, 3.468288e-03, 4.267469e-14, 4.331530e-10, 1.363238e-02, 4.723751e+00, 5.253936e+02, 5.284590e+02
1.311000e+00, 4.192575e+00, 1.130973e+00, 1.017876e-01, 1.130973e+00, 2.733454e-01, 1.314957e-01, 1.052799e+04, 1.630532e+03, 2.501106e+04, 1.630532e+03, 4.700003e+06, 5.053396e-01, 7.794860e-06, 2.272581e-13, 1.146227e-07, 1.738351e-01, 1.641513e-07, 5.241767e-04, 2.854516e-01, 3.136999e-02, 1.042061e-07, 2.893868e-06, 3.476397e-08, 1.784824e-08, 3.080329e-12, 3.598174e-08, 8.994778e-12, 2.958137e-09, 1.419422e-08, 1.138581e-12, 2.694821e-08, 3.468282e-03, 4.222490e-14, 4.319926e-10, 1.363235e-02, 4.726122e+00, 5.244545e+02, 5.275195e+02
1.323000e+00, 4.236486e+00, 1.130973e+00, 1.017876e-01, 1.130973e+00, 2.732082e-01, 1.314957e-01, 7.675158e+03, 1.629711e+03, 2.501106e+04, 1.629711e+03, 4.700003e+06, 5.053663e-01, 7.730122e-06, 2.229758e-13, 1.133829e-07, 1.738090e-01, 1.625150e-07, 5.233236e-04, 2.854270e-01, 3.139490e-02, 1.036207e-07, 2.894218e-06, 3.486906e-08, 1.752432e-08, 3.017256e-12, 3.557637e-08, 8.872801e-12, 2.940439e-09, 1.409166e-08, 1.115318e-12, 2.695248e-08, 3.468276e-03, 4.179783e-14, 4.308994e-10, 1.363233e-02, 4.728496e+00, 5.235982e+02, 5.266629e+02
1.335000e+00, 4.280420e+00, 1.130973e+00, 1.017876e-01, 1.130973e+00, 2.730710e-01, 1.314957e-01, 4.369985e+03, 1.628890e+03, 2.501106e+04, 1.628890e+03, 4.700003e+06, 5.053929e-01, 7.665889e-06, 2.187736e-13, 1.121560e-07, 1.737829e-01, 1.609185e-07, 5.225502e-04, 2.854024e-01, 3.141986e-02, 1.030383e-07, 2.894567e-06, 3.497538e-08, 1.721148e-08, 2.956364e-12, 3.518609e-08, 8.755082e-12, 2.923726e-09, 1.399183e-08, 1.092851e-12, 2.695674e-08, 3.468271e-03, 4.139120e-14, 4.298696e-10, 1.363231e-02, 4.730872e+00, 5.228218e+02, 5.258862e+02
