Distance_PFRC9_(m), Plug_flow_residence_time_PFRC9_(sec), Internal_surface_area_per_unit_distance_PFRC9_(m), Cross-section_area_PFRC9_(m2), External_surface_area_per_unit_distance_PFRC9_(m), Velocity_PFRC9_(m/sec), Exit_mass_flow_rate_PFRC9_(kg/sec), Volumetric_heat_production_rate_PFRC9_(J/m3-sec), Surface_temperature_PFRC9_(K), Heat_loss_rate_PFRC9_(J/m-sec), Temperature_PFRC9_(K), Pressure_PFRC9_(Pa), Mass_fraction_H2_PFRC9_(), Mass_fraction_H_PFRC9_(), Mass_fraction_OH_PFRC9_(), Mass_fraction_H2O_PFRC9_(), Mass_fraction_CH3_PFRC9_(), Mass_fraction_CH4_PFRC9_(), Mass_fraction_CO_PFRC9_(), Mass_fraction_CO2_PFRC9_(), Mass_fraction_HCO_PFRC9_(), Mass_fraction_CH2O_PFRC9_(), Mass_fraction_CH3OH_PFRC9_(), Mass_fraction_C2H2_PFRC9_(), Mass_fraction_C2H3_PFRC9_(), Mass_fraction_C2H4_PFRC9_(), Mass_fraction_C2H5_PFRC9_(), Mass_fraction_C2H6_PFRC9_(), Mass_fraction_CH2CO_PFRC9_(), Mass_fraction_HCCOH_PFRC9_(), Mass_fraction_N2_PFRC9_(), Mass_fraction_C3H8_PFRC9_(), Mass_fraction_CH3CHO_PFRC9_(), Molecular_weight_PFRC9_(kg/mole), Mass_density_PFRC9_(kg/m3), Unburned_hydrocarbons_PFRC9_(ppm), Volatile_organic_compounds_PFRC9_(ppm)
0.000000e+00, 0.000000e+00, 1.735181e-01, 2.395960e-03, 1.735181e-01, 9.176463e+00, 1.081631e-01, -1.605472e+06, 1.653617e+03, 0.000000e+00, 1.653617e+03, 4.700000e+06, 6.339779e-02, 6.498936e-07, 2.314976e-07, 2.623271e-01, 1.338108e-05, 3.431267e-02, 5.158471e-01, 1.163421e-01, 2.150002e-07, 5.405892e-06, 6.624893e-07, 2.327918e-04, 4.213395e-08, 3.741957e-04, 9.762503e-08, 2.551876e-05, 2.994903e-06, 3.009473e-08, 7.116943e-03, 3.737976e-08, 7.311149e-08, 1.439116e-02, 4.919536e+00, 3.145832e+04, 3.146343e+04
1.000000e-02, 1.089987e-03, 1.735181e-01, 2.395960e-03, 1.735181e-01, 9.172416e+00, 1.081631e-01, -1.387829e+06, 1.652812e+03, 2.057880e+04, 1.652812e+03, 4.699998e+06, 6.340765e-02, 6.448932e-07, 2.291356e-07, 2.622936e-01, 1.326743e-05, 3.428981e-02, 5.158888e-01, 1.163502e-01, 2.139217e-07, 5.404276e-06, 6.582718e-07, 2.308687e-04, 4.163171e-08, 3.729170e-04, 9.699044e-08, 2.549585e-05, 2.976976e-06, 2.972020e-08, 7.116943e-03, 3.730963e-08, 7.301152e-08, 1.439051e-02, 4.921707e+00, 3.143281e+04, 3.143791e+04
2.000000e-02, 2.180450e-03, 1.735181e-01, 2.395960e-03, 1.735181e-01, 9.168414e+00, 1.081631e-01, -1.265004e+06, 1.652019e+03, 2.057880e+04, 1.652019e+03, 4.699998e+06, 6.341774e-02, 6.399581e-07, 2.268103e-07, 2.622544e-01, 1.315615e-05, 3.426935e-02, 5.159200e-01, 1.163736e-01, 2.128455e-07, 5.402590e-06, 6.540730e-07, 2.281776e-04, 4.103622e-08, 3.707778e-04, 9.617869e-08, 2.544207e-05, 2.958388e-06, 2.925001e-08, 7.116943e-03, 3.716164e-08, 7.288711e-08, 1.438989e-02, 4.923855e+00, 3.140778e+04, 3.141286e+04
3.000000e-02, 3.271388e-03, 1.735181e-01, 2.395960e-03, 1.735181e-01, 9.164443e+00, 1.081631e-01, -1.182674e+06, 1.651235e+03, 2.057880e+04, 1.651235e+03, 4.699998e+06, 6.342802e-02, 6.350825e-07, 2.245179e-07, 2.622111e-01, 1.304673e-05, 3.425031e-02, 5.159434e-01, 1.164081e-01, 2.117739e-07, 5.400890e-06, 6.499268e-07, 2.251576e-04, 4.039483e-08, 3.681536e-04, 9.526969e-08, 2.537006e-05, 2.939814e-06, 2.874179e-08, 7.116943e-03, 3.696890e-08, 7.275759e-08, 1.438929e-02, 4.925988e+00, 3.138318e+04, 3.138825e+04
4.000000e-02, 4.362797e-03, 1.735181e-01, 2.395960e-03, 1.735181e-01, 9.160493e+00, 1.081631e-01, -1.123452e+06, 1.650456e+03, 2.057880e+04, 1.650456e+03, 4.699998e+06, 6.343845e-02, 6.302614e-07, 2.222555e-07, 2.621650e-01, 1.293886e-05, 3.423215e-02, 5.159609e-01, 1.164508e-01, 2.107081e-07, 5.399185e-06, 6.458272e-07, 2.219978e-04, 3.973654e-08, 3.652957e-04, 9.431716e-08, 2.528893e-05, 2.921332e-06, 2.821993e-08, 7.116943e-03, 3.675420e-08, 7.262589e-08, 1.438870e-02, 4.928113e+00, 3.135901e+04, 3.136406e+04
5.000000e-02, 5.454676e-03, 1.735181e-01, 2.395960e-03, 1.735181e-01, 9.156556e+00, 1.081631e-01, -1.078154e+06, 1.649681e+03, 2.057880e+04, 1.649681e+03, 4.699999e+06, 6.344897e-02, 6.254910e-07, 2.200216e-07, 2.621168e-01, 1.283237e-05, 3.421460e-02, 5.159737e-01, 1.164996e-01, 2.096483e-07, 5.397480e-06, 6.417714e-07, 2.187915e-04, 3.907563e-08, 3.623308e-04, 9.334797e-08, 2.520331e-05, 2.902980e-06, 2.769629e-08, 7.116943e-03, 3.652906e-08, 7.249351e-08, 1.438813e-02, 4.930231e+00, 3.133524e+04, 3.134028e+04
6.000000e-02, 6.547024e-03, 1.735181e-01, 2.395960e-03, 1.735181e-01, 9.152630e+00, 1.081631e-01, -1.041430e+06, 1.648909e+03, 2.057880e+04, 1.648909e+03, 4.699999e+06, 6.345954e-02, 6.207684e-07, 2.178148e-07, 2.620673e-01, 1.272715e-05, 3.419750e-02, 5.159829e-01, 1.165529e-01, 2.085947e-07, 5.395782e-06, 6.377575e-07, 2.155876e-04, 3.841946e-08, 3.593260e-04, 9.237626e-08, 2.511567e-05, 2.884777e-06, 2.717703e-08, 7.116943e-03, 3.629962e-08, 7.236128e-08, 1.438756e-02, 4.932346e+00, 3.131188e+04, 3.131689e+04
7.000000e-02, 7.639840e-03, 1.735181e-01, 2.395960e-03, 1.735181e-01, 9.148712e+00, 1.081631e-01, -1.010206e+06, 1.648140e+03, 2.057880e+04, 1.648140e+03, 4.699999e+06, 6.347011e-02, 6.160910e-07, 2.156342e-07, 2.620168e-01, 1.262312e-05, 3.418078e-02, 5.159892e-01, 1.166096e-01, 2.075474e-07, 5.394092e-06, 6.337843e-07, 2.124118e-04, 3.777187e-08, 3.563178e-04, 9.140961e-08, 2.502739e-05, 2.866732e-06, 2.666535e-08, 7.116943e-03, 3.606924e-08, 7.222966e-08, 1.438701e-02, 4.934458e+00, 3.128890e+04, 3.129390e+04
8.000000e-02, 8.733124e-03, 1.735181e-01, 2.395960e-03, 1.735181e-01, 9.144800e+00, 1.081631e-01, -9.825982e+05, 1.647373e+03, 2.057880e+04, 1.647373e+03, 4.699999e+06, 6.348067e-02, 6.114572e-07, 2.134790e-07, 2.619657e-01, 1.252023e-05, 3.416439e-02, 5.159932e-01, 1.166689e-01, 2.065063e-07, 5.392414e-06, 6.298509e-07, 2.092771e-04, 3.713469e-08, 3.533249e-04, 9.045184e-08, 2.493917e-05, 2.848849e-06, 2.616276e-08, 7.116943e-03, 3.583965e-08, 7.209888e-08, 1.438647e-02, 4.936569e+00, 3.126630e+04, 3.127129e+04
9.000000e-02, 9.826875e-03, 1.735181e-01, 2.395960e-03, 1.735181e-01, 9.140894e+00, 1.081631e-01, -9.575085e+05, 1.646608e+03, 2.057880e+04, 1.646608e+03, 4.699999e+06, 6.349117e-02, 6.068653e-07, 2.113487e-07, 2.619143e-01, 1.241843e-05, 3.414831e-02, 5.159953e-01, 1.167300e-01, 2.054712e-07, 5.390748e-06, 6.259567e-07, 2.061890e-04, 3.650862e-08, 3.503563e-04, 8.950466e-08, 2.485135e-05, 2.831129e-06, 2.566986e-08, 7.116943e-03, 3.561170e-08, 7.196907e-08, 1.438593e-02, 4.938679e+00, 3.124408e+04, 3.124905e+04
1.000000e-01, 1.092109e-02, 1.735181e-01, 2.395960e-03, 1.735181e-01, 9.136991e+00, 1.081631e-01, -9.342812e+05, 1.645845e+03, 2.057880e+04, 1.645845e+03, 4.699999e+06, 6.350162e-02, 6.023141e-07, 2.092426e-07, 2.618627e-01, 1.231770e-05, 3.413251e-02, 5.159958e-01, 1.167927e-01, 2.044421e-07, 5.389096e-06, 6.221010e-07, 2.031501e-04, 3.589396e-08, 3.474163e-04, 8.856888e-08, 2.476412e-05, 2.813570e-06, 2.518686e-08, 7.116943e-03, 3.538580e-08, 7.184029e-08, 1.438541e-02, 4.940789e+00, 3.122222e+04, 3.122718e+04
1.100000e-01, 1.201578e-02, 1.735181e-01, 2.395960e-03, 1.735181e-01, 9.133092e+00, 1.081631e-01, -9.123787e+05, 1.645084e+03, 2.057880e+04, 1.645084e+03, 4.700000e+06, 6.351199e-02, 5.978026e-07, 2.071603e-07, 2.618110e-01, 1.221801e-05, 3.411700e-02, 5.159949e-01, 1.168565e-01, 2.034190e-07, 5.387457e-06, 6.182833e-07, 2.001611e-04, 3.529068e-08, 3.445076e-04, 8.764488e-08, 2.467759e-05, 2.796172e-06, 2.471374e-08, 7.116943e-03, 3.516221e-08, 7.171257e-08, 1.438489e-02, 4.942898e+00, 3.120073e+04, 3.120566e+04
1.200000e-01, 1.311093e-02, 1.735181e-01, 2.395960e-03, 1.735181e-01, 9.129197e+00, 1.081631e-01, -8.915022e+05, 1.644324e+03, 2.057880e+04, 1.644324e+03, 4.700000e+06, 6.352228e-02, 5.933298e-07, 2.051014e-07, 2.617594e-01, 1.211933e-05, 3.410175e-02, 5.159928e-01, 1.169212e-01, 2.024016e-07, 5.385834e-06, 6.145029e-07, 1.972225e-04, 3.469876e-08, 3.416315e-04, 8.673284e-08, 2.459182e-05, 2.778932e-06, 2.425046e-08, 7.116943e-03, 3.494107e-08, 7.158592e-08, 1.438438e-02, 4.945007e+00, 3.117958e+04, 3.118450e+04
1.300000e-01, 1.420655e-02, 1.735181e-01, 2.395960e-03, 1.735181e-01, 9.125305e+00, 1.081631e-01, -8.714320e+05, 1.643566e+03, 2.057880e+04, 1.643566e+03, 4.700000e+06, 6.353248e-02, 5.888950e-07, 2.030653e-07, 2.617080e-01, 1.202165e-05, 3.408677e-02, 5.159896e-01, 1.169866e-01, 2.013900e-07, 5.384225e-06, 6.107594e-07, 1.943335e-04, 3.411796e-08, 3.387879e-04, 8.583264e-08, 2.450681e-05, 2.761848e-06, 2.379681e-08, 7.116943e-03, 3.472237e-08, 7.146036e-08, 1.438388e-02, 4.947116e+00, 3.115878e+04, 3.116369e+04
1.400000e-01, 1.530264e-02, 1.735181e-01, 2.395960e-03, 1.735181e-01, 9.121415e+00, 1.081631e-01, -8.520596e+05, 1.642810e+03, 2.057880e+04, 1.642810e+03, 4.700000e+06, 6.354258e-02, 5.844975e-07, 2.010518e-07, 2.616567e-01, 1.192494e-05, 3.407205e-02, 5.159854e-01, 1.170525e-01, 2.003841e-07, 5.382632e-06, 6.070521e-07, 1.914928e-04, 3.354798e-08, 3.359759e-04, 8.494392e-08, 2.442254e-05, 2.744917e-06, 2.335250e-08, 7.116943e-03, 3.450605e-08, 7.133585e-08, 1.438339e-02, 4.949226e+00, 3.113832e+04, 3.114321e+04
1.500000e-01, 1.639920e-02, 1.735181e-01, 2.395960e-03, 1.735181e-01, 9.117528e+00, 1.081631e-01, -8.333556e+05, 1.642055e+03, 2.057880e+04, 1.642055e+03, 4.700000e+06, 6.355259e-02, 5.801366e-07, 1.990605e-07, 2.616056e-01, 1.182919e-05, 3.405759e-02, 5.159804e-01, 1.171189e-01, 1.993837e-07, 5.381054e-06, 6.033805e-07, 1.886991e-04, 3.298856e-08, 3.331946e-04, 8.406647e-08, 2.433899e-05, 2.728136e-06, 2.291731e-08, 7.116943e-03, 3.429202e-08, 7.121238e-08, 1.438291e-02, 4.951336e+00, 3.111820e+04, 3.112307e+04
1.600000e-01, 1.749622e-02, 1.735181e-01, 2.395960e-03, 1.735181e-01, 9.113644e+00, 1.081631e-01, -8.151061e+05, 1.641301e+03, 2.057880e+04, 1.641301e+03, 4.700001e+06, 6.356250e-02, 5.758118e-07, 1.970909e-07, 2.615548e-01, 1.173437e-05, 3.404337e-02, 5.159745e-01, 1.171857e-01, 1.983889e-07, 5.379490e-06, 5.997441e-07, 1.859516e-04, 3.243946e-08, 3.304439e-04, 8.320009e-08, 2.425615e-05, 2.711504e-06, 2.249102e-08, 7.116943e-03, 3.408029e-08, 7.108994e-08, 1.438243e-02, 4.953446e+00, 3.109840e+04, 3.110326e+04
1.700000e-01, 1.859371e-02, 1.735181e-01, 2.395960e-03, 1.735181e-01, 9.109762e+00, 1.081631e-01, -7.973304e+05, 1.640548e+03, 2.057880e+04, 1.640548e+03, 4.700001e+06, 6.357232e-02, 5.715226e-07, 1.951429e-07, 2.615042e-01, 1.164049e-05, 3.402941e-02, 5.159678e-01, 1.172527e-01, 1.973995e-07, 5.377942e-06, 5.961424e-07, 1.832495e-04, 3.190048e-08, 3.277233e-04, 8.234465e-08, 2.417403e-05, 2.695018e-06, 2.207344e-08, 7.116943e-03, 3.387082e-08, 7.096852e-08, 1.438197e-02, 4.955557e+00, 3.107892e+04, 3.108377e+04
1.800000e-01, 1.969166e-02, 1.735181e-01, 2.395960e-03, 1.735181e-01, 9.105882e+00, 1.081631e-01, -7.800322e+05, 1.639797e+03, 2.057880e+04, 1.639797e+03, 4.700001e+06, 6.358203e-02, 5.672686e-07, 1.932160e-07, 2.614538e-01, 1.154751e-05, 3.401568e-02, 5.159603e-01, 1.173201e-01, 1.964156e-07, 5.376409e-06, 5.925748e-07, 1.805920e-04, 3.137143e-08, 3.250327e-04, 8.149998e-08, 2.409261e-05, 2.678676e-06, 2.166437e-08, 7.116943e-03, 3.366361e-08, 7.084810e-08, 1.438151e-02, 4.957668e+00, 3.105976e+04, 3.106460e+04
1.900000e-01, 2.079009e-02, 1.735181e-01, 2.395960e-03, 1.735181e-01, 9.102004e+00, 1.081631e-01, -7.630812e+05, 1.639048e+03, 2.057880e+04, 1.639048e+03, 4.700001e+06, 6.359165e-02, 5.630491e-07, 1.913100e-07, 2.614038e-01, 1.145543e-05, 3.400219e-02, 5.159521e-01, 1.173876e-01, 1.954370e-07, 5.374891e-06, 5.890409e-07, 1.779781e-04, 3.085206e-08, 3.223713e-04, 8.066586e-08, 2.401189e-05, 2.662475e-06, 2.126361e-08, 7.116943e-03, 3.345857e-08, 7.072866e-08, 1.438106e-02, 4.959780e+00, 3.104091e+04, 3.104573e+04
2.000000e-01, 2.188898e-02, 1.735181e-01, 2.395960e-03, 1.735181e-01, 9.098129e+00, 1.081631e-01, -7.463708e+05, 1.638299e+03, 2.057880e+04, 1.638299e+03, 4.700001e+06, 6.360117e-02, 5.588637e-07, 1.894245e-07, 2.613540e-01, 1.136423e-05, 3.398894e-02, 5.159433e-01, 1.174554e-01, 1.944637e-07, 5.373387e-06, 5.855402e-07, 1.754067e-04, 3.034212e-08, 3.197383e-04, 7.984204e-08, 2.393182e-05, 2.646413e-06, 2.087095e-08, 7.116943e-03, 3.325565e-08, 7.061018e-08, 1.438061e-02, 4.961893e+00, 3.102237e+04, 3.102717e+04
2.100000e-01, 2.298834e-02, 1.735181e-01, 2.395960e-03, 1.735181e-01, 9.094256e+00, 1.081631e-01, -7.299653e+05, 1.637552e+03, 2.057880e+04, 1.637552e+03, 4.700001e+06, 6.361059e-02, 5.547122e-07, 1.875593e-07, 2.613045e-01, 1.127390e-05, 3.397592e-02, 5.159338e-01, 1.175234e-01, 1.934956e-07, 5.371898e-06, 5.820722e-07, 1.728774e-04, 2.984149e-08, 3.171339e-04, 7.902846e-08, 2.385243e-05, 2.630489e-06, 2.048622e-08, 7.116943e-03, 3.305487e-08, 7.049266e-08, 1.438017e-02, 4.964006e+00, 3.100413e+04, 3.100892e+04
2.200000e-01, 2.408817e-02, 1.735181e-01, 2.395960e-03, 1.735181e-01, 9.090384e+00, 1.081631e-01, -7.139560e+05, 1.636806e+03, 2.057880e+04, 1.636806e+03, 4.700002e+06, 6.361991e-02, 5.505940e-07, 1.857140e-07, 2.612553e-01, 1.118443e-05, 3.396312e-02, 5.159236e-01, 1.175915e-01, 1.925328e-07, 5.370424e-06, 5.786363e-07, 1.703892e-04, 2.934994e-08, 3.145574e-04, 7.822491e-08, 2.377370e-05, 2.614699e-06, 2.010924e-08, 7.116943e-03, 3.285618e-08, 7.037607e-08, 1.437974e-02, 4.966120e+00, 3.098617e+04, 3.099095e+04
2.300000e-01, 2.518847e-02, 1.735181e-01, 2.395960e-03, 1.735181e-01, 9.086515e+00, 1.081631e-01, -6.983218e+05, 1.636061e+03, 2.057880e+04, 1.636061e+03, 4.700002e+06, 6.362915e-02, 5.465088e-07, 1.838884e-07, 2.612064e-01, 1.109579e-05, 3.395054e-02, 5.159128e-01, 1.176597e-01, 1.915750e-07, 5.368964e-06, 5.752322e-07, 1.679412e-04, 2.886726e-08, 3.120083e-04, 7.743120e-08, 2.369562e-05, 2.599041e-06, 1.973980e-08, 7.116943e-03, 3.265952e-08, 7.026040e-08, 1.437932e-02, 4.968235e+00, 3.096851e+04, 3.097328e+04
2.400000e-01, 2.628924e-02, 1.735181e-01, 2.395960e-03, 1.735181e-01, 9.082647e+00, 1.081631e-01, -6.827368e+05, 1.635318e+03, 2.057880e+04, 1.635318e+03, 4.700002e+06, 6.363829e-02, 5.424562e-07, 1.820822e-07, 2.611577e-01, 1.100799e-05, 3.393818e-02, 5.159014e-01, 1.177282e-01, 1.906224e-07, 5.367518e-06, 5.718594e-07, 1.655325e-04, 2.839326e-08, 3.094860e-04, 7.664714e-08, 2.361817e-05, 2.583515e-06, 1.937775e-08, 7.116943e-03, 3.246486e-08, 7.014563e-08, 1.437890e-02, 4.970350e+00, 3.095114e+04, 3.095588e+04
2.500000e-01, 2.739047e-02, 1.735181e-01, 2.395960e-03, 1.735181e-01, 9.078782e+00, 1.081631e-01, -6.675212e+05, 1.634575e+03, 2.057880e+04, 1.634575e+03, 4.700002e+06, 6.364733e-02, 5.384357e-07, 1.802951e-07, 2.611093e-01, 1.092101e-05, 3.392604e-02, 5.158894e-01, 1.177967e-01, 1.896748e-07, 5.366086e-06, 5.685174e-07, 1.631623e-04, 2.792773e-08, 3.069900e-04, 7.587255e-08, 2.354133e-05, 2.568116e-06, 1.902288e-08, 7.116943e-03, 3.227215e-08, 7.003173e-08, 1.437849e-02, 4.972467e+00, 3.093404e+04, 3.093877e+04
2.600000e-01, 2.849218e-02, 1.735181e-01, 2.395960e-03, 1.735181e-01, 9.074918e+00, 1.081631e-01, -6.525330e+05, 1.633834e+03, 2.057880e+04, 1.633834e+03, 4.700002e+06, 6.365629e-02, 5.344471e-07, 1.785269e-07, 2.610612e-01, 1.083483e-05, 3.391411e-02, 5.158768e-01, 1.178654e-01, 1.887322e-07, 5.364667e-06, 5.652059e-07, 1.608299e-04, 2.747052e-08, 3.045199e-04, 7.510728e-08, 2.346510e-05, 2.552845e-06, 1.867505e-08, 7.116943e-03, 3.208135e-08, 6.991871e-08, 1.437809e-02, 4.974584e+00, 3.091721e+04, 3.092193e+04
2.700000e-01, 2.959435e-02, 1.735181e-01, 2.395960e-03, 1.735181e-01, 9.071056e+00, 1.081631e-01, -6.378454e+05, 1.633093e+03, 2.057880e+04, 1.633093e+03, 4.700002e+06, 6.366515e-02, 5.304899e-07, 1.767773e-07, 2.610134e-01, 1.074945e-05, 3.390239e-02, 5.158636e-01, 1.179342e-01, 1.877946e-07, 5.363263e-06, 5.619244e-07, 1.585345e-04, 2.702144e-08, 3.020753e-04, 7.435116e-08, 2.338947e-05, 2.537698e-06, 1.833409e-08, 7.116943e-03, 3.189243e-08, 6.980653e-08, 1.437770e-02, 4.976702e+00, 3.090066e+04, 3.090537e+04
2.800000e-01, 3.069699e-02, 1.735181e-01, 2.395960e-03, 1.735181e-01, 9.067196e+00, 1.081631e-01, -6.236612e+05, 1.632354e+03, 2.057880e+04, 1.632354e+03, 4.700003e+06, 6.367393e-02, 5.265638e-07, 1.750461e-07, 2.609658e-01, 1.066486e-05, 3.389087e-02, 5.158499e-01, 1.180031e-01, 1.868619e-07, 5.361872e-06, 5.586724e-07, 1.562754e-04, 2.658031e-08, 2.996557e-04, 7.360402e-08, 2.331441e-05, 2.522674e-06, 1.799983e-08, 7.116943e-03, 3.170535e-08, 6.969519e-08, 1.437731e-02, 4.978820e+00, 3.088437e+04, 3.088906e+04
2.900000e-01, 3.180010e-02, 1.735181e-01, 2.395960e-03, 1.735181e-01, 9.063338e+00, 1.081631e-01, -6.094255e+05, 1.631616e+03, 2.057880e+04, 1.631616e+03, 4.700003e+06, 6.368263e-02, 5.226685e-07, 1.733330e-07, 2.609185e-01, 1.058103e-05, 3.387955e-02, 5.158357e-01, 1.180721e-01, 1.859340e-07, 5.360495e-06, 5.554496e-07, 1.540519e-04, 2.614699e-08, 2.972608e-04, 7.286575e-08, 2.323993e-05, 2.507771e-06, 1.767215e-08, 7.116943e-03, 3.152009e-08, 6.958467e-08, 1.437692e-02, 4.980940e+00, 3.086834e+04, 3.087302e+04
3.000000e-01, 3.290368e-02, 1.735181e-01, 2.395960e-03, 1.735181e-01, 9.059481e+00, 1.081631e-01, -5.954862e+05, 1.630879e+03, 2.057880e+04, 1.630879e+03, 4.700003e+06, 6.369123e-02, 5.188036e-07, 1.716377e-07, 2.608714e-01, 1.049797e-05, 3.386842e-02, 5.158208e-01, 1.181412e-01, 1.850110e-07, 5.359130e-06, 5.522556e-07, 1.518633e-04, 2.572129e-08, 2.948902e-04, 7.213618e-08, 2.316601e-05, 2.492987e-06, 1.735087e-08, 7.116943e-03, 3.133661e-08, 6.947495e-08, 1.437654e-02, 4.983060e+00, 3.085256e+04, 3.085723e+04
3.100000e-01, 3.400773e-02, 1.735181e-01, 2.395960e-03, 1.735181e-01, 9.055626e+00, 1.081631e-01, -5.818204e+05, 1.630143e+03, 2.057880e+04, 1.630143e+03, 4.700003e+06, 6.369976e-02, 5.149688e-07, 1.699601e-07, 2.608246e-01, 1.041566e-05, 3.385750e-02, 5.158055e-01, 1.182104e-01, 1.840927e-07, 5.357779e-06, 5.490899e-07, 1.497090e-04, 2.530306e-08, 2.925434e-04, 7.141516e-08, 2.309265e-05, 2.478320e-06, 1.703586e-08, 7.116943e-03, 3.115488e-08, 6.936602e-08, 1.437617e-02, 4.985182e+00, 3.083704e+04, 3.084169e+04
3.200000e-01, 3.511226e-02, 1.735181e-01, 2.395960e-03, 1.735181e-01, 9.051773e+00, 1.081631e-01, -5.683341e+05, 1.629408e+03, 2.057880e+04, 1.629408e+03, 4.700003e+06, 6.370820e-02, 5.111639e-07, 1.682998e-07, 2.607781e-01, 1.033410e-05, 3.384676e-02, 5.157896e-01, 1.182798e-01, 1.831792e-07, 5.356441e-06, 5.459524e-07, 1.475883e-04, 2.489216e-08, 2.902202e-04, 7.070258e-08, 2.301984e-05, 2.463769e-06, 1.672699e-08, 7.116943e-03, 3.097487e-08, 6.925787e-08, 1.437581e-02, 4.987304e+00, 3.082176e+04, 3.082640e+04
3.300000e-01, 3.621725e-02, 1.735181e-01, 2.395960e-03, 1.735181e-01, 9.047921e+00, 1.081631e-01, -5.552801e+05, 1.628674e+03, 2.057880e+04, 1.628674e+03, 4.700003e+06, 6.371656e-02, 5.073884e-07, 1.666568e-07, 2.607318e-01, 1.025326e-05, 3.383621e-02, 5.157732e-01, 1.183492e-01, 1.822703e-07, 5.355116e-06, 5.428424e-07, 1.455005e-04, 2.448843e-08, 2.879201e-04, 6.999829e-08, 2.294756e-05, 2.449333e-06, 1.642410e-08, 7.116943e-03, 3.079655e-08, 6.915048e-08, 1.437545e-02, 4.989427e+00, 3.080673e+04, 3.081136e+04
3.400000e-01, 3.732271e-02, 1.735181e-01, 2.395960e-03, 1.735181e-01, 9.044071e+00, 1.081631e-01, -5.424164e+05, 1.627941e+03, 2.057880e+04, 1.627941e+03, 4.700004e+06, 6.372484e-02, 5.036420e-07, 1.650307e-07, 2.606857e-01, 1.017315e-05, 3.382584e-02, 5.157563e-01, 1.184188e-01, 1.813662e-07, 5.353803e-06, 5.397597e-07, 1.434451e-04, 2.409173e-08, 2.856428e-04, 6.930215e-08, 2.287581e-05, 2.435008e-06, 1.612707e-08, 7.116943e-03, 3.061989e-08, 6.904384e-08, 1.437510e-02, 4.991551e+00, 3.079193e+04, 3.079655e+04
3.500000e-01, 3.842864e-02, 1.735181e-01, 2.395960e-03, 1.735181e-01, 9.040223e+00, 1.081631e-01, -5.297353e+05, 1.627209e+03, 2.057880e+04, 1.627209e+03, 4.700004e+06, 6.373305e-02, 4.999246e-07, 1.634213e-07, 2.606399e-01, 1.009376e-05, 3.381566e-02, 5.157390e-01, 1.184884e-01, 1.804666e-07, 5.352503e-06, 5.367039e-07, 1.414214e-04, 2.370192e-08, 2.833880e-04, 6.861403e-08, 2.280458e-05, 2.420794e-06, 1.583577e-08, 7.116943e-03, 3.044487e-08, 6.893793e-08, 1.437475e-02, 4.993676e+00, 3.077737e+04, 3.078198e+04
3.600000e-01, 3.953504e-02, 1.735181e-01, 2.395960e-03, 1.735181e-01, 9.036376e+00, 1.081631e-01, -5.172467e+05, 1.626478e+03, 2.057880e+04, 1.626478e+03, 4.700004e+06, 6.374118e-02, 4.962357e-07, 1.618284e-07, 2.605943e-01, 1.001506e-05, 3.380565e-02, 5.157211e-01, 1.185582e-01, 1.795717e-07, 5.351216e-06, 5.336748e-07, 1.394289e-04, 2.331885e-08, 2.811552e-04, 6.793382e-08, 2.273385e-05, 2.406690e-06, 1.555009e-08, 7.116943e-03, 3.027144e-08, 6.883275e-08, 1.437441e-02, 4.995802e+00, 3.076304e+04, 3.076764e+04
3.700000e-01, 4.064192e-02, 1.735181e-01, 2.395960e-03, 1.735181e-01, 9.032530e+00, 1.081631e-01, -5.049792e+05, 1.625748e+03, 2.057880e+04, 1.625748e+03, 4.700004e+06, 6.374923e-02, 4.925750e-07, 1.602518e-07, 2.605489e-01, 9.937061e-06, 3.379582e-02, 5.157027e-01, 1.186281e-01, 1.786812e-07, 5.349940e-06, 5.306718e-07, 1.374669e-04, 2.294240e-08, 2.789442e-04, 6.726137e-08, 2.266363e-05, 2.392693e-06, 1.526988e-08, 7.116943e-03, 3.009960e-08, 6.872827e-08, 1.437407e-02, 4.997929e+00, 3.074894e+04, 3.075352e+04
3.800000e-01, 4.174926e-02, 1.735181e-01, 2.395960e-03, 1.735181e-01, 9.028686e+00, 1.081631e-01, -4.928907e+05, 1.625019e+03, 2.057880e+04, 1.625019e+03, 4.700004e+06, 6.375721e-02, 4.889424e-07, 1.586914e-07, 2.605037e-01, 9.859746e-06, 3.378617e-02, 5.156839e-01, 1.186980e-01, 1.777953e-07, 5.348677e-06, 5.276948e-07, 1.355349e-04, 2.257243e-08, 2.767546e-04, 6.659658e-08, 2.259389e-05, 2.378802e-06, 1.499504e-08, 7.116943e-03, 2.992930e-08, 6.862449e-08, 1.437374e-02, 5.000057e+00, 3.073506e+04, 3.073963e+04
3.900000e-01, 4.285708e-02, 1.735181e-01, 2.395960e-03, 1.735181e-01, 9.024844e+00, 1.081631e-01, -4.809515e+05, 1.624290e+03, 2.057880e+04, 1.624290e+03, 4.700005e+06, 6.376511e-02, 4.853374e-07, 1.571468e-07, 2.604588e-01, 9.783108e-06, 3.377668e-02, 5.156646e-01, 1.187681e-01, 1.769139e-07, 5.347426e-06, 5.247434e-07, 1.336324e-04, 2.220881e-08, 2.745862e-04, 6.593931e-08, 2.252464e-05, 2.365016e-06, 1.472545e-08, 7.116943e-03, 2.976053e-08, 6.852140e-08, 1.437341e-02, 5.002185e+00, 3.072140e+04, 3.072596e+04
4.000000e-01, 4.396537e-02, 1.735181e-01, 2.395960e-03, 1.735181e-01, 9.021003e+00, 1.081631e-01, -4.691240e+05, 1.623563e+03, 2.057880e+04, 1.623563e+03, 4.700005e+06, 6.377295e-02, 4.817598e-07, 1.556179e-07, 2.604141e-01, 9.707138e-06, 3.376736e-02, 5.156448e-01, 1.188383e-01, 1.760368e-07, 5.346187e-06, 5.218172e-07, 1.317589e-04, 2.185143e-08, 2.724385e-04, 6.528947e-08, 2.245587e-05, 2.351333e-06, 1.446099e-08, 7.116943e-03, 2.959325e-08, 6.841897e-08, 1.437309e-02, 5.004315e+00, 3.070796e+04, 3.071250e+04
4.100000e-01, 4.507413e-02, 1.735181e-01, 2.395960e-03, 1.735181e-01, 9.017163e+00, 1.081631e-01, -4.573603e+05, 1.622836e+03, 2.057880e+04, 1.622836e+03, 4.700005e+06, 6.378071e-02, 4.782094e-07, 1.541045e-07, 2.603696e-01, 9.631827e-06, 3.375820e-02, 5.156246e-01, 1.189085e-01, 1.751642e-07, 5.344959e-06, 5.189160e-07, 1.299137e-04, 2.150016e-08, 2.703113e-04, 6.464692e-08, 2.238756e-05, 2.337752e-06, 1.420156e-08, 7.116943e-03, 2.942745e-08, 6.831720e-08, 1.437278e-02, 5.006446e+00, 3.069472e+04, 3.069925e+04
4.200000e-01, 4.618336e-02, 1.735181e-01, 2.395960e-03, 1.735181e-01, 9.013324e+00, 1.081631e-01, -4.459209e+05, 1.622111e+03, 2.057880e+04, 1.622111e+03, 4.700005e+06, 6.378841e-02, 4.746858e-07, 1.526064e-07, 2.603253e-01, 9.557167e-06, 3.374920e-02, 5.156039e-01, 1.189789e-01, 1.742960e-07, 5.343744e-06, 5.160394e-07, 1.280964e-04, 2.115486e-08, 2.682043e-04, 6.401156e-08, 2.231971e-05, 2.324271e-06, 1.394705e-08, 7.116943e-03, 2.926310e-08, 6.821608e-08, 1.437247e-02, 5.008578e+00, 3.068170e+04, 3.068622e+04
4.300000e-01, 4.729306e-02, 1.735181e-01, 2.395960e-03, 1.735181e-01, 9.009487e+00, 1.081631e-01, -4.346773e+05, 1.621386e+03, 2.057880e+04, 1.621386e+03, 4.700005e+06, 6.379603e-02, 4.711888e-07, 1.511234e-07, 2.602812e-01, 9.483151e-06, 3.374037e-02, 5.155828e-01, 1.190493e-01, 1.734320e-07, 5.342540e-06, 5.131872e-07, 1.263065e-04, 2.081543e-08, 2.661171e-04, 6.338328e-08, 2.225232e-05, 2.310889e-06, 1.369734e-08, 7.116943e-03, 2.910017e-08, 6.811559e-08, 1.437216e-02, 5.010711e+00, 3.066888e+04, 3.067339e+04
4.400000e-01, 4.840324e-02, 1.735181e-01, 2.395960e-03, 1.735181e-01, 9.005652e+00, 1.081631e-01, -4.236332e+05, 1.620662e+03, 2.057880e+04, 1.620662e+03, 4.700005e+06, 6.380359e-02, 4.677182e-07, 1.496554e-07, 2.602373e-01, 9.409769e-06, 3.373169e-02, 5.155613e-01, 1.191199e-01, 1.725724e-07, 5.341347e-06, 5.103590e-07, 1.245434e-04, 2.048175e-08, 2.640495e-04, 6.276197e-08, 2.218537e-05, 2.297606e-06, 1.345234e-08, 7.116943e-03, 2.893864e-08, 6.801573e-08, 1.437186e-02, 5.012845e+00, 3.065626e+04, 3.066076e+04
4.500000e-01, 4.951389e-02, 1.735181e-01, 2.395960e-03, 1.735181e-01, 9.001818e+00, 1.081631e-01, -4.127920e+05, 1.619938e+03, 2.057880e+04, 1.619938e+03, 4.700006e+06, 6.381109e-02, 4.642736e-07, 1.482020e-07, 2.601936e-01, 9.337014e-06, 3.372316e-02, 5.155393e-01, 1.191905e-01, 1.717170e-07, 5.340166e-06, 5.075546e-07, 1.228067e-04, 2.015371e-08, 2.620013e-04, 6.214753e-08, 2.211885e-05, 2.284418e-06, 1.321195e-08, 7.116943e-03, 2.877848e-08, 6.791648e-08, 1.437156e-02, 5.014981e+00, 3.064384e+04, 3.064833e+04
4.600000e-01, 5.062502e-02, 1.735181e-01, 2.395960e-03, 1.735181e-01, 8.997984e+00, 1.081631e-01, -4.021529e+05, 1.619216e+03, 2.057880e+04, 1.619216e+03, 4.700006e+06, 6.381852e-02, 4.608549e-07, 1.467633e-07, 2.601501e-01, 9.264880e-06, 3.371478e-02, 5.155169e-01, 1.192612e-01, 1.708659e-07, 5.338996e-06, 5.047737e-07, 1.210960e-04, 1.983121e-08, 2.599721e-04, 6.153985e-08, 2.205277e-05, 2.271326e-06, 1.297607e-08, 7.116943e-03, 2.861969e-08, 6.781784e-08, 1.437127e-02, 5.017117e+00, 3.063162e+04, 3.063609e+04
4.700000e-01, 5.173661e-02, 1.735181e-01, 2.395960e-03, 1.735181e-01, 8.994153e+00, 1.081631e-01, -3.916997e+05, 1.618494e+03, 2.057880e+04, 1.618494e+03, 4.700006e+06, 6.382589e-02, 4.574617e-07, 1.453389e-07, 2.601068e-01, 9.193357e-06, 3.370655e-02, 5.154942e-01, 1.193321e-01, 1.700189e-07, 5.337837e-06, 5.020160e-07, 1.194108e-04, 1.951413e-08, 2.579617e-04, 6.093884e-08, 2.198711e-05, 2.258328e-06, 1.274461e-08, 7.116943e-03, 2.846223e-08, 6.771979e-08, 1.437099e-02, 5.019254e+00, 3.061959e+04, 3.062405e+04
4.800000e-01, 5.284868e-02, 1.735181e-01, 2.395960e-03, 1.735181e-01, 8.990322e+00, 1.081631e-01, -3.814204e+05, 1.617773e+03, 2.057880e+04, 1.617773e+03, 4.700006e+06, 6.383319e-02, 4.540939e-07, 1.439288e-07, 2.600637e-01, 9.122438e-06, 3.369847e-02, 5.154710e-01, 1.194030e-01, 1.691761e-07, 5.336690e-06, 4.992813e-07, 1.177506e-04, 1.920238e-08, 2.559697e-04, 6.034439e-08, 2.192187e-05, 2.245422e-06, 1.251748e-08, 7.116943e-03, 2.830608e-08, 6.762232e-08, 1.437071e-02, 5.021393e+00, 3.060774e+04, 3.061219e+04
4.900000e-01, 5.396123e-02, 1.735181e-01, 2.395960e-03, 1.735181e-01, 8.986493e+00, 1.081631e-01, -3.712978e+05, 1.617053e+03, 2.057880e+04, 1.617053e+03, 4.700006e+06, 6.384043e-02, 4.507511e-07, 1.425326e-07, 2.600207e-01, 9.052117e-06, 3.369053e-02, 5.154474e-01, 1.194740e-01, 1.683375e-07, 5.335553e-06, 4.965692e-07, 1.161149e-04, 1.889585e-08, 2.539960e-04, 5.975641e-08, 2.185704e-05, 2.232608e-06, 1.229458e-08, 7.116943e-03, 2.815122e-08, 6.752542e-08, 1.437043e-02, 5.023533e+00, 3.059608e+04, 3.060052e+04
5.000000e-01, 5.507424e-02, 1.735181e-01, 2.395960e-03, 1.735181e-01, 8.982665e+00, 1.081631e-01, -3.613040e+05, 1.616334e+03, 2.057880e+04, 1.616334e+03, 4.700006e+06, 6.384761e-02, 4.474332e-07, 1.411504e-07, 2.599780e-01, 8.982386e-06, 3.368274e-02, 5.154234e-01, 1.195451e-01, 1.675029e-07, 5.334427e-06, 4.938795e-07, 1.145035e-04, 1.859444e-08, 2.520403e-04, 5.917481e-08, 2.179261e-05, 2.219885e-06, 1.207582e-08, 7.116943e-03, 2.799764e-08, 6.742909e-08, 1.437016e-02, 5.025674e+00, 3.058461e+04, 3.058904e+04
5.100000e-01, 5.618774e-02, 1.735181e-01, 2.395960e-03, 1.735181e-01, 8.978838e+00, 1.081631e-01, -3.514023e+05, 1.615615e+03, 2.057880e+04, 1.615615e+03, 4.700007e+06, 6.385474e-02, 4.441399e-07, 1.397819e-07, 2.599354e-01, 8.913238e-06, 3.367508e-02, 5.153990e-01, 1.196162e-01, 1.666724e-07, 5.333312e-06, 4.912121e-07, 1.129158e-04, 1.829807e-08, 2.501024e-04, 5.859950e-08, 2.172858e-05, 2.207250e-06, 1.186114e-08, 7.116943e-03, 2.784531e-08, 6.733331e-08, 1.436989e-02, 5.027816e+00, 3.057331e+04, 3.057773e+04
5.200000e-01, 5.730170e-02, 1.735181e-01, 2.395960e-03, 1.735181e-01, 8.975012e+00, 1.081631e-01, -3.416657e+05, 1.614897e+03, 2.057880e+04, 1.614897e+03, 4.700007e+06, 6.386180e-02, 4.408710e-07, 1.384269e-07, 2.598930e-01, 8.844667e-06, 3.366756e-02, 5.153742e-01, 1.196875e-01, 1.658460e-07, 5.332208e-06, 4.885665e-07, 1.113514e-04, 1.800663e-08, 2.481819e-04, 5.803039e-08, 2.166493e-05, 2.194704e-06, 1.165043e-08, 7.116943e-03, 2.769421e-08, 6.723807e-08, 1.436962e-02, 5.029959e+00, 3.056219e+04, 3.056660e+04
5.300000e-01, 5.841615e-02, 1.735181e-01, 2.395960e-03, 1.735181e-01, 8.971187e+00, 1.081631e-01, -3.321713e+05, 1.614180e+03, 2.057880e+04, 1.614180e+03, 4.700007e+06, 6.386881e-02, 4.376262e-07, 1.370853e-07, 2.598507e-01, 8.776665e-06, 3.366017e-02, 5.153491e-01, 1.197589e-01, 1.650236e-07, 5.331115e-06, 4.859426e-07, 1.098100e-04, 1.772002e-08, 2.462787e-04, 5.746737e-08, 2.160168e-05, 2.182244e-06, 1.144361e-08, 7.116943e-03, 2.754432e-08, 6.714336e-08, 1.436937e-02, 5.032103e+00, 3.055125e+04, 3.055564e+04
5.400000e-01, 5.953106e-02, 1.735181e-01, 2.395960e-03, 1.735181e-01, 8.967364e+00, 1.081631e-01, -3.228141e+05, 1.613463e+03, 2.057880e+04, 1.613463e+03, 4.700007e+06, 6.387576e-02, 4.344054e-07, 1.357569e-07, 2.598086e-01, 8.709226e-06, 3.365292e-02, 5.153236e-01, 1.198303e-01, 1.642051e-07, 5.330031e-06, 4.833402e-07, 1.082911e-04, 1.743817e-08, 2.443926e-04, 5.691038e-08, 2.153880e-05, 2.169871e-06, 1.124061e-08, 7.116943e-03, 2.739563e-08, 6.704917e-08, 1.436911e-02, 5.034249e+00, 3.054048e+04, 3.054486e+04
5.500000e-01, 6.064646e-02, 1.735181e-01, 2.395960e-03, 1.735181e-01, 8.963541e+00, 1.081631e-01, -3.135691e+05, 1.612747e+03, 2.057880e+04, 1.612747e+03, 4.700007e+06, 6.388266e-02, 4.312082e-07, 1.344416e-07, 2.597667e-01, 8.642344e-06, 3.364580e-02, 5.152977e-01, 1.199019e-01, 1.633906e-07, 5.328959e-06, 4.807589e-07, 1.067944e-04, 1.716098e-08, 2.425232e-04, 5.635932e-08, 2.147629e-05, 2.157582e-06, 1.104135e-08, 7.116943e-03, 2.724812e-08, 6.695550e-08, 1.436886e-02, 5.036396e+00, 3.052987e+04, 3.053424e+04
5.600000e-01, 6.176233e-02, 1.735181e-01, 2.395960e-03, 1.735181e-01, 8.959720e+00, 1.081631e-01, -3.044036e+05, 1.612032e+03, 2.057880e+04, 1.612032e+03, 4.700007e+06, 6.388950e-02, 4.280346e-07, 1.331393e-07, 2.597250e-01, 8.576012e-06, 3.363880e-02, 5.152715e-01, 1.199735e-01, 1.625801e-07, 5.327896e-06, 4.781986e-07, 1.053194e-04, 1.688837e-08, 2.406704e-04, 5.581412e-08, 2.141415e-05, 2.145378e-06, 1.084576e-08, 7.116943e-03, 2.710176e-08, 6.686233e-08, 1.436861e-02, 5.038544e+00, 3.051943e+04, 3.052379e+04
5.700000e-01, 6.287867e-02, 1.735181e-01, 2.395960e-03, 1.735181e-01, 8.955900e+00, 1.081631e-01, -2.953344e+05, 1.611317e+03, 2.057880e+04, 1.611317e+03, 4.700008e+06, 6.389628e-02, 4.248842e-07, 1.318497e-07, 2.596834e-01, 8.510224e-06, 3.363193e-02, 5.152449e-01, 1.200452e-01, 1.617734e-07, 5.326844e-06, 4.756591e-07, 1.038659e-04, 1.662026e-08, 2.388339e-04, 5.527469e-08, 2.135237e-05, 2.133256e-06, 1.065376e-08, 7.116943e-03, 2.695655e-08, 6.676966e-08, 1.436837e-02, 5.040693e+00, 3.050915e+04, 3.051351e+04
5.800000e-01, 6.399549e-02, 1.735181e-01, 2.395960e-03, 1.735181e-01, 8.952080e+00, 1.081631e-01, -2.865429e+05, 1.610603e+03, 2.057880e+04, 1.610603e+03, 4.700008e+06, 6.390302e-02, 4.217569e-07, 1.305727e-07, 2.596419e-01, 8.444974e-06, 3.362519e-02, 5.152180e-01, 1.201170e-01, 1.609706e-07, 5.325803e-06, 4.731401e-07, 1.024335e-04, 1.635655e-08, 2.370136e-04, 5.474094e-08, 2.129095e-05, 2.121216e-06, 1.046527e-08, 7.116943e-03, 2.681246e-08, 6.667748e-08, 1.436813e-02, 5.042844e+00, 3.049904e+04, 3.050338e+04
5.900000e-01, 6.511279e-02, 1.735181e-01, 2.395960e-03, 1.735181e-01, 8.948262e+00, 1.081631e-01, -2.778972e+05, 1.609890e+03, 2.057880e+04, 1.609890e+03, 4.700008e+06, 6.390970e-02, 4.186525e-07, 1.293083e-07, 2.596007e-01, 8.380255e-06, 3.361856e-02, 5.151907e-01, 1.201888e-01, 1.601717e-07, 5.324771e-06, 4.706414e-07, 1.010217e-04, 1.609716e-08, 2.352092e-04, 5.421280e-08, 2.122988e-05, 2.109256e-06, 1.028022e-08, 7.116943e-03, 2.666947e-08, 6.658577e-08, 1.436789e-02, 5.044995e+00, 3.048908e+04, 3.049341e+04
6.000000e-01, 6.623056e-02, 1.735181e-01, 2.395960e-03, 1.735181e-01, 8.944445e+00, 1.081631e-01, -2.693851e+05, 1.609177e+03, 2.057880e+04, 1.609177e+03, 4.700008e+06, 6.391633e-02, 4.155707e-07, 1.280561e-07, 2.595595e-01, 8.316062e-06, 3.361206e-02, 5.151631e-01, 1.202608e-01, 1.593766e-07, 5.323749e-06, 4.681628e-07, 9.963035e-05, 1.584203e-08, 2.334205e-04, 5.369020e-08, 2.116915e-05, 2.097377e-06, 1.009856e-08, 7.116943e-03, 2.652758e-08, 6.649454e-08, 1.436766e-02, 5.047149e+00, 3.047927e+04, 3.048359e+04
6.100000e-01, 6.734881e-02, 1.735181e-01, 2.395960e-03, 1.735181e-01, 8.940628e+00, 1.081631e-01, -2.609891e+05, 1.608465e+03, 2.057880e+04, 1.608465e+03, 4.700008e+06, 6.392291e-02, 4.125113e-07, 1.268162e-07, 2.595185e-01, 8.252389e-06, 3.360568e-02, 5.151351e-01, 1.203328e-01, 1.585852e-07, 5.322738e-06, 4.657041e-07, 9.825901e-05, 1.559107e-08, 2.316474e-04, 5.317306e-08, 2.110876e-05, 2.085576e-06, 9.920200e-09, 7.116943e-03, 2.638676e-08, 6.640377e-08, 1.436743e-02, 5.049303e+00, 3.046962e+04, 3.047393e+04
6.200000e-01, 6.846754e-02, 1.735181e-01, 2.395960e-03, 1.735181e-01, 8.936813e+00, 1.081631e-01, -2.526859e+05, 1.607754e+03, 2.057880e+04, 1.607754e+03, 4.700008e+06, 6.392944e-02, 4.094742e-07, 1.255883e-07, 2.594777e-01, 8.189230e-06, 3.359941e-02, 5.151068e-01, 1.204049e-01, 1.577977e-07, 5.321736e-06, 4.632651e-07, 9.690738e-05, 1.534422e-08, 2.298895e-04, 5.266130e-08, 2.104870e-05, 2.073854e-06, 9.745092e-09, 7.116943e-03, 2.624700e-08, 6.631345e-08, 1.436721e-02, 5.051459e+00, 3.046012e+04, 3.046442e+04
6.300000e-01, 6.958675e-02, 1.735181e-01, 2.395960e-03, 1.735181e-01, 8.932999e+00, 1.081631e-01, -2.445862e+05, 1.607043e+03, 2.057880e+04, 1.607043e+03, 4.700009e+06, 6.393593e-02, 4.064591e-07, 1.243724e-07, 2.594370e-01, 8.126580e-06, 3.359325e-02, 5.150782e-01, 1.204771e-01, 1.570139e-07, 5.320744e-06, 4.608456e-07, 9.557509e-05, 1.510138e-08, 2.281468e-04, 5.215486e-08, 2.098897e-05, 2.062208e-06, 9.573157e-09, 7.116943e-03, 2.610829e-08, 6.622358e-08, 1.436699e-02, 5.053616e+00, 3.045077e+04, 3.045506e+04
6.400000e-01, 7.070643e-02, 1.735181e-01, 2.395960e-03, 1.735181e-01, 8.929185e+00, 1.081631e-01, -2.366083e+05, 1.606333e+03, 2.057880e+04, 1.606333e+03, 4.700009e+06, 6.394236e-02, 4.034659e-07, 1.231683e-07, 2.593964e-01, 8.064433e-06, 3.358721e-02, 5.150493e-01, 1.205494e-01, 1.562338e-07, 5.319762e-06, 4.584453e-07, 9.426186e-05, 1.486249e-08, 2.264190e-04, 5.165365e-08, 2.092957e-05, 2.050639e-06, 9.404339e-09, 7.116943e-03, 2.597060e-08, 6.613415e-08, 1.436677e-02, 5.055774e+00, 3.044156e+04, 3.044584e+04
6.500000e-01, 7.182659e-02, 1.735181e-01, 2.395960e-03, 1.735181e-01, 8.925373e+00, 1.081631e-01, -2.287333e+05, 1.605623e+03, 2.057880e+04, 1.605623e+03, 4.700009e+06, 6.394875e-02, 4.004943e-07, 1.219758e-07, 2.593560e-01, 8.002783e-06, 3.358128e-02, 5.150200e-01, 1.206218e-01, 1.554573e-07, 5.318789e-06, 4.560641e-07, 9.296737e-05, 1.462748e-08, 2.247059e-04, 5.115762e-08, 2.087049e-05, 2.039145e-06, 9.238578e-09, 7.116943e-03, 2.583393e-08, 6.604516e-08, 1.436656e-02, 5.057934e+00, 3.043250e+04, 3.043677e+04
6.600000e-01, 7.294723e-02, 1.735181e-01, 2.395960e-03, 1.735181e-01, 8.921561e+00, 1.081631e-01, -2.209372e+05, 1.604914e+03, 2.057880e+04, 1.604914e+03, 4.700009e+06, 6.395510e-02, 3.975443e-07, 1.207948e-07, 2.593157e-01, 7.941625e-06, 3.357545e-02, 5.149905e-01, 1.206942e-01, 1.546846e-07, 5.317826e-06, 4.537019e-07, 9.169134e-05, 1.439628e-08, 2.230074e-04, 5.066669e-08, 2.081172e-05, 2.027726e-06, 9.075814e-09, 7.116943e-03, 2.569825e-08, 6.595658e-08, 1.436635e-02, 5.060095e+00, 3.042357e+04, 3.042783e+04
6.700000e-01, 7.406835e-02, 1.735181e-01, 2.395960e-03, 1.735181e-01, 8.917750e+00, 1.081631e-01, -2.131897e+05, 1.604205e+03, 2.057880e+04, 1.604205e+03, 4.700009e+06, 6.396139e-02, 3.946155e-07, 1.196253e-07, 2.592756e-01, 7.880954e-06, 3.356974e-02, 5.149606e-01, 1.207667e-01, 1.539155e-07, 5.316873e-06, 4.513583e-07, 9.043346e-05, 1.416884e-08, 2.213233e-04, 5.018079e-08, 2.075326e-05, 2.016380e-06, 8.915991e-09, 7.116943e-03, 2.556357e-08, 6.586843e-08, 1.436614e-02, 5.062257e+00, 3.041479e+04, 3.041904e+04
6.800000e-01, 7.518995e-02, 1.735181e-01, 2.395960e-03, 1.735181e-01, 8.913940e+00, 1.081631e-01, -2.055815e+05, 1.603497e+03, 2.057880e+04, 1.603497e+03, 4.700010e+06, 6.396764e-02, 3.917078e-07, 1.184671e-07, 2.592356e-01, 7.820765e-06, 3.356413e-02, 5.149305e-01, 1.208393e-01, 1.531500e-07, 5.315929e-06, 4.490333e-07, 8.919343e-05, 1.394506e-08, 2.196534e-04, 4.969987e-08, 2.069511e-05, 2.005107e-06, 8.759046e-09, 7.116943e-03, 2.542985e-08, 6.578068e-08, 1.436594e-02, 5.064421e+00, 3.040614e+04, 3.041038e+04
6.900000e-01, 7.631203e-02, 1.735181e-01, 2.395960e-03, 1.735181e-01, 8.910131e+00, 1.081631e-01, -1.981065e+05, 1.602790e+03, 2.057880e+04, 1.602790e+03, 4.700010e+06, 6.397385e-02, 3.888210e-07, 1.173200e-07, 2.591957e-01, 7.761053e-06, 3.355862e-02, 5.149000e-01, 1.209120e-01, 1.523881e-07, 5.314995e-06, 4.467267e-07, 8.797096e-05, 1.372490e-08, 2.179975e-04, 4.922385e-08, 2.063726e-05, 1.993906e-06, 8.604924e-09, 7.116943e-03, 2.529710e-08, 6.569334e-08, 1.436574e-02, 5.066586e+00, 3.039763e+04, 3.040186e+04
7.000000e-01, 7.743459e-02, 1.735181e-01, 2.395960e-03, 1.735181e-01, 8.906323e+00, 1.081631e-01, -1.907352e+05, 1.602083e+03, 2.057880e+04, 1.602083e+03, 4.700010e+06, 6.398002e-02, 3.859550e-07, 1.161839e-07, 2.591559e-01, 7.701812e-06, 3.355322e-02, 5.148693e-01, 1.209847e-01, 1.516298e-07, 5.314070e-06, 4.444382e-07, 8.676577e-05, 1.350829e-08, 2.163555e-04, 4.875268e-08, 2.057970e-05, 1.982776e-06, 8.453570e-09, 7.116943e-03, 2.516528e-08, 6.560639e-08, 1.436554e-02, 5.068752e+00, 3.038925e+04, 3.039347e+04
7.100000e-01, 7.855763e-02, 1.735181e-01, 2.395960e-03, 1.735181e-01, 8.902515e+00, 1.081631e-01, -1.834698e+05, 1.601376e+03, 2.057880e+04, 1.601376e+03, 4.700010e+06, 6.398614e-02, 3.831095e-07, 1.150587e-07, 2.591162e-01, 7.643038e-06, 3.354791e-02, 5.148382e-01, 1.210575e-01, 1.508750e-07, 5.313154e-06, 4.421677e-07, 8.557760e-05, 1.329516e-08, 2.147272e-04, 4.828628e-08, 2.052244e-05, 1.971717e-06, 8.304933e-09, 7.116943e-03, 2.503440e-08, 6.551983e-08, 1.436535e-02, 5.070920e+00, 3.038100e+04, 3.038521e+04
7.200000e-01, 7.968114e-02, 1.735181e-01, 2.395960e-03, 1.735181e-01, 8.898708e+00, 1.081631e-01, -1.763147e+05, 1.600670e+03, 2.057880e+04, 1.600670e+03, 4.700010e+06, 6.399222e-02, 3.802844e-07, 1.139444e-07, 2.590767e-01, 7.584726e-06, 3.354270e-02, 5.148069e-01, 1.211304e-01, 1.501237e-07, 5.312247e-06, 4.399151e-07, 8.440616e-05, 1.308546e-08, 2.131124e-04, 4.782460e-08, 2.046547e-05, 1.960727e-06, 8.158958e-09, 7.116943e-03, 2.490445e-08, 6.543366e-08, 1.436515e-02, 5.073089e+00, 3.037288e+04, 3.037708e+04
7.300000e-01, 8.080514e-02, 1.735181e-01, 2.395960e-03, 1.735181e-01, 8.894902e+00, 1.081631e-01, -1.692763e+05, 1.599965e+03, 2.057880e+04, 1.599965e+03, 4.700010e+06, 6.399826e-02, 3.774796e-07, 1.128407e-07, 2.590373e-01, 7.526871e-06, 3.353760e-02, 5.147753e-01, 1.212034e-01, 1.493760e-07, 5.311350e-06, 4.376801e-07, 8.325120e-05, 1.287912e-08, 2.115109e-04, 4.736759e-08, 2.040878e-05, 1.949807e-06, 8.015595e-09, 7.116943e-03, 2.477539e-08, 6.534786e-08, 1.436497e-02, 5.075260e+00, 3.036488e+04, 3.036907e+04
7.400000e-01, 8.192962e-02, 1.735181e-01, 2.395960e-03, 1.735181e-01, 8.891097e+00, 1.081631e-01, -1.623643e+05, 1.599260e+03, 2.057880e+04, 1.599260e+03, 4.700011e+06, 6.400426e-02, 3.746948e-07, 1.117476e-07, 2.589980e-01, 7.469469e-06, 3.353258e-02, 5.147434e-01, 1.212764e-01, 1.486317e-07, 5.310462e-06, 4.354627e-07, 8.211245e-05, 1.267609e-08, 2.099227e-04, 4.691517e-08, 2.035237e-05, 1.938954e-06, 7.874793e-09, 7.116943e-03, 2.464724e-08, 6.526242e-08, 1.436478e-02, 5.077432e+00, 3.035701e+04, 3.036119e+04
7.500000e-01, 8.305458e-02, 1.735181e-01, 2.395960e-03, 1.735181e-01, 8.887293e+00, 1.081631e-01, -1.555912e+05, 1.598555e+03, 2.057880e+04, 1.598555e+03, 4.700011e+06, 6.401022e-02, 3.719298e-07, 1.106650e-07, 2.589589e-01, 7.412514e-06, 3.352766e-02, 5.147112e-01, 1.213496e-01, 1.478909e-07, 5.309583e-06, 4.332626e-07, 8.098967e-05, 1.247631e-08, 2.083475e-04, 4.646730e-08, 2.029624e-05, 1.928169e-06, 7.736502e-09, 7.116943e-03, 2.451996e-08, 6.517736e-08, 1.436460e-02, 5.079606e+00, 3.034926e+04, 3.035343e+04
7.600000e-01, 8.418003e-02, 1.735181e-01, 2.395960e-03, 1.735181e-01, 8.883489e+00, 1.081631e-01, -1.489728e+05, 1.597851e+03, 2.057880e+04, 1.597851e+03, 4.700011e+06, 6.401614e-02, 3.691847e-07, 1.095926e-07, 2.589198e-01, 7.356003e-06, 3.352283e-02, 5.146788e-01, 1.214228e-01, 1.471536e-07, 5.308713e-06, 4.310797e-07, 7.988259e-05, 1.227973e-08, 2.067853e-04, 4.602391e-08, 2.024037e-05, 1.917451e-06, 7.600674e-09, 7.116943e-03, 2.439356e-08, 6.509264e-08, 1.436442e-02, 5.081781e+00, 3.034163e+04, 3.034579e+04
7.700000e-01, 8.530595e-02, 1.735181e-01, 2.395960e-03, 1.735181e-01, 8.879686e+00, 1.081631e-01, -1.425290e+05, 1.597148e+03, 2.057880e+04, 1.597148e+03, 4.700011e+06, 6.402202e-02, 3.664590e-07, 1.085306e-07, 2.588809e-01, 7.299931e-06, 3.351810e-02, 5.146461e-01, 1.214960e-01, 1.464196e-07, 5.307852e-06, 4.289138e-07, 7.879098e-05, 1.208628e-08, 2.052358e-04, 4.558496e-08, 2.018478e-05, 1.906799e-06, 7.467261e-09, 7.116943e-03, 2.426801e-08, 6.500828e-08, 1.436425e-02, 5.083957e+00, 3.033412e+04, 3.033827e+04
7.800000e-01, 8.643236e-02, 1.735181e-01, 2.395960e-03, 1.735181e-01, 8.875884e+00, 1.081631e-01, -1.362200e+05, 1.596445e+03, 2.057880e+04, 1.596445e+03, 4.700011e+06, 6.402787e-02, 3.637528e-07, 1.074786e-07, 2.588420e-01, 7.244294e-06, 3.351345e-02, 5.146132e-01, 1.215694e-01, 1.456891e-07, 5.307000e-06, 4.267648e-07, 7.771459e-05, 1.189591e-08, 2.036988e-04, 4.515038e-08, 2.012945e-05, 1.896212e-06, 7.336219e-09, 7.116943e-03, 2.414332e-08, 6.492425e-08, 1.436407e-02, 5.086135e+00, 3.032672e+04, 3.033087e+04
7.900000e-01, 8.755925e-02, 1.735181e-01, 2.395960e-03, 1.735181e-01, 8.872082e+00, 1.081631e-01, -1.298614e+05, 1.595742e+03, 2.057880e+04, 1.595742e+03, 4.700011e+06, 6.403368e-02, 3.610658e-07, 1.064367e-07, 2.588033e-01, 7.189086e-06, 3.350889e-02, 5.145800e-01, 1.216428e-01, 1.449619e-07, 5.306156e-06, 4.246325e-07, 7.665321e-05, 1.170858e-08, 2.021744e-04, 4.472012e-08, 2.007438e-05, 1.885690e-06, 7.207510e-09, 7.116943e-03, 2.401946e-08, 6.484057e-08, 1.436390e-02, 5.088314e+00, 3.031944e+04, 3.032358e+04
8.000000e-01, 8.868662e-02, 1.735181e-01, 2.395960e-03, 1.735181e-01, 8.868281e+00, 1.081631e-01, -1.236044e+05, 1.595040e+03, 2.057880e+04, 1.595040e+03, 4.700012e+06, 6.403945e-02, 3.583979e-07, 1.054046e-07, 2.587647e-01, 7.134305e-06, 3.350442e-02, 5.145465e-01, 1.217162e-01, 1.442381e-07, 5.305322e-06, 4.225169e-07, 7.560659e-05, 1.152423e-08, 2.006623e-04, 4.429413e-08, 2.001957e-05, 1.875232e-06, 7.081085e-09, 7.116943e-03, 2.389643e-08, 6.475722e-08, 1.436373e-02, 5.090495e+00, 3.031228e+04, 3.031641e+04
8.100000e-01, 8.981448e-02, 1.735181e-01, 2.395960e-03, 1.735181e-01, 8.864481e+00, 1.081631e-01, -1.174492e+05, 1.594338e+03, 2.057880e+04, 1.594338e+03, 4.700012e+06, 6.404518e-02, 3.557489e-07, 1.043824e-07, 2.587261e-01, 7.079945e-06, 3.350003e-02, 5.145128e-01, 1.217898e-01, 1.435177e-07, 5.304496e-06, 4.204176e-07, 7.457451e-05, 1.134281e-08, 1.991623e-04, 4.387235e-08, 1.996501e-05, 1.864838e-06, 6.956900e-09, 7.116943e-03, 2.377422e-08, 6.467420e-08, 1.436357e-02, 5.092678e+00, 3.030522e+04, 3.030934e+04
8.200000e-01, 9.094282e-02, 1.735181e-01, 2.395960e-03, 1.735181e-01, 8.860681e+00, 1.081631e-01, -1.113970e+05, 1.593637e+03, 2.057880e+04, 1.593637e+03, 4.700012e+06, 6.405088e-02, 3.531186e-07, 1.033699e-07, 2.586877e-01, 7.026003e-06, 3.349573e-02, 5.144789e-01, 1.218634e-01, 1.428005e-07, 5.303679e-06, 4.183347e-07, 7.355674e-05, 1.116427e-08, 1.976744e-04, 4.345473e-08, 1.991070e-05, 1.854506e-06, 6.834913e-09, 7.116943e-03, 2.365281e-08, 6.459150e-08, 1.436341e-02, 5.094861e+00, 3.029828e+04, 3.030239e+04
8.300000e-01, 9.207164e-02, 1.735181e-01, 2.395960e-03, 1.735181e-01, 8.856882e+00, 1.081631e-01, -1.054502e+05, 1.592936e+03, 2.057880e+04, 1.592936e+03, 4.700012e+06, 6.405654e-02, 3.505070e-07, 1.023669e-07, 2.586494e-01, 6.972474e-06, 3.349151e-02, 5.144447e-01, 1.219371e-01, 1.420867e-07, 5.302871e-06, 4.162679e-07, 7.255306e-05, 1.098855e-08, 1.961984e-04, 4.304123e-08, 1.985664e-05, 1.844236e-06, 6.715083e-09, 7.116943e-03, 2.353219e-08, 6.450911e-08, 1.436325e-02, 5.097047e+00, 3.029144e+04, 3.029554e+04
8.400000e-01, 9.320095e-02, 1.735181e-01, 2.395960e-03, 1.735181e-01, 8.853083e+00, 1.081631e-01, -9.961196e+04, 1.592235e+03, 2.057880e+04, 1.592235e+03, 4.700012e+06, 6.406217e-02, 3.479138e-07, 1.013735e-07, 2.586112e-01, 6.919355e-06, 3.348737e-02, 5.144102e-01, 1.220108e-01, 1.413761e-07, 5.302071e-06, 4.142171e-07, 7.156326e-05, 1.081562e-08, 1.947341e-04, 4.263180e-08, 1.980282e-05, 1.834028e-06, 6.597369e-09, 7.116943e-03, 2.341236e-08, 6.442703e-08, 1.436309e-02, 5.099234e+00, 3.028471e+04, 3.028880e+04
8.500000e-01, 9.433074e-02, 1.735181e-01, 2.395960e-03, 1.735181e-01, 8.849285e+00, 1.081631e-01, -9.388706e+04, 1.591535e+03, 2.057880e+04, 1.591535e+03, 4.700012e+06, 6.406777e-02, 3.453390e-07, 1.003895e-07, 2.585731e-01, 6.866640e-06, 3.348331e-02, 5.143755e-01, 1.220846e-01, 1.406688e-07, 5.301280e-06, 4.121823e-07, 7.058713e-05, 1.064542e-08, 1.932815e-04, 4.222637e-08, 1.974924e-05, 1.823880e-06, 6.481731e-09, 7.116943e-03, 2.329330e-08, 6.434526e-08, 1.436294e-02, 5.101422e+00, 3.027808e+04, 3.028216e+04
8.600000e-01, 9.546102e-02, 1.735181e-01, 2.395960e-03, 1.735181e-01, 8.845488e+00, 1.081631e-01, -8.828181e+04, 1.590836e+03, 2.057880e+04, 1.590836e+03, 4.700013e+06, 6.407333e-02, 3.427823e-07, 9.941477e-08, 2.585350e-01, 6.814328e-06, 3.347933e-02, 5.143406e-01, 1.221585e-01, 1.399647e-07, 5.300497e-06, 4.101631e-07, 6.962445e-05, 1.047791e-08, 1.918404e-04, 4.182491e-08, 1.969590e-05, 1.813793e-06, 6.368130e-09, 7.116943e-03, 2.317501e-08, 6.426378e-08, 1.436279e-02, 5.103612e+00, 3.027156e+04, 3.027563e+04
8.700000e-01, 9.659178e-02, 1.735181e-01, 2.395960e-03, 1.735181e-01, 8.841691e+00, 1.081631e-01, -8.280431e+04, 1.590136e+03, 2.057880e+04, 1.590136e+03, 4.700013e+06, 6.407886e-02, 3.402436e-07, 9.844926e-08, 2.584971e-01, 6.762413e-06, 3.347542e-02, 5.143055e-01, 1.222324e-01, 1.392638e-07, 5.299723e-06, 4.081596e-07, 6.867502e-05, 1.031304e-08, 1.904107e-04, 4.142736e-08, 1.964279e-05, 1.803766e-06, 6.256527e-09, 7.116943e-03, 2.305747e-08, 6.418260e-08, 1.436264e-02, 5.105804e+00, 3.026513e+04, 3.026920e+04
8.800000e-01, 9.772303e-02, 1.735181e-01, 2.395960e-03, 1.735181e-01, 8.837895e+00, 1.081631e-01, -7.746472e+04, 1.589437e+03, 2.057880e+04, 1.589437e+03, 4.700013e+06, 6.408436e-02, 3.377228e-07, 9.749286e-08, 2.584593e-01, 6.710891e-06, 3.347159e-02, 5.142702e-01, 1.223064e-01, 1.385662e-07, 5.298957e-06, 4.061716e-07, 6.773863e-05, 1.015076e-08, 1.889922e-04, 4.103368e-08, 1.958991e-05, 1.793797e-06, 6.146886e-09, 7.116943e-03, 2.294068e-08, 6.410171e-08, 1.436249e-02, 5.107997e+00, 3.025881e+04, 3.026287e+04
8.900000e-01, 9.885476e-02, 1.735181e-01, 2.395960e-03, 1.735181e-01, 8.834100e+00, 1.081631e-01, -7.209867e+04, 1.588739e+03, 2.057880e+04, 1.588739e+03, 4.700013e+06, 6.408982e-02, 3.352198e-07, 9.654549e-08, 2.584215e-01, 6.659761e-06, 3.346784e-02, 5.142346e-01, 1.223805e-01, 1.378717e-07, 5.298200e-06, 4.041990e-07, 6.681514e-05, 9.991049e-09, 1.875849e-04, 4.064384e-08, 1.953725e-05, 1.783887e-06, 6.039178e-09, 7.116943e-03, 2.282463e-08, 6.402110e-08, 1.436234e-02, 5.110192e+00, 3.025259e+04, 3.025663e+04
9.000000e-01, 9.998698e-02, 1.735181e-01, 2.395960e-03, 1.735181e-01, 8.830304e+00, 1.081631e-01, -6.674674e+04, 1.588041e+03, 2.057880e+04, 1.588041e+03, 4.700013e+06, 6.409526e-02, 3.327344e-07, 9.560706e-08, 2.583838e-01, 6.609017e-06, 3.346416e-02, 5.141988e-01, 1.224547e-01, 1.371804e-07, 5.297451e-06, 4.022416e-07, 6.590434e-05, 9.833856e-09, 1.861887e-04, 4.025779e-08, 1.948482e-05, 1.774035e-06, 5.933366e-09, 7.116943e-03, 2.270931e-08, 6.394077e-08, 1.436220e-02, 5.112388e+00, 3.024646e+04, 3.025050e+04
9.100000e-01, 1.011197e-01, 1.735181e-01, 2.395960e-03, 1.735181e-01, 8.826510e+00, 1.081631e-01, -6.145074e+04, 1.587343e+03, 2.057880e+04, 1.587343e+03, 4.700013e+06, 6.410066e-02, 3.302664e-07, 9.467747e-08, 2.583463e-01, 6.558657e-06, 3.346055e-02, 5.141628e-01, 1.225289e-01, 1.364922e-07, 5.296710e-06, 4.002993e-07, 6.500603e-05, 9.679136e-09, 1.848033e-04, 3.987548e-08, 1.943262e-05, 1.764241e-06, 5.829412e-09, 7.116943e-03, 2.259471e-08, 6.386071e-08, 1.436206e-02, 5.114586e+00, 3.024042e+04, 3.024446e+04
9.200000e-01, 1.022529e-01, 1.735181e-01, 2.395960e-03, 1.735181e-01, 8.822716e+00, 1.081631e-01, -5.620493e+04, 1.586645e+03, 2.057880e+04, 1.586645e+03, 4.700014e+06, 6.410604e-02, 3.278158e-07, 9.375663e-08, 2.583088e-01, 6.508676e-06, 3.345701e-02, 5.141265e-01, 1.226031e-01, 1.358072e-07, 5.295977e-06, 3.983721e-07, 6.412003e-05, 9.526848e-09, 1.834287e-04, 3.949686e-08, 1.938063e-05, 1.754504e-06, 5.727282e-09, 7.116943e-03, 2.248082e-08, 6.378093e-08, 1.436192e-02, 5.116785e+00, 3.023448e+04, 3.023851e+04
9.300000e-01, 1.033866e-01, 1.735181e-01, 2.395960e-03, 1.735181e-01, 8.818922e+00, 1.081631e-01, -5.100377e+04, 1.585948e+03, 2.057880e+04, 1.585948e+03, 4.700014e+06, 6.411138e-02, 3.253824e-07, 9.284446e-08, 2.582714e-01, 6.459071e-06, 3.345354e-02, 5.140901e-01, 1.226774e-01, 1.351253e-07, 5.295253e-06, 3.964597e-07, 6.324614e-05, 9.376951e-09, 1.820649e-04, 3.912190e-08, 1.932886e-05, 1.744823e-06, 5.626943e-09, 7.116943e-03, 2.236763e-08, 6.370141e-08, 1.436179e-02, 5.118986e+00, 3.022864e+04, 3.023265e+04
9.400000e-01, 1.045207e-01, 1.735181e-01, 2.395960e-03, 1.735181e-01, 8.815129e+00, 1.081631e-01, -4.584206e+04, 1.585251e+03, 2.057880e+04, 1.585251e+03, 4.700014e+06, 6.411670e-02, 3.229660e-07, 9.194086e-08, 2.582341e-01, 6.409838e-06, 3.345015e-02, 5.140534e-01, 1.227518e-01, 1.344464e-07, 5.294536e-06, 3.945621e-07, 6.238420e-05, 9.229407e-09, 1.807115e-04, 3.875055e-08, 1.927730e-05, 1.735198e-06, 5.528361e-09, 7.116943e-03, 2.225514e-08, 6.362215e-08, 1.436166e-02, 5.121189e+00, 3.022288e+04, 3.022689e+04
9.500000e-01, 1.056554e-01, 1.735181e-01, 2.395960e-03, 1.735181e-01, 8.811336e+00, 1.081631e-01, -4.071505e+04, 1.584555e+03, 2.057880e+04, 1.584555e+03, 4.700014e+06, 6.412198e-02, 3.205666e-07, 9.104576e-08, 2.581968e-01, 6.360975e-06, 3.344682e-02, 5.140166e-01, 1.228263e-01, 1.337707e-07, 5.293828e-06, 3.926792e-07, 6.153402e-05, 9.084175e-09, 1.793687e-04, 3.838277e-08, 1.922595e-05, 1.725628e-06, 5.431506e-09, 7.116943e-03, 2.214333e-08, 6.354315e-08, 1.436152e-02, 5.123393e+00, 3.021722e+04, 3.022121e+04
9.600000e-01, 1.067905e-01, 1.735181e-01, 2.395960e-03, 1.735181e-01, 8.807544e+00, 1.081631e-01, -3.561861e+04, 1.583859e+03, 2.057880e+04, 1.583859e+03, 4.700014e+06, 6.412724e-02, 3.181839e-07, 9.015905e-08, 2.581597e-01, 6.312477e-06, 3.344355e-02, 5.139795e-01, 1.229008e-01, 1.330980e-07, 5.293128e-06, 3.908108e-07, 6.069544e-05, 8.941218e-09, 1.780362e-04, 3.801852e-08, 1.917481e-05, 1.716113e-06, 5.336344e-09, 7.116943e-03, 2.203220e-08, 6.346440e-08, 1.436140e-02, 5.125599e+00, 3.021164e+04, 3.021563e+04
9.700000e-01, 1.079262e-01, 1.735181e-01, 2.395960e-03, 1.735181e-01, 8.803753e+00, 1.081631e-01, -3.054933e+04, 1.583163e+03, 2.057880e+04, 1.583163e+03, 4.700015e+06, 6.413247e-02, 3.158180e-07, 8.928067e-08, 2.581226e-01, 6.264342e-06, 3.344035e-02, 5.139423e-01, 1.229753e-01, 1.324283e-07, 5.292436e-06, 3.889569e-07, 5.986827e-05, 8.800498e-09, 1.767139e-04, 3.765776e-08, 1.912388e-05, 1.706652e-06, 5.242845e-09, 7.116943e-03, 2.192175e-08, 6.338590e-08, 1.436127e-02, 5.127807e+00, 3.020615e+04, 3.021013e+04
9.800000e-01, 1.090623e-01, 1.735181e-01, 2.395960e-03, 1.735181e-01, 8.799961e+00, 1.081631e-01, -2.550475e+04, 1.582468e+03, 2.057880e+04, 1.582468e+03, 4.700015e+06, 6.413767e-02, 3.134685e-07, 8.841053e-08, 2.580856e-01, 6.216565e-06, 3.343722e-02, 5.139048e-01, 1.230499e-01, 1.317617e-07, 5.291752e-06, 3.871173e-07, 5.905236e-05, 8.661978e-09, 1.754018e-04, 3.730045e-08, 1.907315e-05, 1.697245e-06, 5.150978e-09, 7.116943e-03, 2.181196e-08, 6.330765e-08, 1.436114e-02, 5.130016e+00, 3.020074e+04, 3.020471e+04
9.900000e-01, 1.101989e-01, 1.735181e-01, 2.395960e-03, 1.735181e-01, 8.796170e+00, 1.081631e-01, -2.075806e+04, 1.581773e+03, 2.057880e+04, 1.581773e+03, 4.700015e+06, 6.414285e-02, 3.111355e-07, 8.754854e-08, 2.580487e-01, 6.169145e-06, 3.343415e-02, 5.138672e-01, 1.231246e-01, 1.310981e-07, 5.291076e-06, 3.852919e-07, 5.824751e-05, 8.525618e-09, 1.740997e-04, 3.694655e-08, 1.902262e-05, 1.687892e-06, 5.060717e-09, 7.116943e-03, 2.170282e-08, 6.322964e-08, 1.436102e-02, 5.132227e+00, 3.019542e+04, 3.019938e+04
1.000000e+00, 1.113360e-01, 1.735181e-01, 2.395960e-03, 1.735181e-01, 8.792380e+00, 1.081631e-01, -1.713821e+04, 1.581078e+03, 2.057880e+04, 1.581078e+03, 4.700015e+06, 6.414800e-02, 3.088190e-07, 8.669461e-08, 2.580118e-01, 6.122080e-06, 3.343114e-02, 5.138294e-01, 1.231994e-01, 1.304375e-07, 5.290408e-06, 3.834808e-07, 5.745352e-05, 8.391371e-09, 1.728076e-04, 3.659605e-08, 1.897230e-05, 1.678593e-06, 4.972042e-09, 7.116943e-03, 2.159433e-08, 6.315191e-08, 1.436090e-02, 5.134439e+00, 3.019018e+04, 3.019414e+04
