Distance_PFRC2_(m), Plug_flow_residence_time_PFRC2_(sec), Internal_surface_area_per_unit_distance_PFRC2_(m), Cross-section_area_PFRC2_(m2), External_surface_area_per_unit_distance_PFRC2_(m), Velocity_PFRC2_(m/sec), Exit_mass_flow_rate_PFRC2_(kg/sec), Volumetric_heat_production_rate_PFRC2_(J/m3-sec), Surface_temperature_PFRC2_(K), Heat_loss_rate_PFRC2_(J/m-sec), Temperature_PFRC2_(K), Pressure_PFRC2_(Pa), Mole_fraction_N2_PFRC2_(), Mole_fraction_H2_PFRC2_(), Mole_fraction_H_PFRC2_(), Mole_fraction_O2_PFRC2_(), Mole_fraction_H2O_PFRC2_(), Mole_fraction_OH_PFRC2_(), Mole_fraction_HO2_PFRC2_(), Mole_fraction_CO_PFRC2_(), Mole_fraction_CO2_PFRC2_(), Mole_fraction_CH4_PFRC2_(), Mole_fraction_CH3_PFRC2_(), Mole_fraction_CH3OH_PFRC2_(), Mole_fraction_CH2O_PFRC2_(), Mole_fraction_HCO_PFRC2_(), Mole_fraction_HOCHO_PFRC2_(), Mole_fraction_C2H6_PFRC2_(), Mole_fraction_C2H4_PFRC2_(), Mole_fraction_C2H3_PFRC2_(), Mole_fraction_C2H2_PFRC2_(), Mole_fraction_CH3CHO_PFRC2_(), Mole_fraction_CH2CO_PFRC2_(), Mole_fraction_HCOOH_PFRC2_(), Mole_fraction_C3H6_PFRC2_(), Mole_fraction_C3H4-P_PFRC2_(), Mole_fraction_C3H4-A_PFRC2_(), Mole_fraction_C3H3_PFRC2_(), Mole_fraction_C4H2_PFRC2_(), Molecular_weight_PFRC2_(kg/mole), Mass_density_PFRC2_(kg/m3), Unburned_hydrocarbons_PFRC2_(ppm), Volatile_organic_compounds_PFRC2_(ppm)
1.350000e-01, 0.000000e+00, 1.130973e+00, 1.017876e-01, 1.130973e+00, 2.926746e-01, 1.766800e-01, 3.634600e+07, 1.802663e+03, 0.000000e+00, 1.802663e+03, 4.700000e+06, 3.009055e-03, 2.836321e-01, 2.907197e-05, 1.735138e-05, 3.053602e-01, 2.357089e-06, 4.277655e-08, 3.131106e-01, 8.800069e-02, 6.636879e-03, 1.382197e-05, 1.345072e-06, 2.954161e-06, 2.643044e-07, 2.783527e-07, 1.183906e-06, 4.166176e-05, 2.984826e-08, 1.356562e-04, 1.841209e-08, 3.591715e-06, 1.520562e-07, 5.431482e-08, 3.538762e-07, 1.396795e-07, 3.787768e-08, 1.092567e-08, 1.891294e-02, 5.930721e+00, 7.009646e+03, 7.021902e+03
1.350098e-01, 3.359150e-05, 1.130973e+00, 1.017876e-01, 1.130973e+00, 2.926871e-01, 1.766800e-01, -6.701097e+06, 1.802696e+03, 2.501106e+04, 1.802696e+03, 4.700004e+06, 3.008977e-03, 2.836542e-01, 2.842094e-05, 6.831249e-06, 3.053594e-01, 2.303438e-06, 1.659208e-08, 3.131263e-01, 8.799362e-02, 6.619485e-03, 1.348246e-05, 1.307189e-06, 2.928368e-06, 2.583782e-07, 2.810363e-07, 1.083572e-06, 4.145605e-05, 2.909662e-08, 1.353287e-04, 1.803080e-08, 3.564965e-06, 1.521078e-07, 5.274100e-08, 3.526653e-07, 1.390789e-07, 3.754826e-08, 1.090127e-08, 1.891245e-02, 5.930467e+00, 6.990630e+03, 7.002763e+03
1.350760e-01, 2.596924e-04, 1.130973e+00, 1.017876e-01, 1.130973e+00, 2.926654e-01, 1.766800e-01, -3.500687e+07, 1.802159e+03, 2.501106e+04, 1.802159e+03, 4.700004e+06, 3.008305e-03, 2.838798e-01, 2.787455e-05, 1.532691e-08, 3.052276e-01, 2.253103e-06, 3.702580e-11, 3.132188e-01, 8.793150e-02, 6.509092e-03, 1.299783e-05, 1.251841e-06, 2.886373e-06, 2.538528e-07, 2.835512e-07, 1.027504e-06, 4.037433e-05, 2.778716e-08, 1.313425e-04, 1.746758e-08, 3.474452e-06, 1.521457e-07, 4.998830e-08, 3.365464e-07, 1.326510e-07, 3.556736e-08, 1.028013e-08, 1.890823e-02, 5.930908e+00, 6.869413e+03, 6.881263e+03
1.360241e-01, 3.501391e-03, 1.130973e+00, 1.017876e-01, 1.130973e+00, 2.922912e-01, 1.766800e-01, -2.359610e+07, 1.795084e+03, 2.501106e+04, 1.795084e+03, 4.700004e+06, 3.000330e-03, 2.867533e-01, 2.645782e-05, 6.010616e-11, 3.033787e-01, 2.071204e-06, 3.755145e-13, 3.141181e-01, 8.735417e-02, 5.242369e-03, 9.844127e-06, 9.549742e-07, 2.642415e-06, 2.463261e-07, 2.861226e-07, 6.631689e-07, 2.622794e-05, 1.688949e-08, 8.051681e-05, 1.354396e-08, 2.619490e-06, 1.520577e-07, 2.555851e-08, 1.632168e-07, 6.424374e-08, 1.642274e-08, 3.815038e-09, 1.885810e-02, 5.938500e+00, 5.467919e+03, 5.477494e+03
1.404081e-01, 1.852680e-02, 1.130973e+00, 1.017876e-01, 1.130973e+00, 2.914013e-01, 1.766800e-01, -7.808011e+06, 1.779332e+03, 2.501106e+04, 1.779332e+03, 4.700004e+06, 2.983085e-03, 2.930952e-01, 2.351201e-05, 4.366924e-11, 2.993063e-01, 1.714225e-06, 2.688367e-13, 3.158900e-01, 8.622923e-02, 2.443093e-03, 3.994794e-06, 3.958128e-07, 2.205697e-06, 2.299133e-07, 2.915595e-07, 1.391542e-07, 5.239542e-06, 2.901657e-09, 1.410369e-05, 5.795173e-09, 1.053326e-06, 1.517845e-07, 2.257334e-09, 1.278906e-08, 5.017237e-09, 1.152069e-09, 1.139361e-10, 1.874971e-02, 5.956635e+00, 2.486126e+03, 2.491530e+03
1.470000e-01, 4.117161e-02, 1.130973e+00, 1.017876e-01, 1.130973e+00, 2.908747e-01, 1.766800e-01, -2.688980e+06, 1.770944e+03, 2.501106e+04, 1.770944e+03, 4.700004e+06, 2.974397e-03, 2.963322e-01, 2.209591e-05, 3.558774e-11, 2.972408e-01, 1.552095e-06, 2.227509e-13, 3.167192e-01, 8.570096e-02, 1.001002e-03, 1.522351e-06, 1.552415e-07, 2.029161e-06, 2.217953e-07, 2.940821e-07, 2.304318e-08, 8.441471e-07, 4.318770e-10, 2.118365e-06, 2.289376e-09, 4.012558e-07, 1.516291e-07, 1.451278e-10, 7.703369e-10, 3.016836e-10, 6.543873e-11, 2.550196e-12, 1.869510e-02, 5.967419e+00, 1.008500e+03, 1.012166e+03
1.554454e-01, 7.022261e-02, 1.130973e+00, 1.017876e-01, 1.130973e+00, 2.905828e-01, 1.766800e-01, -8.665374e+05, 1.766927e+03, 2.501106e+04, 1.766927e+03, 4.700004e+06, 2.970632e-03, 2.977580e-01, 2.149142e-05, 3.269902e-11, 2.963273e-01, 1.483885e-06, 2.055256e-13, 3.170523e-01, 8.549436e-02, 3.707222e-04, 5.460025e-07, 5.922247e-08, 1.961334e-06, 2.184251e-07, 2.949103e-07, 3.160232e-09, 1.147841e-07, 5.670172e-11, 2.786502e-07, 8.371905e-10, 1.439356e-07, 1.515571e-07, 7.210625e-12, 3.688334e-11, 1.443864e-11, 3.055385e-12, 4.349516e-14, 1.867143e-02, 5.973414e+00, 3.720618e+02, 3.750416e+02
1.590000e-01, 8.245683e-02, 1.130973e+00, 1.017876e-01, 1.130973e+00, 2.905072e-01, 1.766800e-01, -5.887000e+05, 1.766044e+03, 2.501106e+04, 1.766044e+03, 4.700004e+06, 2.969920e-03, 2.980340e-01, 2.137317e-05, 3.214184e-11, 2.961484e-01, 1.470432e-06, 2.023014e-13, 3.171086e-01, 8.546174e-02, 2.512453e-04, 3.675886e-07, 4.158501e-08, 1.949127e-06, 2.178086e-07, 2.949871e-07, 1.458534e-09, 5.288600e-08, 2.592682e-11, 1.274679e-07, 5.662130e-10, 9.694429e-08, 1.515430e-07, 2.264838e-12, 1.165451e-11, 4.558037e-12, 9.534363e-13, 1.023608e-14, 1.866696e-02, 5.974969e+00, 2.519767e+02, 2.548314e+02
1.710000e-01, 1.237776e-01, 1.130973e+00, 1.017876e-01, 1.130973e+00, 2.903274e-01, 1.766800e-01, -1.328856e+05, 1.764338e+03, 2.501106e+04, 1.764338e+03, 4.700004e+06, 2.968888e-03, 2.984557e-01, 2.113983e-05, 3.112857e-11, 2.958677e-01, 1.445182e-06, 1.963396e-13, 3.171685e-01, 8.543600e-02, 7.790041e-05, 1.126220e-07, 1.632120e-08, 1.931918e-06, 2.165223e-07, 2.951197e-07, 1.421981e-10, 5.259838e-09, 2.547236e-12, 1.251705e-08, 1.752079e-10, 2.980903e-08, 1.515262e-07, 6.863538e-14, 3.458343e-13, 1.353272e-13, 2.812390e-14, 9.382924e-17, 1.866048e-02, 5.978668e+00, 7.804889e+01, 8.072451e+01
1.830000e-01, 1.651202e-01, 1.130973e+00, 1.017876e-01, 1.130973e+00, 2.901905e-01, 1.766800e-01, -9.559988e+03, 1.763352e+03, 2.501106e+04, 1.763352e+03, 4.700004e+06, 2.968628e-03, 2.985902e-01, 2.098542e-05, 3.054770e-11, 2.957689e-01, 1.430196e-06, 1.927857e-13, 3.171555e-01, 8.545757e-02, 3.415269e-05, 4.903268e-08, 1.001533e-08, 1.927838e-06, 2.155405e-07, 2.952613e-07, 2.754967e-11, 1.062443e-09, 5.123364e-13, 2.515140e-09, 7.681446e-11, 1.307757e-08, 1.515281e-07, 6.951524e-15, 3.458398e-14, 1.353356e-14, 2.783115e-15, 1.006416e-17, 1.865884e-02, 5.981489e+00, 3.420894e+01, 3.683957e+01
1.950000e-01, 2.064814e-01, 1.130973e+00, 1.017876e-01, 1.130973e+00, 2.900643e-01, 1.766800e-01, -4.682706e+03, 1.762545e+03, 2.501106e+04, 1.762545e+03, 4.700004e+06, 2.968561e-03, 2.986528e-01, 2.084716e-05, 3.006705e-11, 2.957155e-01, 1.417535e-06, 1.897597e-13, 3.171244e-01, 8.549096e-02, 2.283558e-05, 3.255403e-08, 8.393909e-09, 1.926971e-06, 2.145967e-07, 2.954298e-07, 1.283275e-11, 5.096708e-10, 2.432640e-13, 1.199076e-09, 5.132219e-11, 8.754087e-09, 1.515351e-07, 1.842158e-15, 9.247493e-15, 3.625106e-15, 7.579716e-16, 9.689383e-19, 1.865842e-02, 5.984092e+00, 2.287158e+01, 2.549022e+01
2.070000e-01, 2.478604e-01, 1.130973e+00, 1.017876e-01, 1.130973e+00, 2.899409e-01, 1.766800e-01, -2.733330e+03, 1.761785e+03, 2.501106e+04, 1.761785e+03, 4.700004e+06, 2.968544e-03, 2.986969e-01, 2.071308e-05, 2.961513e-11, 2.956740e-01, 1.405502e-06, 1.868879e-13, 3.170885e-01, 8.552746e-02, 1.993122e-05, 2.819342e-08, 7.980601e-09, 1.926930e-06, 2.136593e-07, 2.956097e-07, 1.039962e-11, 4.027223e-10, 1.886866e-13, 9.404150e-10, 4.472131e-11, 7.625273e-09, 1.515434e-07, 2.266306e-16, 1.197179e-15, 4.807825e-16, 8.972831e-17, -5.823638e-18, 1.865831e-02, 5.986639e+00, 1.996213e+01, 2.257726e+01
2.190000e-01, 2.892569e-01, 1.130973e+00, 1.017876e-01, 1.130973e+00, 2.898183e-01, 1.766800e-01, 6.844013e+04, 1.761038e+03, 2.501106e+04, 1.761038e+03, 4.700004e+06, 2.968540e-03, 2.987361e-01, 2.057797e-05, 2.917026e-11, 2.956354e-01, 1.393527e-06, 1.840360e-13, 3.170513e-01, 8.556478e-02, 1.923229e-05, 2.709788e-08, 7.896220e-09, 1.927106e-06, 2.126977e-07, 2.958106e-07, 8.620495e-12, 3.678782e-10, 1.756723e-13, 8.610519e-10, 4.322112e-11, 7.334344e-09, 1.515525e-07, 2.224069e-15, 1.087495e-14, 4.233901e-15, 8.415277e-16, 6.060270e-18, 1.865829e-02, 5.989171e+00, 1.926186e+01, 2.187573e+01
2.310000e-01, 3.306709e-01, 1.130973e+00, 1.017876e-01, 1.130973e+00, 2.896958e-01, 1.766800e-01, 9.208956e+05, 1.760293e+03, 2.501106e+04, 1.760293e+03, 4.700004e+06, 2.968540e-03, 2.987740e-01, 2.046239e-05, 2.878221e-11, 2.955977e-01, 1.382968e-06, 1.817374e-13, 3.170137e-01, 8.560241e-02, 1.914735e-05, 2.605738e-08, 7.803346e-09, 1.927315e-06, 2.119241e-07, 2.959257e-07, 1.632925e-11, 3.425788e-10, 1.213954e-13, 7.889797e-10, 4.216081e-11, 7.227217e-09, 1.515600e-07, -1.183660e-14, -5.776398e-14, -2.265679e-14, -5.912558e-15, -9.602229e-17, 1.865829e-02, 5.991704e+00, 1.917571e+01, 2.178880e+01
2.430000e-01, 3.721024e-01, 1.130973e+00, 1.017876e-01, 1.130973e+00, 2.895740e-01, 1.766800e-01, 2.944973e+04, 1.759554e+03, 2.501106e+04, 1.759554e+03, 4.700004e+06, 2.968541e-03, 2.988114e-01, 2.031542e-05, 2.831179e-11, 2.955604e-01, 1.370257e-06, 1.785555e-13, 3.169763e-01, 8.563992e-02, 1.922926e-05, 2.670817e-08, 7.903100e-09, 1.927589e-06, 2.108353e-07, 2.961838e-07, 9.065334e-12, 3.577521e-10, 1.658046e-13, 8.234400e-10, 4.309233e-11, 7.268988e-09, 1.515702e-07, 1.109092e-15, 5.363288e-15, 2.097637e-15, 4.035975e-16, 3.587686e-19, 1.865829e-02, 5.994223e+00, 1.925835e+01, 2.187106e+01
2.550000e-01, 4.135513e-01, 1.130973e+00, 1.017876e-01, 1.130973e+00, 2.894516e-01, 1.766800e-01, 8.623658e+03, 1.758810e+03, 2.501106e+04, 1.758810e+03, 4.700004e+06, 2.968541e-03, 2.988490e-01, 2.018452e-05, 2.788998e-11, 2.955228e-01, 1.358702e-06, 1.758594e-13, 3.169385e-01, 8.567769e-02, 1.932520e-05, 2.666875e-08, 7.922720e-09, 1.927842e-06, 2.099022e-07, 2.963743e-07, 9.208649e-12, 3.660724e-10, 1.687423e-13, 8.387769e-10, 4.327330e-11, 7.273258e-09, 1.515792e-07, 1.185999e-15, 5.785781e-15, 2.264895e-15, 4.554855e-16, 6.092901e-19, 1.865830e-02, 5.996758e+00, 1.935430e+01, 2.196653e+01
2.670000e-01, 4.550178e-01, 1.130973e+00, 1.017876e-01, 1.130973e+00, 2.893292e-01, 1.766800e-01, 8.643371e+03, 1.758067e+03, 2.501106e+04, 1.758067e+03, 4.700004e+06, 2.968542e-03, 2.988866e-01, 2.005435e-05, 2.747421e-11, 2.954852e-01, 1.347236e-06, 1.732033e-13, 3.169007e-01, 8.571552e-02, 1.944661e-05, 2.666148e-08, 7.945758e-09, 1.928097e-06, 2.089723e-07, 2.965652e-07, 9.305980e-12, 3.685510e-10, 1.686729e-13, 8.398163e-10, 4.350995e-11, 7.286378e-09, 1.515881e-07, 1.199339e-15, 5.822244e-15, 2.278759e-15, 4.560668e-16, 6.109810e-19, 1.865830e-02, 5.999295e+00, 1.947571e+01, 2.208749e+01
2.790000e-01, 4.965018e-01, 1.130973e+00, 1.017876e-01, 1.130973e+00, 2.892068e-01, 1.766800e-01, 8.656938e+03, 1.757324e+03, 2.501106e+04, 1.757324e+03, 4.700004e+06, 2.968543e-03, 2.989242e-01, 1.992491e-05, 2.706430e-11, 2.954476e-01, 1.335857e-06, 1.705851e-13, 3.168628e-01, 8.575341e-02, 1.957736e-05, 2.666578e-08, 7.970058e-09, 1.928353e-06, 2.080456e-07, 2.967563e-07, 9.414751e-12, 3.715749e-10, 1.688386e-13, 8.420376e-10, 4.376703e-11, 7.302630e-09, 1.515971e-07, 1.215169e-15, 5.870014e-15, 2.297037e-15, 4.574846e-16, 6.129904e-19, 1.865831e-02, 6.001834e+00, 1.960647e+01, 2.221782e+01
2.910000e-01, 5.380034e-01, 1.130973e+00, 1.017876e-01, 1.130973e+00, 2.890844e-01, 1.766800e-01, 8.662382e+03, 1.756581e+03, 2.501106e+04, 1.756581e+03, 4.700004e+06, 2.968544e-03, 2.989618e-01, 1.979619e-05, 2.666015e-11, 2.954100e-01, 1.324565e-06, 1.680042e-13, 3.168248e-01, 8.579135e-02, 1.971156e-05, 2.667340e-08, 7.994792e-09, 1.928609e-06, 2.071223e-07, 2.969476e-07, 9.526748e-12, 3.746750e-10, 1.690314e-13, 8.443939e-10, 4.403133e-11, 7.319825e-09, 1.516060e-07, 1.231342e-15, 5.919164e-15, 2.315858e-15, 4.590273e-16, 6.161011e-19, 1.865831e-02, 6.004375e+00, 1.974069e+01, 2.235161e+01
3.030000e-01, 5.795225e-01, 1.130973e+00, 1.017876e-01, 1.130973e+00, 2.889620e-01, 1.766800e-01, 8.735911e+03, 1.755837e+03, 2.501106e+04, 1.755837e+03, 4.700004e+06, 2.968545e-03, 2.989996e-01, 1.966820e-05, 2.626169e-11, 2.953722e-01, 1.313358e-06, 1.654601e-13, 3.167869e-01, 8.582933e-02, 1.984629e-05, 2.668042e-08, 8.019562e-09, 1.928866e-06, 2.062023e-07, 2.971391e-07, 9.640307e-12, 3.778570e-10, 1.692514e-13, 8.468929e-10, 4.429636e-11, 7.336902e-09, 1.516150e-07, 1.248356e-15, 5.971174e-15, 2.335760e-15, 4.606696e-16, 6.186245e-19, 1.865832e-02, 6.006919e+00, 1.987544e+01, 2.248594e+01
3.150000e-01, 6.210593e-01, 1.130973e+00, 1.017876e-01, 1.130973e+00, 2.888396e-01, 1.766800e-01, 8.737541e+03, 1.755094e+03, 2.501106e+04, 1.755094e+03, 4.700004e+06, 2.968546e-03, 2.990373e-01, 1.954093e-05, 2.586884e-11, 2.953345e-01, 1.302236e-06, 1.629525e-13, 3.167488e-01, 8.586737e-02, 1.998228e-05, 2.668758e-08, 8.044449e-09, 1.929124e-06, 2.052855e-07, 2.973308e-07, 9.754867e-12, 3.809962e-10, 1.694333e-13, 8.492130e-10, 4.456367e-11, 7.354081e-09, 1.516239e-07, 1.265198e-15, 6.021726e-15, 2.355096e-15, 4.622047e-16, 6.216050e-19, 1.865833e-02, 6.009465e+00, 2.001145e+01, 2.262153e+01
3.270000e-01, 6.626137e-01, 1.130973e+00, 1.017876e-01, 1.130973e+00, 2.887172e-01, 1.766800e-01, 8.699284e+03, 1.754351e+03, 2.501106e+04, 1.754351e+03, 4.700004e+06, 2.968547e-03, 2.990751e-01, 1.941437e-05, 2.548153e-11, 2.952967e-01, 1.291198e-06, 1.604806e-13, 3.167107e-01, 8.590545e-02, 2.011914e-05, 2.669443e-08, 8.069405e-09, 1.929382e-06, 2.043721e-07, 2.975227e-07, 9.870432e-12, 3.841219e-10, 1.695939e-13, 8.514348e-10, 4.483239e-11, 7.371234e-09, 1.516329e-07, 1.281956e-15, 6.071338e-15, 2.374068e-15, 4.636705e-16, 6.248537e-19, 1.865833e-02, 6.012013e+00, 2.014832e+01, 2.275799e+01
3.390000e-01, 7.041856e-01, 1.130973e+00, 1.017876e-01, 1.130973e+00, 2.885947e-01, 1.766800e-01, 8.645810e+03, 1.753608e+03, 2.501106e+04, 1.753608e+03, 4.700004e+06, 2.968548e-03, 2.991130e-01, 1.928852e-05, 2.509969e-11, 2.952588e-01, 1.280245e-06, 1.580442e-13, 3.166726e-01, 8.594359e-02, 2.025678e-05, 2.670097e-08, 8.094428e-09, 1.929640e-06, 2.034619e-07, 2.977148e-07, 9.987283e-12, 3.872720e-10, 1.697541e-13, 8.536592e-10, 4.510238e-11, 7.388351e-09, 1.516418e-07, 1.298778e-15, 6.120808e-15, 2.392987e-15, 4.651245e-16, 6.282167e-19, 1.865834e-02, 6.014564e+00, 2.028598e+01, 2.289523e+01
3.510000e-01, 7.457753e-01, 1.130973e+00, 1.017876e-01, 1.130973e+00, 2.884723e-01, 1.766800e-01, 8.652150e+03, 1.752864e+03, 2.501106e+04, 1.752864e+03, 4.700004e+06, 2.968549e-03, 2.991509e-01, 1.916339e-05, 2.472324e-11, 2.952209e-01, 1.269375e-06, 1.556427e-13, 3.166344e-01, 8.598178e-02, 2.039559e-05, 2.670769e-08, 8.119569e-09, 1.929899e-06, 2.025550e-07, 2.979071e-07, 1.010595e-11, 3.904811e-10, 1.699295e-13, 8.559655e-10, 4.537447e-11, 7.405564e-09, 1.516508e-07, 1.316062e-15, 6.171687e-15, 2.412441e-15, 4.666351e-16, 6.313175e-19, 1.865835e-02, 6.017116e+00, 2.042481e+01, 2.303365e+01
3.630000e-01, 7.873825e-01, 1.130973e+00, 1.017876e-01, 1.130973e+00, 2.883499e-01, 1.766800e-01, 8.696218e+03, 1.752121e+03, 2.501106e+04, 1.752121e+03, 4.700004e+06, 2.968550e-03, 2.991888e-01, 1.903896e-05, 2.435212e-11, 2.951830e-01, 1.258588e-06, 1.532756e-13, 3.165962e-01, 8.602001e-02, 2.053563e-05, 2.671472e-08, 8.144839e-09, 1.930158e-06, 2.016514e-07, 2.980995e-07, 1.022672e-11, 3.937765e-10, 1.701340e-13, 8.584223e-10, 4.564884e-11, 7.422905e-09, 1.516597e-07, 1.333984e-15, 6.224758e-15, 2.432733e-15, 4.682472e-16, 6.339658e-19, 1.865835e-02, 6.019671e+00, 2.056488e+01, 2.317331e+01
3.750000e-01, 8.290075e-01, 1.130973e+00, 1.017876e-01, 1.130973e+00, 2.882274e-01, 1.766800e-01, 8.765321e+03, 1.751378e+03, 2.501106e+04, 1.751378e+03, 4.700004e+06, 2.968551e-03, 2.992268e-01, 1.891523e-05, 2.398625e-11, 2.951450e-01, 1.247883e-06, 1.509424e-13, 3.165579e-01, 8.605830e-02, 2.067695e-05, 2.672205e-08, 8.170241e-09, 1.930417e-06, 2.007510e-07, 2.982922e-07, 1.034957e-11, 3.971493e-10, 1.703619e-13, 8.610020e-10, 4.592553e-11, 7.440375e-09, 1.516687e-07, 1.352504e-15, 6.279792e-15, 2.453773e-15, 4.699442e-16, 6.362576e-19, 1.865836e-02, 6.022228e+00, 2.070621e+01, 2.331425e+01
3.870000e-01, 8.706501e-01, 1.130973e+00, 1.017876e-01, 1.130973e+00, 2.881050e-01, 1.766800e-01, 8.873856e+03, 1.750634e+03, 2.501106e+04, 1.750634e+03, 4.700004e+06, 2.968553e-03, 2.992649e-01, 1.879220e-05, 2.362556e-11, 2.951069e-01, 1.237260e-06, 1.486429e-13, 3.165196e-01, 8.609663e-02, 2.081922e-05, 2.672903e-08, 8.195711e-09, 1.930677e-06, 1.998539e-07, 2.984850e-07, 1.047337e-11, 4.004774e-10, 1.705465e-13, 8.633812e-10, 4.620378e-11, 7.457815e-09, 1.516776e-07, 1.370796e-15, 6.333025e-15, 2.474114e-15, 4.715090e-16, 6.392445e-19, 1.865837e-02, 6.024788e+00, 2.084850e+01, 2.345614e+01
3.990000e-01, 9.123105e-01, 1.130973e+00, 1.017876e-01, 1.130973e+00, 2.879825e-01, 1.766800e-01, 8.922764e+03, 1.749891e+03, 2.501106e+04, 1.749891e+03, 4.700004e+06, 2.968554e-03, 2.993029e-01, 1.866987e-05, 2.326999e-11, 2.950688e-01, 1.226718e-06, 1.463764e-13, 3.164812e-01, 8.613502e-02, 2.096259e-05, 2.673587e-08, 8.221274e-09, 1.930937e-06, 1.989600e-07, 2.986781e-07, 1.059850e-11, 4.037941e-10, 1.707043e-13, 8.656420e-10, 4.648394e-11, 7.475285e-09, 1.516866e-07, 1.389115e-15, 6.385542e-15, 2.494173e-15, 4.729994e-16, 6.426674e-19, 1.865837e-02, 6.027349e+00, 2.099189e+01, 2.359914e+01
4.110000e-01, 9.539885e-01, 1.130973e+00, 1.017876e-01, 1.130973e+00, 2.878601e-01, 1.766800e-01, 8.900498e+03, 1.749147e+03, 2.501106e+04, 1.749147e+03, 4.700004e+06, 2.968555e-03, 2.993411e-01, 1.854823e-05, 2.291947e-11, 2.950307e-01, 1.216257e-06, 1.441425e-13, 3.164427e-01, 8.617346e-02, 2.110706e-05, 2.674263e-08, 8.246933e-09, 1.931197e-06, 1.980693e-07, 2.988713e-07, 1.072499e-11, 4.071120e-10, 1.708474e-13, 8.678366e-10, 4.676600e-11, 7.492792e-09, 1.516955e-07, 1.407526e-15, 6.437764e-15, 2.514112e-15, 4.744494e-16, 6.464041e-19, 1.865838e-02, 6.029913e+00, 2.113638e+01, 2.374324e+01
4.230000e-01, 9.956843e-01, 1.130973e+00, 1.017876e-01, 1.130973e+00, 2.877376e-01, 1.766800e-01, 9.031330e+03, 1.748404e+03, 2.501106e+04, 1.748404e+03, 4.700004e+06, 2.968556e-03, 2.993793e-01, 1.842728e-05, 2.257392e-11, 2.949925e-01, 1.205876e-06, 1.419407e-13, 3.164043e-01, 8.621195e-02, 2.125261e-05, 2.674972e-08, 8.272719e-09, 1.931458e-06, 1.971819e-07, 2.990647e-07, 1.085334e-11, 4.105388e-10, 1.710566e-13, 8.703346e-10, 4.704999e-11, 7.510404e-09, 1.517044e-07, 1.426624e-15, 6.493003e-15, 2.535216e-15, 4.760982e-16, 6.494245e-19, 1.865839e-02, 6.032479e+00, 2.128195e+01, 2.388843e+01
4.350000e-01, 1.037398e+00, 1.130973e+00, 1.017876e-01, 1.130973e+00, 2.876152e-01, 1.766800e-01, 9.089997e+03, 1.747661e+03, 2.501106e+04, 1.747661e+03, 4.700004e+06, 2.968557e-03, 2.994175e-01, 1.830701e-05, 2.223327e-11, 2.949542e-01, 1.195574e-06, 1.397707e-13, 3.163657e-01, 8.625048e-02, 2.139925e-05, 2.675700e-08, 8.298622e-09, 1.931720e-06, 1.962976e-07, 2.992584e-07, 1.098333e-11, 4.140398e-10, 1.713092e-13, 8.730290e-10, 4.733589e-11, 7.528097e-09, 1.517134e-07, 1.446212e-15, 6.550232e-15, 2.557088e-15, 4.778772e-16, 6.520610e-19, 1.865839e-02, 6.035047e+00, 2.142860e+01, 2.403470e+01
4.470000e-01, 1.079129e+00, 1.130973e+00, 1.017876e-01, 1.130973e+00, 2.874927e-01, 1.766800e-01, 9.061342e+03, 1.746917e+03, 2.501106e+04, 1.746917e+03, 4.700004e+06, 2.968558e-03, 2.994558e-01, 1.818742e-05, 2.189747e-11, 2.949159e-01, 1.185352e-06, 1.376320e-13, 3.163271e-01, 8.628907e-02, 2.154697e-05, 2.676444e-08, 8.324640e-09, 1.931981e-06, 1.954166e-07, 2.994522e-07, 1.111500e-11, 4.176086e-10, 1.715977e-13, 8.758875e-10, 4.762370e-11, 7.545864e-09, 1.517223e-07, 1.466264e-15, 6.609219e-15, 2.579637e-15, 4.797649e-16, 6.543538e-19, 1.865840e-02, 6.037618e+00, 2.157635e+01, 2.418207e+01
4.590000e-01, 1.120878e+00, 1.130973e+00, 1.017876e-01, 1.130973e+00, 2.873703e-01, 1.766800e-01, 9.271297e+03, 1.746174e+03, 2.501106e+04, 1.746174e+03, 4.700004e+06, 2.968559e-03, 2.994941e-01, 1.806852e-05, 2.156646e-11, 2.948776e-01, 1.175208e-06, 1.355242e-13, 3.162885e-01, 8.632771e-02, 2.169587e-05, 2.677166e-08, 8.350747e-09, 1.932243e-06, 1.945387e-07, 2.996462e-07, 1.124835e-11, 4.211655e-10, 1.718423e-13, 8.785623e-10, 4.791353e-11, 7.563650e-09, 1.517312e-07, 1.486388e-15, 6.667255e-15, 2.601806e-15, 4.815330e-16, 6.569661e-19, 1.865841e-02, 6.040191e+00, 2.172527e+01, 2.433062e+01
4.710000e-01, 1.162645e+00, 1.130973e+00, 1.017876e-01, 1.130973e+00, 2.872478e-01, 1.766800e-01, 9.499803e+03, 1.745430e+03, 2.501106e+04, 1.745430e+03, 4.700004e+06, 2.968560e-03, 2.995325e-01, 1.795029e-05, 2.124018e-11, 2.948392e-01, 1.165142e-06, 1.334469e-13, 3.162498e-01, 8.636640e-02, 2.184593e-05, 2.677877e-08, 8.376949e-09, 1.932506e-06, 1.936641e-07, 2.998404e-07, 1.138343e-11, 4.247369e-10, 1.720679e-13, 8.811626e-10, 4.820536e-11, 7.581470e-09, 1.517401e-07, 1.506721e-15, 6.725217e-15, 2.623936e-15, 4.832530e-16, 6.596589e-19, 1.865841e-02, 6.042766e+00, 2.187534e+01, 2.448033e+01
4.830000e-01, 1.204430e+00, 1.130973e+00, 1.017876e-01, 1.130973e+00, 2.871253e-01, 1.766800e-01, 9.675406e+03, 1.744687e+03, 2.501106e+04, 1.744687e+03, 4.700004e+06, 2.968561e-03, 2.995709e-01, 1.783273e-05, 2.091855e-11, 2.948008e-01, 1.155153e-06, 1.313996e-13, 3.162110e-01, 8.640515e-02, 2.199715e-05, 2.678571e-08, 8.403245e-09, 1.932769e-06, 1.927926e-07, 3.000348e-07, 1.152026e-11, 4.283130e-10, 1.722638e-13, 8.836417e-10, 4.849920e-11, 7.599316e-09, 1.517491e-07, 1.527218e-15, 6.782758e-15, 2.645893e-15, 4.848943e-16, 6.625002e-19, 1.865842e-02, 6.045344e+00, 2.202659e+01, 2.463121e+01
4.950000e-01, 1.246232e+00, 1.130973e+00, 1.017876e-01, 1.130973e+00, 2.870029e-01, 1.766800e-01, 9.699753e+03, 1.743943e+03, 2.501106e+04, 1.743943e+03, 4.700004e+06, 2.968562e-03, 2.996094e-01, 1.771585e-05, 2.060151e-11, 2.947623e-01, 1.145242e-06, 1.293820e-13, 3.161722e-01, 8.644394e-02, 2.214957e-05, 2.679243e-08, 8.429630e-09, 1.933032e-06, 1.919243e-07, 3.002294e-07, 1.165887e-11, 4.318840e-10, 1.724192e-13, 8.859534e-10, 4.879507e-11, 7.617179e-09, 1.517580e-07, 1.547836e-15, 6.839535e-15, 2.667542e-15, 4.864260e-16, 6.655582e-19, 1.865843e-02, 6.047923e+00, 2.217902e+01, 2.478329e+01
5.070000e-01, 1.288053e+00, 1.130973e+00, 1.017876e-01, 1.130973e+00, 2.868804e-01, 1.766800e-01, 9.447585e+03, 1.743199e+03, 2.501106e+04, 1.743199e+03, 4.700004e+06, 2.968563e-03, 2.996479e-01, 1.759963e-05, 2.028900e-11, 2.947237e-01, 1.135406e-06, 1.273937e-13, 3.161334e-01, 8.648278e-02, 2.230318e-05, 2.679888e-08, 8.456100e-09, 1.933295e-06, 1.910592e-07, 3.004242e-07, 1.179928e-11, 4.354404e-10, 1.725234e-13, 8.880512e-10, 4.909299e-11, 7.635050e-09, 1.517669e-07, 1.568531e-15, 6.895203e-15, 2.688747e-15, 4.878178e-16, 6.689008e-19, 1.865843e-02, 6.050505e+00, 2.233265e+01, 2.493657e+01
5.190000e-01, 1.329891e+00, 1.130973e+00, 1.017876e-01, 1.130973e+00, 2.867579e-01, 1.766800e-01, 9.021052e+03, 1.742456e+03, 2.501106e+04, 1.742456e+03, 4.700004e+06, 2.968564e-03, 2.996864e-01, 1.748408e-05, 1.998096e-11, 2.946851e-01, 1.125647e-06, 1.254342e-13, 3.160945e-01, 8.652168e-02, 2.245800e-05, 2.680513e-08, 8.482663e-09, 1.933559e-06, 1.901972e-07, 3.006192e-07, 1.194149e-11, 4.389960e-10, 1.725935e-13, 8.900078e-10, 4.939296e-11, 7.652942e-09, 1.517758e-07, 1.589366e-15, 6.950262e-15, 2.709706e-15, 4.891170e-16, 6.724777e-19, 1.865844e-02, 6.053089e+00, 2.248749e+01, 2.509105e+01
5.310000e-01, 1.371747e+00, 1.130973e+00, 1.017876e-01, 1.130973e+00, 2.866354e-01, 1.766800e-01, 9.376200e+03, 1.741712e+03, 2.501106e+04, 1.741712e+03, 4.700004e+06, 2.968565e-03, 2.997250e-01, 1.736919e-05, 1.967733e-11, 2.946465e-01, 1.115963e-06, 1.235032e-13, 3.160555e-01, 8.656062e-02, 2.261394e-05, 2.681176e-08, 8.509361e-09, 1.933824e-06, 1.893383e-07, 3.008143e-07, 1.208534e-11, 4.426507e-10, 1.727470e-13, 8.923236e-10, 4.969491e-11, 7.670942e-09, 1.517847e-07, 1.610781e-15, 7.008238e-15, 2.731799e-15, 4.906518e-16, 6.758141e-19, 1.865845e-02, 6.055676e+00, 2.264345e+01, 2.524666e+01
5.430000e-01, 1.413621e+00, 1.130973e+00, 1.017876e-01, 1.130973e+00, 2.865129e-01, 1.766800e-01, 9.642580e+03, 1.740969e+03, 2.501106e+04, 1.740969e+03, 4.700004e+06, 2.968567e-03, 2.997637e-01, 1.725495e-05, 1.937806e-11, 2.946078e-01, 1.106354e-06, 1.216002e-13, 3.160165e-01, 8.659962e-02, 2.277107e-05, 2.681838e-08, 8.536165e-09, 1.934089e-06, 1.884826e-07, 3.010097e-07, 1.223094e-11, 4.463370e-10, 1.729057e-13, 8.946639e-10, 4.999890e-11, 7.688991e-09, 1.517936e-07, 1.632478e-15, 7.066746e-15, 2.754092e-15, 4.922024e-16, 6.792643e-19, 1.865845e-02, 6.058265e+00, 2.280060e+01, 2.540347e+01
5.550000e-01, 1.455513e+00, 1.130973e+00, 1.017876e-01, 1.130973e+00, 2.863905e-01, 1.766800e-01, 9.671031e+03, 1.740225e+03, 2.501106e+04, 1.740225e+03, 4.700004e+06, 2.968568e-03, 2.998024e-01, 1.714136e-05, 1.908307e-11, 2.945691e-01, 1.096819e-06, 1.197249e-13, 3.159775e-01, 8.663867e-02, 2.292939e-05, 2.682501e-08, 8.563079e-09, 1.934354e-06, 1.876300e-07, 3.012053e-07, 1.237832e-11, 4.500572e-10, 1.730730e-13, 8.970428e-10, 5.030495e-11, 7.707092e-09, 1.518025e-07, 1.654465e-15, 7.125869e-15, 2.776619e-15, 4.937779e-16, 6.828362e-19, 1.865846e-02, 6.060856e+00, 2.295894e+01, 2.556147e+01
5.670000e-01, 1.497423e+00, 1.130973e+00, 1.017876e-01, 1.130973e+00, 2.862680e-01, 1.766800e-01, 9.277352e+03, 1.739481e+03, 2.501106e+04, 1.739481e+03, 4.700004e+06, 2.968569e-03, 2.998412e-01, 1.702842e-05, 1.879231e-11, 2.945303e-01, 1.087357e-06, 1.178767e-13, 3.159384e-01, 8.667777e-02, 2.308892e-05, 2.683167e-08, 8.590102e-09, 1.934619e-06, 1.867805e-07, 3.014011e-07, 1.252747e-11, 4.538138e-10, 1.732522e-13, 8.994744e-10, 5.061305e-11, 7.725245e-09, 1.518114e-07, 1.676754e-15, 7.185692e-15, 2.799412e-15, 4.953872e-16, 6.865379e-19, 1.865847e-02, 6.063449e+00, 2.311848e+01, 2.572068e+01
5.790000e-01, 1.539350e+00, 1.130973e+00, 1.017876e-01, 1.130973e+00, 2.861455e-01, 1.766800e-01, 8.242353e+03, 1.738738e+03, 2.501106e+04, 1.738738e+03, 4.700004e+06, 2.968570e-03, 2.998800e-01, 1.691612e-05, 1.850570e-11, 2.944914e-01, 1.077969e-06, 1.160554e-13, 3.158992e-01, 8.671693e-02, 2.324965e-05, 2.683835e-08, 8.617237e-09, 1.934885e-06, 1.859341e-07, 3.015971e-07, 1.267841e-11, 4.576091e-10, 1.734469e-13, 9.019726e-10, 5.092323e-11, 7.743454e-09, 1.518203e-07, 1.699355e-15, 7.246299e-15, 2.822505e-15, 4.970396e-16, 6.903773e-19, 1.865848e-02, 6.066045e+00, 2.327924e+01, 2.588110e+01
5.910000e-01, 1.581296e+00, 1.130973e+00, 1.017876e-01, 1.130973e+00, 2.860230e-01, 1.766800e-01, 6.768096e+03, 1.737994e+03, 2.501106e+04, 1.737994e+03, 4.700004e+06, 2.968571e-03, 2.999188e-01, 1.680447e-05, 1.822320e-11, 2.944526e-01, 1.068653e-06, 1.142606e-13, 3.158600e-01, 8.675614e-02, 2.341161e-05, 2.684507e-08, 8.644485e-09, 1.935151e-06, 1.850907e-07, 3.017933e-07, 1.283120e-11, 4.614450e-10, 1.736537e-13, 9.045272e-10, 5.123552e-11, 7.761719e-09, 1.518292e-07, 1.722294e-15, 7.307726e-15, 2.845910e-15, 4.987294e-16, 6.942728e-19, 1.865848e-02, 6.068643e+00, 2.344121e+01, 2.604275e+01
6.030000e-01, 1.623260e+00, 1.130973e+00, 1.017876e-01, 1.130973e+00, 2.859004e-01, 1.766800e-01, 7.441179e+03, 1.737250e+03, 2.501106e+04, 1.737250e+03, 4.700004e+06, 2.968572e-03, 2.999577e-01, 1.669346e-05, 1.794481e-11, 2.944136e-01, 1.059410e-06, 1.124922e-13, 3.158207e-01, 8.679540e-02, 2.357488e-05, 2.685170e-08, 8.671837e-09, 1.935418e-06, 1.842505e-07, 3.019896e-07, 1.298633e-11, 4.653213e-10, 1.738341e-13, 9.069991e-10, 5.155008e-11, 7.780033e-09, 1.518381e-07, 1.745689e-15, 7.369770e-15, 2.869535e-15, 5.003743e-16, 6.976704e-19, 1.865849e-02, 6.071244e+00, 2.360450e+01, 2.620572e+01
6.150000e-01, 1.665241e+00, 1.130973e+00, 1.017876e-01, 1.130973e+00, 2.857779e-01, 1.766800e-01, 8.292003e+03, 1.736506e+03, 2.501106e+04, 1.736506e+03, 4.700004e+06, 2.968573e-03, 2.999967e-01, 1.658309e-05, 1.767043e-11, 2.943746e-01, 1.050238e-06, 1.107496e-13, 3.157814e-01, 8.683471e-02, 2.373942e-05, 2.685834e-08, 8.699300e-09, 1.935685e-06, 1.834133e-07, 3.021862e-07, 1.314352e-11, 4.692418e-10, 1.740160e-13, 9.094913e-10, 5.186684e-11, 7.798403e-09, 1.518470e-07, 1.769489e-15, 7.432681e-15, 2.893485e-15, 5.020364e-16, 7.009044e-19, 1.865850e-02, 6.073847e+00, 2.376906e+01, 2.636996e+01
6.270000e-01, 1.707241e+00, 1.130973e+00, 1.017876e-01, 1.130973e+00, 2.856554e-01, 1.766800e-01, 9.207019e+03, 1.735762e+03, 2.501106e+04, 1.735762e+03, 4.700004e+06, 2.968575e-03, 3.000357e-01, 1.647334e-05, 1.739999e-11, 2.943356e-01, 1.041138e-06, 1.090325e-13, 3.157420e-01, 8.687407e-02, 2.390524e-05, 2.686498e-08, 8.726876e-09, 1.935953e-06, 1.825792e-07, 3.023830e-07, 1.330282e-11, 4.732087e-10, 1.741994e-13, 9.120056e-10, 5.218581e-11, 7.816831e-09, 1.518559e-07, 1.793712e-15, 7.496521e-15, 2.917783e-15, 5.037174e-16, 7.039377e-19, 1.865850e-02, 6.076452e+00, 2.393490e+01, 2.653549e+01
6.390000e-01, 1.749259e+00, 1.130973e+00, 1.017876e-01, 1.130973e+00, 2.855329e-01, 1.766800e-01, 1.004039e+04, 1.735019e+03, 2.501106e+04, 1.735019e+03, 4.700004e+06, 2.968576e-03, 3.000747e-01, 1.636423e-05, 1.713345e-11, 2.942965e-01, 1.032108e-06, 1.073405e-13, 3.157026e-01, 8.691349e-02, 2.407236e-05, 2.687163e-08, 8.754565e-09, 1.936221e-06, 1.817481e-07, 3.025800e-07, 1.346428e-11, 4.772242e-10, 1.743843e-13, 9.145438e-10, 5.250703e-11, 7.835318e-09, 1.518648e-07, 1.818376e-15, 7.561349e-15, 2.942453e-15, 5.054190e-16, 7.067331e-19, 1.865851e-02, 6.079060e+00, 2.410204e+01, 2.670232e+01
6.510000e-01, 1.791294e+00, 1.130973e+00, 1.017876e-01, 1.130973e+00, 2.854103e-01, 1.766800e-01, 1.061407e+04, 1.734275e+03, 2.501106e+04, 1.734275e+03, 4.700004e+06, 2.968577e-03, 3.001138e-01, 1.625575e-05, 1.687074e-11, 2.942573e-01, 1.023149e-06, 1.056731e-13, 3.156631e-01, 8.695296e-02, 2.424079e-05, 2.687830e-08, 8.782369e-09, 1.936489e-06, 1.809201e-07, 3.027772e-07, 1.362793e-11, 4.812904e-10, 1.745709e-13, 9.171075e-10, 5.283050e-11, 7.853866e-09, 1.518737e-07, 1.843500e-15, 7.627227e-15, 2.967517e-15, 5.071430e-16, 7.092534e-19, 1.865852e-02, 6.081670e+00, 2.427049e+01, 2.687046e+01
6.630000e-01, 1.833348e+00, 1.130973e+00, 1.017876e-01, 1.130973e+00, 2.852878e-01, 1.766800e-01, 1.089698e+04, 1.733531e+03, 2.501106e+04, 1.733531e+03, 4.700004e+06, 2.968578e-03, 3.001530e-01, 1.614789e-05, 1.661182e-11, 2.942181e-01, 1.014259e-06, 1.040301e-13, 3.156236e-01, 8.699249e-02, 2.441053e-05, 2.688497e-08, 8.810286e-09, 1.936758e-06, 1.800951e-07, 3.029746e-07, 1.379380e-11, 4.854042e-10, 1.747582e-13, 9.196902e-10, 5.315624e-11, 7.872471e-09, 1.518826e-07, 1.869070e-15, 7.694054e-15, 2.992936e-15, 5.088835e-16, 7.115307e-19, 1.865853e-02, 6.084282e+00, 2.444025e+01, 2.703992e+01
6.750000e-01, 1.875420e+00, 1.130973e+00, 1.017876e-01, 1.130973e+00, 2.851652e-01, 1.766800e-01, 1.243664e+04, 1.732787e+03, 2.501106e+04, 1.732787e+03, 4.700004e+06, 2.968579e-03, 3.001922e-01, 1.604065e-05, 1.635669e-11, 2.941789e-01, 1.005439e-06, 1.024115e-13, 3.155840e-01, 8.703207e-02, 2.458157e-05, 2.689151e-08, 8.838306e-09, 1.937027e-06, 1.792732e-07, 3.031722e-07, 1.396161e-11, 4.895169e-10, 1.749357e-13, 9.222100e-10, 5.348413e-11, 7.891099e-09, 1.518914e-07, 1.894783e-15, 7.760317e-15, 3.018131e-15, 5.105689e-16, 7.142036e-19, 1.865853e-02, 6.086897e+00, 2.461131e+01, 2.721068e+01
6.870000e-01, 1.917510e+00, 1.130973e+00, 1.017876e-01, 1.130973e+00, 2.850427e-01, 1.766800e-01, 1.402919e+04, 1.732043e+03, 2.501106e+04, 1.732043e+03, 4.700004e+06, 2.968580e-03, 3.002314e-01, 1.593404e-05, 1.610526e-11, 2.941396e-01, 9.966881e-07, 1.008167e-13, 3.155444e-01, 8.707169e-02, 2.475393e-05, 2.689800e-08, 8.866436e-09, 1.937296e-06, 1.784543e-07, 3.033699e-07, 1.413157e-11, 4.936595e-10, 1.751095e-13, 9.247161e-10, 5.381429e-11, 7.909771e-09, 1.519003e-07, 1.920841e-15, 7.826968e-15, 3.043467e-15, 5.122424e-16, 7.168518e-19, 1.865854e-02, 6.089514e+00, 2.478369e+01, 2.738277e+01
6.990000e-01, 1.959618e+00, 1.130973e+00, 1.017876e-01, 1.130973e+00, 2.849201e-01, 1.766800e-01, 1.555222e+04, 1.731299e+03, 2.501106e+04, 1.731299e+03, 4.700004e+06, 2.968582e-03, 3.002707e-01, 1.582805e-05, 1.585747e-11, 2.941003e-01, 9.880057e-07, 9.924534e-14, 3.155047e-01, 8.711138e-02, 2.492763e-05, 2.690443e-08, 8.894676e-09, 1.937566e-06, 1.776385e-07, 3.035679e-07, 1.430372e-11, 4.978303e-10, 1.752788e-13, 9.272040e-10, 5.414671e-11, 7.928486e-09, 1.519092e-07, 1.947238e-15, 7.893951e-15, 3.068921e-15, 5.139004e-16, 7.194887e-19, 1.865855e-02, 6.092133e+00, 2.495741e+01, 2.755619e+01
7.110000e-01, 2.001744e+00, 1.130973e+00, 1.017876e-01, 1.130973e+00, 2.847976e-01, 1.766800e-01, 1.685976e+04, 1.730555e+03, 2.501106e+04, 1.730555e+03, 4.700004e+06, 2.968583e-03, 3.003101e-01, 1.572267e-05, 1.561328e-11, 2.940609e-01, 9.793914e-07, 9.769708e-14, 3.154649e-01, 8.715111e-02, 2.510267e-05, 2.691080e-08, 8.923027e-09, 1.937836e-06, 1.768257e-07, 3.037661e-07, 1.447807e-11, 5.020277e-10, 1.754430e-13, 9.296693e-10, 5.448141e-11, 7.947243e-09, 1.519181e-07, 1.973968e-15, 7.961208e-15, 3.094470e-15, 5.155389e-16, 7.221278e-19, 1.865856e-02, 6.094754e+00, 2.513248e+01, 2.773097e+01
7.230000e-01, 2.043888e+00, 1.130973e+00, 1.017876e-01, 1.130973e+00, 2.846750e-01, 1.766800e-01, 1.778220e+04, 1.729811e+03, 2.501106e+04, 1.729811e+03, 4.700004e+06, 2.968584e-03, 3.003495e-01, 1.561790e-05, 1.537263e-11, 2.940214e-01, 9.708447e-07, 9.617156e-14, 3.154251e-01, 8.719089e-02, 2.527907e-05, 2.691710e-08, 8.951488e-09, 1.938107e-06, 1.760159e-07, 3.039645e-07, 1.465464e-11, 5.062499e-10, 1.756014e-13, 9.321073e-10, 5.481840e-11, 7.966041e-09, 1.519269e-07, 2.001027e-15, 8.028682e-15, 3.120094e-15, 5.171542e-16, 7.247823e-19, 1.865856e-02, 6.097378e+00, 2.530890e+01, 2.790711e+01
7.350000e-01, 2.086051e+00, 1.130973e+00, 1.017876e-01, 1.130973e+00, 2.845525e-01, 1.766800e-01, 1.824866e+04, 1.729067e+03, 2.501106e+04, 1.729067e+03, 4.700004e+06, 2.968585e-03, 3.003889e-01, 1.551374e-05, 1.513546e-11, 2.939819e-01, 9.623651e-07, 9.466848e-14, 3.153853e-01, 8.723073e-02, 2.545683e-05, 2.692333e-08, 8.980059e-09, 1.938378e-06, 1.752091e-07, 3.041630e-07, 1.483345e-11, 5.104969e-10, 1.757539e-13, 9.345183e-10, 5.515770e-11, 7.984878e-09, 1.519358e-07, 2.028413e-15, 8.096364e-15, 3.145787e-15, 5.187465e-16, 7.274672e-19, 1.865857e-02, 6.100004e+00, 2.548668e+01, 2.808461e+01
7.470000e-01, 2.128231e+00, 1.130973e+00, 1.017876e-01, 1.130973e+00, 2.844299e-01, 1.766800e-01, 2.031270e+04, 1.728323e+03, 2.501106e+04, 1.728323e+03, 4.700004e+06, 2.968587e-03, 3.004284e-01, 1.541019e-05, 1.490180e-11, 2.939424e-01, 9.539522e-07, 9.318790e-14, 3.153454e-01, 8.727062e-02, 2.563596e-05, 2.692958e-08, 9.008748e-09, 1.938649e-06, 1.744053e-07, 3.043618e-07, 1.501448e-11, 5.147940e-10, 1.759144e-13, 9.369820e-10, 5.549932e-11, 8.003775e-09, 1.519446e-07, 2.056211e-15, 8.165092e-15, 3.171880e-15, 5.203854e-16, 7.302221e-19, 1.865858e-02, 6.102633e+00, 2.566583e+01, 2.826348e+01
7.590000e-01, 2.170430e+00, 1.130973e+00, 1.017876e-01, 1.130973e+00, 2.843074e-01, 1.766800e-01, 2.245378e+04, 1.727579e+03, 2.501106e+04, 1.727579e+03, 4.700004e+06, 2.968588e-03, 3.004679e-01, 1.530724e-05, 1.467154e-11, 2.939028e-01, 9.456056e-07, 9.172924e-14, 3.153054e-01, 8.731057e-02, 2.581647e-05, 2.693580e-08, 9.037550e-09, 1.938921e-06, 1.736045e-07, 3.045608e-07, 1.519778e-11, 5.191247e-10, 1.760741e-13, 9.394470e-10, 5.584327e-11, 8.022719e-09, 1.519535e-07, 2.084364e-15, 8.234311e-15, 3.198153e-15, 5.220265e-16, 7.330460e-19, 1.865859e-02, 6.105263e+00, 2.584635e+01, 2.844374e+01
7.710000e-01, 2.212647e+00, 1.130973e+00, 1.017876e-01, 1.130973e+00, 2.841848e-01, 1.766800e-01, 2.455506e+04, 1.726835e+03, 2.501106e+04, 1.726835e+03, 4.700004e+06, 2.968589e-03, 3.005075e-01, 1.520489e-05, 1.444465e-11, 2.938631e-01, 9.373247e-07, 9.029220e-14, 3.152654e-01, 8.735056e-02, 2.599836e-05, 2.694198e-08, 9.066467e-09, 1.939193e-06, 1.728067e-07, 3.047599e-07, 1.538336e-11, 5.234890e-10, 1.762333e-13, 9.419150e-10, 5.618956e-11, 8.041709e-09, 1.519623e-07, 2.112875e-15, 8.304028e-15, 3.224612e-15, 5.236710e-16, 7.359539e-19, 1.865860e-02, 6.107897e+00, 2.602827e+01, 2.862538e+01
7.830000e-01, 2.254882e+00, 1.130973e+00, 1.017876e-01, 1.130973e+00, 2.840622e-01, 1.766800e-01, 2.647400e+04, 1.726091e+03, 2.501106e+04, 1.726091e+03, 4.700004e+06, 2.968590e-03, 3.005472e-01, 1.510314e-05, 1.422108e-11, 2.938234e-01, 9.291092e-07, 8.887645e-14, 3.152254e-01, 8.739061e-02, 2.618166e-05, 2.694812e-08, 9.095498e-09, 1.939466e-06, 1.720119e-07, 3.049593e-07, 1.557124e-11, 5.278873e-10, 1.763923e-13, 9.443872e-10, 5.653821e-11, 8.060745e-09, 1.519712e-07, 2.141744e-15, 8.374248e-15, 3.251256e-15, 5.253204e-16, 7.389611e-19, 1.865860e-02, 6.110532e+00, 2.621158e+01, 2.880843e+01
7.950000e-01, 2.297135e+00, 1.130973e+00, 1.017876e-01, 1.130973e+00, 2.839397e-01, 1.766800e-01, 2.804238e+04, 1.725347e+03, 2.501106e+04, 1.725347e+03, 4.700004e+06, 2.968592e-03, 3.005868e-01, 1.500198e-05, 1.400077e-11, 2.937837e-01, 9.209584e-07, 8.748168e-14, 3.151852e-01, 8.743072e-02, 2.636636e-05, 2.695423e-08, 9.124644e-09, 1.939739e-06, 1.712200e-07, 3.051589e-07, 1.576143e-11, 5.323198e-10, 1.765515e-13, 9.468652e-10, 5.688924e-11, 8.079829e-09, 1.519800e-07, 2.170972e-15, 8.444976e-15, 3.278090e-15, 5.269759e-16, 7.420830e-19, 1.865861e-02, 6.113170e+00, 2.639630e+01, 2.899289e+01
8.070000e-01, 2.339407e+00, 1.130973e+00, 1.017876e-01, 1.130973e+00, 2.838171e-01, 1.766800e-01, 2.906627e+04, 1.724603e+03, 2.501106e+04, 1.724603e+03, 4.700004e+06, 2.968593e-03, 3.006266e-01, 1.490142e-05, 1.378368e-11, 2.937439e-01, 9.128721e-07, 8.610758e-14, 3.151451e-01, 8.747087e-02, 2.655247e-05, 2.696030e-08, 9.153906e-09, 1.940012e-06, 1.704311e-07, 3.053586e-07, 1.595395e-11, 5.367868e-10, 1.767111e-13, 9.493503e-10, 5.724264e-11, 8.098959e-09, 1.519889e-07, 2.200560e-15, 8.516218e-15, 3.305115e-15, 5.286391e-16, 7.453347e-19, 1.865862e-02, 6.115810e+00, 2.658244e+01, 2.917877e+01
8.190000e-01, 2.381697e+00, 1.130973e+00, 1.017876e-01, 1.130973e+00, 2.836945e-01, 1.766800e-01, 2.932603e+04, 1.723859e+03, 2.501106e+04, 1.723859e+03, 4.700004e+06, 2.968594e-03, 3.006664e-01, 1.480144e-05, 1.356977e-11, 2.937041e-01, 9.048498e-07, 8.475382e-14, 3.151049e-01, 8.751108e-02, 2.674001e-05, 2.696634e-08, 9.183283e-09, 1.940286e-06, 1.696452e-07, 3.055586e-07, 1.614883e-11, 5.412885e-10, 1.768714e-13, 9.518441e-10, 5.759844e-11, 8.118135e-09, 1.519977e-07, 2.230509e-15, 8.587980e-15, 3.332333e-15, 5.303112e-16, 7.487315e-19, 1.865863e-02, 6.118452e+00, 2.677000e+01, 2.936608e+01
8.310000e-01, 2.424005e+00, 1.130973e+00, 1.017876e-01, 1.130973e+00, 2.835720e-01, 1.766800e-01, 2.857633e+04, 1.723115e+03, 2.501106e+04, 1.723115e+03, 4.700004e+06, 2.968595e-03, 3.007062e-01, 1.470205e-05, 1.335897e-11, 2.936642e-01, 8.968909e-07, 8.342010e-14, 3.150646e-01, 8.755134e-02, 2.692898e-05, 2.697234e-08, 9.212777e-09, 1.940560e-06, 1.688622e-07, 3.057587e-07, 1.634608e-11, 5.458250e-10, 1.770328e-13, 9.543479e-10, 5.795665e-11, 8.137359e-09, 1.520066e-07, 2.260820e-15, 8.660267e-15, 3.359748e-15, 5.319936e-16, 7.522886e-19, 1.865864e-02, 6.121097e+00, 2.695899e+01, 2.955482e+01
8.430000e-01, 2.466332e+00, 1.130973e+00, 1.017876e-01, 1.130973e+00, 2.834494e-01, 1.766800e-01, 2.654614e+04, 1.722371e+03, 2.501106e+04, 1.722371e+03, 4.700004e+06, 2.968597e-03, 3.007461e-01, 1.460324e-05, 1.315125e-11, 2.936242e-01, 8.889950e-07, 8.210610e-14, 3.150243e-01, 8.759165e-02, 2.711940e-05, 2.697830e-08, 9.242388e-09, 1.940835e-06, 1.680822e-07, 3.059591e-07, 1.654571e-11, 5.503968e-10, 1.771955e-13, 9.568632e-10, 5.831728e-11, 8.156629e-09, 1.520154e-07, 2.291493e-15, 8.733086e-15, 3.387361e-15, 5.336878e-16, 7.560214e-19, 1.865864e-02, 6.123744e+00, 2.714942e+01, 2.974501e+01
8.550000e-01, 2.508676e+00, 1.130973e+00, 1.017876e-01, 1.130973e+00, 2.833268e-01, 1.766800e-01, 2.293873e+04, 1.721627e+03, 2.501106e+04, 1.721627e+03, 4.700004e+06, 2.968598e-03, 3.007860e-01, 1.450501e-05, 1.294655e-11, 2.935842e-01, 8.811616e-07, 8.081149e-14, 3.149839e-01, 8.763201e-02, 2.731126e-05, 2.698423e-08, 9.272116e-09, 1.941110e-06, 1.673050e-07, 3.061596e-07, 1.674774e-11, 5.550040e-10, 1.773598e-13, 9.593914e-10, 5.868034e-11, 8.175946e-09, 1.520242e-07, 2.322529e-15, 8.806440e-15, 3.415175e-15, 5.353949e-16, 7.599450e-19, 1.865865e-02, 6.126393e+00, 2.734131e+01, 2.993666e+01
8.670000e-01, 2.551039e+00, 1.130973e+00, 1.017876e-01, 1.130973e+00, 2.832042e-01, 1.766800e-01, 1.743165e+04, 1.720883e+03, 2.501106e+04, 1.720883e+03, 4.700004e+06, 2.968599e-03, 3.008260e-01, 1.440736e-05, 1.274483e-11, 2.935442e-01, 8.733904e-07, 7.953598e-14, 3.149434e-01, 8.767243e-02, 2.750459e-05, 2.699013e-08, 9.301962e-09, 1.941385e-06, 1.665309e-07, 3.063604e-07, 1.695220e-11, 5.596469e-10, 1.775261e-13, 9.619340e-10, 5.904585e-11, 8.195310e-09, 1.520330e-07, 2.353930e-15, 8.880337e-15, 3.443192e-15, 5.371166e-16, 7.640746e-19, 1.865866e-02, 6.129044e+00, 2.753466e+01, 3.012977e+01
8.790000e-01, 2.593421e+00, 1.130973e+00, 1.017876e-01, 1.130973e+00, 2.830817e-01, 1.766800e-01, 9.676772e+03, 1.720139e+03, 2.501106e+04, 1.720139e+03, 4.700004e+06, 2.968601e-03, 3.008660e-01, 1.431028e-05, 1.254604e-11, 2.935041e-01, 8.656807e-07, 7.827923e-14, 3.149029e-01, 8.771290e-02, 2.769938e-05, 2.699600e-08, 9.331925e-09, 1.941661e-06, 1.657596e-07, 3.065614e-07, 1.715909e-11, 5.643257e-10, 1.776946e-13, 9.644923e-10, 5.941381e-11, 8.214721e-09, 1.520418e-07, 2.385696e-15, 8.954782e-15, 3.471415e-15, 5.388540e-16, 7.684256e-19, 1.865867e-02, 6.131698e+00, 2.772947e+01, 3.032435e+01
8.910000e-01, 2.635821e+00, 1.130973e+00, 1.017876e-01, 1.130973e+00, 2.829590e-01, 1.766800e-01, 1.109322e+04, 1.719394e+03, 2.501106e+04, 1.719394e+03, 4.700004e+06, 2.968602e-03, 3.009061e-01, 1.421373e-05, 1.235025e-11, 2.934639e-01, 8.580296e-07, 7.704174e-14, 3.148624e-01, 8.775345e-02, 2.789584e-05, 2.700178e-08, 9.362022e-09, 1.941937e-06, 1.649908e-07, 3.067626e-07, 1.736929e-11, 5.690559e-10, 1.778507e-13, 9.670051e-10, 5.978459e-11, 8.234183e-09, 1.520507e-07, 2.418155e-15, 9.030106e-15, 3.499950e-15, 5.405488e-16, 7.721946e-19, 1.865868e-02, 6.134356e+00, 2.792596e+01, 3.052060e+01
9.030000e-01, 2.678239e+00, 1.130973e+00, 1.017876e-01, 1.130973e+00, 2.828364e-01, 1.766800e-01, 1.260389e+04, 1.718650e+03, 2.501106e+04, 1.718650e+03, 4.700004e+06, 2.968603e-03, 3.009462e-01, 1.411774e-05, 1.215733e-11, 2.934237e-01, 8.504383e-07, 7.582263e-14, 3.148218e-01, 8.779405e-02, 2.809385e-05, 2.700751e-08, 9.392242e-09, 1.942213e-06, 1.642249e-07, 3.069641e-07, 1.758222e-11, 5.738272e-10, 1.780050e-13, 9.695175e-10, 6.015795e-11, 8.253693e-09, 1.520595e-07, 2.451080e-15, 9.106088e-15, 3.528728e-15, 5.422439e-16, 7.759664e-19, 1.865868e-02, 6.137016e+00, 2.812398e+01, 3.071840e+01
9.150000e-01, 2.720675e+00, 1.130973e+00, 1.017876e-01, 1.130973e+00, 2.827137e-01, 1.766800e-01, 1.354355e+04, 1.717905e+03, 2.501106e+04, 1.717905e+03, 4.700004e+06, 2.968605e-03, 3.009864e-01, 1.402230e-05, 1.196722e-11, 2.933834e-01, 8.429065e-07, 7.462158e-14, 3.147811e-01, 8.783471e-02, 2.829341e-05, 2.701319e-08, 9.422586e-09, 1.942490e-06, 1.634617e-07, 3.071658e-07, 1.779789e-11, 5.786397e-10, 1.781580e-13, 9.720311e-10, 6.053392e-11, 8.273252e-09, 1.520683e-07, 2.484471e-15, 9.182732e-15, 3.557751e-15, 5.439410e-16, 7.797602e-19, 1.865869e-02, 6.139679e+00, 2.832356e+01, 3.091776e+01
9.270000e-01, 2.763131e+00, 1.130973e+00, 1.017876e-01, 1.130973e+00, 2.825910e-01, 1.766800e-01, 1.355913e+04, 1.717160e+03, 2.501106e+04, 1.717160e+03, 4.700004e+06, 2.968606e-03, 3.010267e-01, 1.392740e-05, 1.177989e-11, 2.933430e-01, 8.354336e-07, 7.343830e-14, 3.147403e-01, 8.787544e-02, 2.849453e-05, 2.701882e-08, 9.453055e-09, 1.942768e-06, 1.627014e-07, 3.073677e-07, 1.801635e-11, 5.834941e-10, 1.783096e-13, 9.745460e-10, 6.091250e-11, 8.292859e-09, 1.520771e-07, 2.518337e-15, 9.260052e-15, 3.587022e-15, 5.456400e-16, 7.835708e-19, 1.865870e-02, 6.142344e+00, 2.852470e+01, 3.111868e+01
9.390000e-01, 2.805604e+00, 1.130973e+00, 1.017876e-01, 1.130973e+00, 2.824683e-01, 1.766800e-01, 1.225302e+04, 1.716415e+03, 2.501106e+04, 1.716415e+03, 4.700004e+06, 2.968607e-03, 3.010670e-01, 1.383306e-05, 1.159529e-11, 2.933026e-01, 8.280190e-07, 7.227249e-14, 3.146995e-01, 8.791622e-02, 2.869723e-05, 2.702440e-08, 9.483648e-09, 1.943046e-06, 1.619437e-07, 3.075699e-07, 1.823763e-11, 5.883910e-10, 1.784596e-13, 9.770618e-10, 6.129372e-11, 8.312514e-09, 1.520859e-07, 2.552686e-15, 9.338062e-15, 3.616548e-15, 5.473408e-16, 7.873933e-19, 1.865871e-02, 6.145013e+00, 2.872743e+01, 3.132119e+01
9.510000e-01, 2.848096e+00, 1.130973e+00, 1.017876e-01, 1.130973e+00, 2.823456e-01, 1.766800e-01, 9.183269e+03, 1.715670e+03, 2.501106e+04, 1.715670e+03, 4.700004e+06, 2.968609e-03, 3.011074e-01, 1.373925e-05, 1.141337e-11, 2.932622e-01, 8.206623e-07, 7.112386e-14, 3.146587e-01, 8.795707e-02, 2.890153e-05, 2.702993e-08, 9.514369e-09, 1.943324e-06, 1.611888e-07, 3.077723e-07, 1.846177e-11, 5.933310e-10, 1.786081e-13, 9.795786e-10, 6.167761e-11, 8.332218e-09, 1.520947e-07, 2.587528e-15, 9.416775e-15, 3.646333e-15, 5.490432e-16, 7.912224e-19, 1.865872e-02, 6.147684e+00, 2.893175e+01, 3.152530e+01
9.630000e-01, 2.890606e+00, 1.130973e+00, 1.017876e-01, 1.130973e+00, 2.822228e-01, 1.766800e-01, 3.863769e+03, 1.714925e+03, 2.501106e+04, 1.714925e+03, 4.700004e+06, 2.968610e-03, 3.011478e-01, 1.364598e-05, 1.123409e-11, 2.932217e-01, 8.133630e-07, 6.999211e-14, 3.146178e-01, 8.799797e-02, 2.910743e-05, 2.703541e-08, 9.545216e-09, 1.943603e-06, 1.604366e-07, 3.079750e-07, 1.868880e-11, 5.983147e-10, 1.787550e-13, 9.820962e-10, 6.206418e-11, 8.351971e-09, 1.521035e-07, 2.622872e-15, 9.496205e-15, 3.676382e-15, 5.507472e-16, 7.950532e-19, 1.865873e-02, 6.150358e+00, 2.913767e+01, 3.173102e+01
9.750000e-01, 2.933135e+00, 1.130973e+00, 1.017876e-01, 1.130973e+00, 2.821000e-01, 1.766800e-01, -4.235597e+03, 1.714180e+03, 2.501106e+04, 1.714180e+03, 4.700004e+06, 2.968611e-03, 3.011883e-01, 1.355324e-05, 1.105740e-11, 2.931811e-01, 8.061205e-07, 6.887694e-14, 3.145768e-01, 8.803894e-02, 2.931496e-05, 2.704084e-08, 9.576191e-09, 1.943882e-06, 1.596871e-07, 3.081779e-07, 1.891878e-11, 6.033428e-10, 1.789002e-13, 9.846145e-10, 6.245345e-11, 8.371773e-09, 1.521123e-07, 2.658726e-15, 9.576365e-15, 3.706700e-15, 5.524526e-16, 7.988805e-19, 1.865874e-02, 6.153035e+00, 2.934522e+01, 3.193836e+01
9.870000e-01, 2.975683e+00, 1.130973e+00, 1.017876e-01, 1.130973e+00, 2.819772e-01, 1.766800e-01, -1.568877e+04, 1.713434e+03, 2.501106e+04, 1.713434e+03, 4.700004e+06, 2.968613e-03, 3.012289e-01, 1.346104e-05, 1.088325e-11, 2.931404e-01, 7.989342e-07, 6.777806e-14, 3.145357e-01, 8.807997e-02, 2.952412e-05, 2.704621e-08, 9.607294e-09, 1.944162e-06, 1.589403e-07, 3.083810e-07, 1.915173e-11, 6.084158e-10, 1.790436e-13, 9.871333e-10, 6.284545e-11, 8.391624e-09, 1.521211e-07, 2.695100e-15, 9.657270e-15, 3.737292e-15, 5.541593e-16, 8.026992e-19, 1.865874e-02, 6.155715e+00, 2.955439e+01, 3.214734e+01
9.990000e-01, 3.018249e+00, 1.130973e+00, 1.017876e-01, 1.130973e+00, 2.818544e-01, 1.766800e-01, -3.111334e+04, 1.712689e+03, 2.501106e+04, 1.712689e+03, 4.700004e+06, 2.968614e-03, 3.012695e-01, 1.336935e-05, 1.071161e-11, 2.930998e-01, 7.918037e-07, 6.669517e-14, 3.144946e-01, 8.812106e-02, 2.973492e-05, 2.705153e-08, 9.638528e-09, 1.944442e-06, 1.581962e-07, 3.085844e-07, 1.938769e-11, 6.135345e-10, 1.791852e-13, 9.896525e-10, 6.324019e-11, 8.411524e-09, 1.521299e-07, 2.732003e-15, 9.738933e-15, 3.768163e-15, 5.558672e-16, 8.065042e-19, 1.865875e-02, 6.158398e+00, 2.976522e+01, 3.235797e+01
1.011000e+00, 3.060833e+00, 1.130973e+00, 1.017876e-01, 1.130973e+00, 2.817315e-01, 1.766800e-01, -5.117040e+04, 1.711943e+03, 2.501106e+04, 1.711943e+03, 4.700004e+06, 2.968616e-03, 3.013101e-01, 1.327819e-05, 1.054242e-11, 2.930590e-01, 7.847284e-07, 6.562799e-14, 3.144534e-01, 8.816222e-02, 2.994739e-05, 2.705680e-08, 9.669891e-09, 1.944722e-06, 1.574547e-07, 3.087880e-07, 1.962671e-11, 6.186994e-10, 1.793249e-13, 9.921720e-10, 6.363770e-11, 8.431474e-09, 1.521387e-07, 2.769443e-15, 9.821368e-15, 3.799318e-15, 5.575761e-16, 8.102904e-19, 1.865876e-02, 6.161084e+00, 2.997771e+01, 3.257027e+01
1.023000e+00, 3.103436e+00, 1.130973e+00, 1.017876e-01, 1.130973e+00, 2.816086e-01, 1.766800e-01, -7.656435e+04, 1.711197e+03, 2.501106e+04, 1.711197e+03, 4.700004e+06, 2.968617e-03, 3.013508e-01, 1.318755e-05, 1.037564e-11, 2.930182e-01, 7.777078e-07, 6.457620e-14, 3.144122e-01, 8.820344e-02, 3.016154e-05, 2.706201e-08, 9.701385e-09, 1.945003e-06, 1.567159e-07, 3.089919e-07, 1.986882e-11, 6.239111e-10, 1.794626e-13, 9.946917e-10, 6.403800e-11, 8.451473e-09, 1.521475e-07, 2.807430e-15, 9.904588e-15, 3.830763e-15, 5.592860e-16, 8.140527e-19, 1.865877e-02, 6.163772e+00, 3.019188e+01, 3.278424e+01
1.035000e+00, 3.146058e+00, 1.130973e+00, 1.017876e-01, 1.130973e+00, 2.814858e-01, 1.766800e-01, -8.178733e+04, 1.710452e+03, 2.501106e+04, 1.710452e+03, 4.700004e+06, 2.968618e-03, 3.013916e-01, 1.309754e-05, 1.021177e-11, 2.929773e-01, 7.707525e-07, 6.354302e-14, 3.143709e-01, 8.824468e-02, 3.037727e-05, 2.706718e-08, 9.732986e-09, 1.945285e-06, 1.559806e-07, 3.091958e-07, 2.011413e-11, 6.291519e-10, 1.795998e-13, 9.972023e-10, 6.444089e-11, 8.471506e-09, 1.521563e-07, 2.845914e-15, 9.988045e-15, 3.862289e-15, 5.609843e-16, 8.175791e-19, 1.865878e-02, 6.166461e+00, 3.040764e+01, 3.299982e+01
1.047000e+00, 3.188698e+00, 1.130973e+00, 1.017876e-01, 1.130973e+00, 2.813630e-01, 1.766800e-01, -8.208111e+04, 1.709706e+03, 2.501106e+04, 1.709706e+03, 4.700004e+06, 2.968620e-03, 3.014324e-01, 1.300810e-05, 1.005043e-11, 2.929365e-01, 7.638553e-07, 6.252606e-14, 3.143296e-01, 8.828597e-02, 3.059468e-05, 2.707230e-08, 9.764710e-09, 1.945566e-06, 1.552483e-07, 3.093999e-07, 2.036264e-11, 6.344333e-10, 1.797355e-13, 9.997091e-10, 6.484652e-11, 8.491583e-09, 1.521651e-07, 2.884939e-15, 1.007209e-14, 3.894028e-15, 5.626782e-16, 8.209879e-19, 1.865879e-02, 6.169152e+00, 3.062506e+01, 3.321706e+01
1.059000e+00, 3.231357e+00, 1.130973e+00, 1.017876e-01, 1.130973e+00, 2.812403e-01, 1.766800e-01, -8.063620e+04, 1.708961e+03, 2.501106e+04, 1.708961e+03, 4.700004e+06, 2.968621e-03, 3.014732e-01, 1.291920e-05, 9.891518e-12, 2.928955e-01, 7.570146e-07, 6.152466e-14, 3.142882e-01, 8.832731e-02, 3.081377e-05, 2.707737e-08, 9.796559e-09, 1.945848e-06, 1.545189e-07, 3.096041e-07, 2.061439e-11, 6.397579e-10, 1.798695e-13, 1.002213e-09, 6.525493e-11, 8.511705e-09, 1.521739e-07, 2.924519e-15, 1.015679e-14, 3.926008e-15, 5.643690e-16, 8.242964e-19, 1.865880e-02, 6.171845e+00, 3.084417e+01, 3.343599e+01
1.071000e+00, 3.274034e+00, 1.130973e+00, 1.017876e-01, 1.130973e+00, 2.811175e-01, 1.766800e-01, -7.730944e+04, 1.708216e+03, 2.501106e+04, 1.708216e+03, 4.700004e+06, 2.968623e-03, 3.015141e-01, 1.283084e-05, 9.735009e-12, 2.928546e-01, 7.502299e-07, 6.053858e-14, 3.142468e-01, 8.836870e-02, 3.103456e-05, 2.708239e-08, 9.828535e-09, 1.946130e-06, 1.537923e-07, 3.098085e-07, 2.086940e-11, 6.451261e-10, 1.800017e-13, 1.004714e-09, 6.566614e-11, 8.531873e-09, 1.521826e-07, 2.964664e-15, 1.024216e-14, 3.958229e-15, 5.660564e-16, 8.274950e-19, 1.865881e-02, 6.174540e+00, 3.106498e+01, 3.365663e+01
1.083000e+00, 3.316730e+00, 1.130973e+00, 1.017876e-01, 1.130973e+00, 2.809948e-01, 1.766800e-01, -7.196126e+04, 1.707471e+03, 2.501106e+04, 1.707471e+03, 4.700004e+06, 2.968624e-03, 3.015550e-01, 1.274302e-05, 9.580864e-12, 2.928135e-01, 7.435011e-07, 5.956761e-14, 3.142054e-01, 8.841015e-02, 3.125706e-05, 2.708735e-08, 9.860637e-09, 1.946413e-06, 1.530686e-07, 3.100131e-07, 2.112772e-11, 6.505380e-10, 1.801321e-13, 1.007211e-09, 6.608018e-11, 8.552085e-09, 1.521914e-07, 3.005380e-15, 1.032819e-14, 3.990693e-15, 5.677399e-16, 8.305743e-19, 1.865882e-02, 6.177237e+00, 3.128751e+01, 3.387898e+01
1.095000e+00, 3.359445e+00, 1.130973e+00, 1.017876e-01, 1.130973e+00, 2.808720e-01, 1.766800e-01, -6.445580e+04, 1.706726e+03, 2.501106e+04, 1.706726e+03, 4.700004e+06, 2.968626e-03, 3.015960e-01, 1.265575e-05, 9.429049e-12, 2.927725e-01, 7.368278e-07, 5.861152e-14, 3.141638e-01, 8.845164e-02, 3.148128e-05, 2.709226e-08, 9.892866e-09, 1.946696e-06, 1.523478e-07, 3.102179e-07, 2.138939e-11, 6.559939e-10, 1.802607e-13, 1.009704e-09, 6.649705e-11, 8.572342e-09, 1.522001e-07, 3.046676e-15, 1.041488e-14, 4.023400e-15, 5.694191e-16, 8.335249e-19, 1.865883e-02, 6.179936e+00, 3.151175e+01, 3.410306e+01
1.107000e+00, 3.402178e+00, 1.130973e+00, 1.017876e-01, 1.130973e+00, 2.807493e-01, 1.766800e-01, -5.466109e+04, 1.705981e+03, 2.501106e+04, 1.705981e+03, 4.700004e+06, 2.968627e-03, 3.016370e-01, 1.256901e-05, 9.279530e-12, 2.927313e-01, 7.302098e-07, 5.767010e-14, 3.141223e-01, 8.849319e-02, 3.170724e-05, 2.709711e-08, 9.925222e-09, 1.946979e-06, 1.516299e-07, 3.104229e-07, 2.165445e-11, 6.614940e-10, 1.803874e-13, 1.012193e-09, 6.691677e-11, 8.592644e-09, 1.522089e-07, 3.088559e-15, 1.050225e-14, 4.056349e-15, 5.710938e-16, 8.363372e-19, 1.865884e-02, 6.182638e+00, 3.173773e+01, 3.432888e+01
1.119000e+00, 3.444930e+00, 1.130973e+00, 1.017876e-01, 1.130973e+00, 2.806266e-01, 1.766800e-01, -4.244921e+04, 1.705237e+03, 2.501106e+04, 1.705237e+03, 4.700004e+06, 2.968629e-03, 3.016780e-01, 1.248280e-05, 9.132274e-12, 2.926902e-01, 7.236467e-07, 5.674311e-14, 3.140806e-01, 8.853479e-02, 3.193495e-05, 2.710191e-08, 9.957706e-09, 1.947263e-06, 1.509149e-07, 3.106280e-07, 2.192294e-11, 6.670385e-10, 1.805122e-13, 1.014677e-09, 6.733935e-11, 8.612990e-09, 1.522176e-07, 3.131037e-15, 1.059028e-14, 4.089542e-15, 5.727634e-16, 8.390019e-19, 1.865884e-02, 6.185341e+00, 3.196546e+01, 3.455645e+01
1.131000e+00, 3.487701e+00, 1.130973e+00, 1.017876e-01, 1.130973e+00, 2.805039e-01, 1.766800e-01, -2.769645e+04, 1.704492e+03, 2.501106e+04, 1.704492e+03, 4.700004e+06, 2.968630e-03, 3.017191e-01, 1.239713e-05, 8.987245e-12, 2.926489e-01, 7.171382e-07, 5.583035e-14, 3.140390e-01, 8.857643e-02, 3.216442e-05, 2.710665e-08, 9.990317e-09, 1.947547e-06, 1.502027e-07, 3.108333e-07, 2.219491e-11, 6.726277e-10, 1.806350e-13, 1.017157e-09, 6.776483e-11, 8.633381e-09, 1.522263e-07, 3.174117e-15, 1.067899e-14, 4.122980e-15, 5.744277e-16, 8.415093e-19, 1.865885e-02, 6.188047e+00, 3.219495e+01, 3.478578e+01
1.143000e+00, 3.530491e+00, 1.130973e+00, 1.017876e-01, 1.130973e+00, 2.803812e-01, 1.766800e-01, -1.028345e+04, 1.703747e+03, 2.501106e+04, 1.703747e+03, 4.700004e+06, 2.968632e-03, 3.017603e-01, 1.231200e-05, 8.844411e-12, 2.926077e-01, 7.106841e-07, 5.493159e-14, 3.139972e-01, 8.861813e-02, 3.239565e-05, 2.711134e-08, 1.002306e-08, 1.947832e-06, 1.494935e-07, 3.110388e-07, 2.247038e-11, 6.782618e-10, 1.807558e-13, 1.019631e-09, 6.819320e-11, 8.653816e-09, 1.522351e-07, 3.217808e-15, 1.076836e-14, 4.156661e-15, 5.760862e-16, 8.438500e-19, 1.865886e-02, 6.190754e+00, 3.242620e+01, 3.501689e+01
1.155000e+00, 3.573299e+00, 1.130973e+00, 1.017876e-01, 1.130973e+00, 2.802586e-01, 1.766800e-01, 9.904622e+03, 1.703003e+03, 2.501106e+04, 1.703003e+03, 4.700004e+06, 2.968633e-03, 3.018015e-01, 1.222740e-05, 8.703737e-12, 2.925664e-01, 7.042841e-07, 5.404660e-14, 3.139555e-01, 8.865988e-02, 3.262867e-05, 2.711597e-08, 1.005592e-08, 1.948117e-06, 1.487871e-07, 3.112445e-07, 2.274940e-11, 6.839411e-10, 1.808746e-13, 1.022100e-09, 6.862449e-11, 8.674294e-09, 1.522438e-07, 3.262118e-15, 1.085842e-14, 4.190588e-15, 5.777386e-16, 8.460147e-19, 1.865887e-02, 6.193464e+00, 3.265924e+01, 3.524978e+01
1.167000e+00, 3.616126e+00, 1.130973e+00, 1.017876e-01, 1.130973e+00, 2.801359e-01, 1.766800e-01, 1.973885e+04, 1.702258e+03, 2.501106e+04, 1.702258e+03, 4.700004e+06, 2.968635e-03, 3.018427e-01, 1.214325e-05, 8.565176e-12, 2.925250e-01, 6.979320e-07, 5.317510e-14, 3.139136e-01, 8.870169e-02, 3.286347e-05, 2.712053e-08, 1.008892e-08, 1.948402e-06, 1.480831e-07, 3.114504e-07, 2.303170e-11, 6.896649e-10, 1.809938e-13, 1.024583e-09, 6.905867e-11, 8.694815e-09, 1.522525e-07, 3.306900e-15, 1.094920e-14, 4.224789e-15, 5.794139e-16, 8.489938e-19, 1.865888e-02, 6.196176e+00, 3.289406e+01, 3.548446e+01
1.179000e+00, 3.658972e+00, 1.130973e+00, 1.017876e-01, 1.130973e+00, 2.800132e-01, 1.766800e-01, 2.836347e+04, 1.701513e+03, 2.501106e+04, 1.701513e+03, 4.700004e+06, 2.968636e-03, 3.018841e-01, 1.205961e-05, 8.428703e-12, 2.924836e-01, 6.916318e-07, 5.231691e-14, 3.138717e-01, 8.874356e-02, 3.310007e-05, 2.712502e-08, 1.012205e-08, 1.948688e-06, 1.473818e-07, 3.116565e-07, 2.331755e-11, 6.954341e-10, 1.811115e-13, 1.027065e-09, 6.949579e-11, 8.715378e-09, 1.522612e-07, 3.352275e-15, 1.104068e-14, 4.259244e-15, 5.810904e-16, 8.520514e-19, 1.865889e-02, 6.198891e+00, 3.313069e+01, 3.572094e+01
1.191000e+00, 3.701836e+00, 1.130973e+00, 1.017876e-01, 1.130973e+00, 2.798905e-01, 1.766800e-01, 3.553592e+04, 1.700769e+03, 2.501106e+04, 1.700769e+03, 4.700004e+06, 2.968638e-03, 3.019254e-01, 1.197648e-05, 8.294285e-12, 2.924421e-01, 6.853831e-07, 5.147182e-14, 3.138298e-01, 8.878548e-02, 3.333848e-05, 2.712945e-08, 1.015531e-08, 1.948974e-06, 1.466832e-07, 3.118629e-07, 2.360697e-11, 7.012488e-10, 1.812278e-13, 1.029547e-09, 6.993586e-11, 8.735984e-09, 1.522699e-07, 3.398247e-15, 1.113285e-14, 4.293954e-15, 5.827679e-16, 8.551880e-19, 1.865890e-02, 6.201609e+00, 3.336912e+01, 3.595924e+01
1.203000e+00, 3.744719e+00, 1.130973e+00, 1.017876e-01, 1.130973e+00, 2.797678e-01, 1.766800e-01, 4.084033e+04, 1.700024e+03, 2.501106e+04, 1.700024e+03, 4.700004e+06, 2.968639e-03, 3.019668e-01, 1.189386e-05, 8.161886e-12, 2.924005e-01, 6.791855e-07, 5.063959e-14, 3.137878e-01, 8.882745e-02, 3.357872e-05, 2.713382e-08, 1.018871e-08, 1.949260e-06, 1.459874e-07, 3.120694e-07, 2.390002e-11, 7.071095e-10, 1.813427e-13, 1.032027e-09, 7.037890e-11, 8.756633e-09, 1.522786e-07, 3.444822e-15, 1.122572e-14, 4.328920e-15, 5.844467e-16, 8.584156e-19, 1.865891e-02, 6.204328e+00, 3.360938e+01, 3.619936e+01
1.215000e+00, 3.787621e+00, 1.130973e+00, 1.017876e-01, 1.130973e+00, 2.796451e-01, 1.766800e-01, 4.385620e+04, 1.699280e+03, 2.501106e+04, 1.699280e+03, 4.700004e+06, 2.968641e-03, 3.020083e-01, 1.181173e-05, 8.031473e-12, 2.923590e-01, 6.730386e-07, 4.982002e-14, 3.137457e-01, 8.886948e-02, 3.382080e-05, 2.713812e-08, 1.022223e-08, 1.949547e-06, 1.452943e-07, 3.122761e-07, 2.419671e-11, 7.130161e-10, 1.814561e-13, 1.034507e-09, 7.082493e-11, 8.777324e-09, 1.522874e-07, 3.492005e-15, 1.131930e-14, 4.364142e-15, 5.861271e-16, 8.617460e-19, 1.865892e-02, 6.207050e+00, 3.385148e+01, 3.644133e+01
1.227000e+00, 3.830542e+00, 1.130973e+00, 1.017876e-01, 1.130973e+00, 2.795225e-01, 1.766800e-01, 4.407467e+04, 1.698535e+03, 2.501106e+04, 1.698535e+03, 4.700004e+06, 2.968643e-03, 3.020498e-01, 1.173011e-05, 7.903012e-12, 2.923173e-01, 6.669419e-07, 4.901286e-14, 3.137036e-01, 8.891156e-02, 3.406472e-05, 2.714236e-08, 1.025588e-08, 1.949834e-06, 1.446039e-07, 3.124830e-07, 2.449708e-11, 7.189690e-10, 1.815681e-13, 1.036986e-09, 7.127395e-11, 8.798058e-09, 1.522960e-07, 3.539799e-15, 1.141357e-14, 4.399622e-15, 5.878093e-16, 8.651910e-19, 1.865893e-02, 6.209774e+00, 3.409543e+01, 3.668515e+01
1.239000e+00, 3.873482e+00, 1.130973e+00, 1.017876e-01, 1.130973e+00, 2.793998e-01, 1.766800e-01, 4.102444e+04, 1.697791e+03, 2.501106e+04, 1.697791e+03, 4.700004e+06, 2.968644e-03, 3.020913e-01, 1.164898e-05, 7.776467e-12, 2.922757e-01, 6.608951e-07, 4.821791e-14, 3.136615e-01, 8.895369e-02, 3.431050e-05, 2.714653e-08, 1.028967e-08, 1.950122e-06, 1.439162e-07, 3.126901e-07, 2.480117e-11, 7.249684e-10, 1.816788e-13, 1.039465e-09, 7.172600e-11, 8.818833e-09, 1.523047e-07, 3.588209e-15, 1.150856e-14, 4.435361e-15, 5.894936e-16, 8.687626e-19, 1.865894e-02, 6.212500e+00, 3.434123e+01, 3.693083e+01
1.251000e+00, 3.916441e+00, 1.130973e+00, 1.017876e-01, 1.130973e+00, 2.792771e-01, 1.766800e-01, 3.418763e+04, 1.697046e+03, 2.501106e+04, 1.697046e+03, 4.700004e+06, 2.968646e-03, 3.021329e-01, 1.156834e-05, 7.651805e-12, 2.922339e-01, 6.548978e-07, 4.743493e-14, 3.136192e-01, 8.899588e-02, 3.455816e-05, 2.715064e-08, 1.032359e-08, 1.950410e-06, 1.432312e-07, 3.128975e-07, 2.510901e-11, 7.310144e-10, 1.817880e-13, 1.041944e-09, 7.218107e-11, 8.839650e-09, 1.523134e-07, 3.637239e-15, 1.160426e-14, 4.471361e-15, 5.911801e-16, 8.724726e-19, 1.865895e-02, 6.215229e+00, 3.458891e+01, 3.717839e+01
1.263000e+00, 3.959418e+00, 1.130973e+00, 1.017876e-01, 1.130973e+00, 2.791545e-01, 1.766800e-01, 2.302091e+04, 1.696302e+03, 2.501106e+04, 1.696302e+03, 4.700004e+06, 2.968647e-03, 3.021745e-01, 1.148820e-05, 7.528991e-12, 2.921922e-01, 6.489495e-07, 4.666371e-14, 3.135770e-01, 8.903812e-02, 3.480769e-05, 2.715467e-08, 1.035764e-08, 1.950698e-06, 1.425489e-07, 3.131050e-07, 2.542063e-11, 7.371074e-10, 1.818959e-13, 1.044422e-09, 7.263919e-11, 8.860508e-09, 1.523221e-07, 3.686895e-15, 1.170066e-14, 4.507621e-15, 5.928693e-16, 8.763330e-19, 1.865896e-02, 6.217960e+00, 3.483846e+01, 3.742783e+01
1.275000e+00, 4.002415e+00, 1.130973e+00, 1.017876e-01, 1.130973e+00, 2.790318e-01, 1.766800e-01, 1.049971e+04, 1.695557e+03, 2.501106e+04, 1.695557e+03, 4.700004e+06, 2.968649e-03, 3.022162e-01, 1.140854e-05, 7.408027e-12, 2.921503e-01, 6.430501e-07, 4.590426e-14, 3.135346e-01, 8.908041e-02, 3.505914e-05, 2.715863e-08, 1.039182e-08, 1.950986e-06, 1.418693e-07, 3.133127e-07, 2.573617e-11, 7.432478e-10, 1.820021e-13, 1.046897e-09, 7.310039e-11, 8.881405e-09, 1.523308e-07, 3.737209e-15, 1.179779e-14, 4.544142e-15, 5.945572e-16, 8.802374e-19, 1.865897e-02, 6.220693e+00, 3.508993e+01, 3.767918e+01
1.287000e+00, 4.045430e+00, 1.130973e+00, 1.017876e-01, 1.130973e+00, 2.789092e-01, 1.766800e-01, 1.091547e+04, 1.694813e+03, 2.501106e+04, 1.694813e+03, 4.700004e+06, 2.968651e-03, 3.022580e-01, 1.132937e-05, 7.289036e-12, 2.921084e-01, 6.372003e-07, 4.515741e-14, 3.134923e-01, 8.912277e-02, 3.531255e-05, 2.716247e-08, 1.042614e-08, 1.951276e-06, 1.411923e-07, 3.135206e-07, 2.605606e-11, 7.494375e-10, 1.821046e-13, 1.049358e-09, 7.356476e-11, 8.902331e-09, 1.523395e-07, 3.788309e-15, 1.189560e-14, 4.580909e-15, 5.962276e-16, 8.837007e-19, 1.865898e-02, 6.223428e+00, 3.534337e+01, 3.793252e+01
1.299000e+00, 4.088464e+00, 1.130973e+00, 1.017876e-01, 1.130973e+00, 2.787865e-01, 1.766800e-01, 1.125827e+04, 1.694069e+03, 2.501106e+04, 1.694069e+03, 4.700004e+06, 2.968652e-03, 3.022998e-01, 1.125069e-05, 7.171852e-12, 2.920665e-01, 6.313987e-07, 4.442206e-14, 3.134498e-01, 8.916518e-02, 3.556791e-05, 2.716621e-08, 1.046060e-08, 1.951565e-06, 1.405180e-07, 3.137287e-07, 2.637999e-11, 7.556753e-10, 1.822051e-13, 1.051813e-09, 7.403224e-11, 8.923293e-09, 1.523481e-07, 3.840097e-15, 1.199413e-14, 4.617936e-15, 5.978945e-16, 8.871472e-19, 1.865899e-02, 6.226166e+00, 3.559875e+01, 3.818779e+01
1.311000e+00, 4.131517e+00, 1.130973e+00, 1.017876e-01, 1.130973e+00, 2.786639e-01, 1.766800e-01, 1.140559e+04, 1.693324e+03, 2.501106e+04, 1.693324e+03, 4.700004e+06, 2.968654e-03, 3.023416e-01, 1.117249e-05, 7.056449e-12, 2.920245e-01, 6.256450e-07, 4.369804e-14, 3.134073e-01, 8.920764e-02, 3.582522e-05, 2.716987e-08, 1.049520e-08, 1.951855e-06, 1.398464e-07, 3.139370e-07, 2.670803e-11, 7.619616e-10, 1.823035e-13, 1.054264e-09, 7.450287e-11, 8.944292e-09, 1.523568e-07, 3.892582e-15, 1.209338e-14, 4.655223e-15, 5.995576e-16, 8.905711e-19, 1.865900e-02, 6.228907e+00, 3.585608e+01, 3.844502e+01
1.323000e+00, 4.174590e+00, 1.130973e+00, 1.017876e-01, 1.130973e+00, 2.785412e-01, 1.766800e-01, 1.120838e+04, 1.692580e+03, 2.501106e+04, 1.692580e+03, 4.700004e+06, 2.968656e-03, 3.023835e-01, 1.109477e-05, 6.942797e-12, 2.919825e-01, 6.199387e-07, 4.298515e-14, 3.133648e-01, 8.925017e-02, 3.608450e-05, 2.717343e-08, 1.052993e-08, 1.952145e-06, 1.391774e-07, 3.141455e-07, 2.704021e-11, 7.682966e-10, 1.823997e-13, 1.056709e-09, 7.497665e-11, 8.965326e-09, 1.523654e-07, 3.945773e-15, 1.219335e-14, 4.692771e-15, 6.012164e-16, 8.939662e-19, 1.865901e-02, 6.231650e+00, 3.611538e+01, 3.870422e+01
1.335000e+00, 4.217681e+00, 1.130973e+00, 1.017876e-01, 1.130973e+00, 2.784186e-01, 1.766800e-01, 1.049110e+04, 1.691836e+03, 2.501106e+04, 1.691836e+03, 4.700004e+06, 2.968657e-03, 3.024255e-01, 1.101752e-05, 6.830866e-12, 2.919404e-01, 6.142796e-07, 4.228321e-14, 3.133221e-01, 8.929274e-02, 3.634576e-05, 2.717690e-08, 1.056479e-08, 1.952436e-06, 1.385110e-07, 3.143543e-07, 2.737658e-11, 7.746805e-10, 1.824938e-13, 1.059148e-09, 7.545361e-11, 8.986394e-09, 1.523741e-07, 3.999679e-15, 1.229404e-14, 4.730580e-15, 6.028707e-16, 8.973268e-19, 1.865902e-02, 6.234395e+00, 3.637666e+01, 3.896541e+01
