Distance_PFRC2_(m), Plug_flow_residence_time_PFRC2_(sec), Internal_surface_area_per_unit_distance_PFRC2_(m), Cross-section_area_PFRC2_(m2), External_surface_area_per_unit_distance_PFRC2_(m), Velocity_PFRC2_(m/sec), Exit_mass_flow_rate_PFRC2_(kg/sec), Volumetric_heat_production_rate_PFRC2_(J/m3-sec), Surface_temperature_PFRC2_(K), Heat_loss_rate_PFRC2_(J/m-sec), Temperature_PFRC2_(K), Pressure_PFRC2_(Pa), Mole_fraction_N2_PFRC2_(), Mole_fraction_H2_PFRC2_(), Mole_fraction_H_PFRC2_(), Mole_fraction_O2_PFRC2_(), Mole_fraction_H2O_PFRC2_(), Mole_fraction_OH_PFRC2_(), Mole_fraction_HO2_PFRC2_(), Mole_fraction_CO_PFRC2_(), Mole_fraction_CO2_PFRC2_(), Mole_fraction_CH4_PFRC2_(), Mole_fraction_CH3_PFRC2_(), Mole_fraction_CH3OH_PFRC2_(), Mole_fraction_CH2O_PFRC2_(), Mole_fraction_HCO_PFRC2_(), Mole_fraction_HOCHO_PFRC2_(), Mole_fraction_C2H6_PFRC2_(), Mole_fraction_C2H5_PFRC2_(), Mole_fraction_C2H4_PFRC2_(), Mole_fraction_C2H3_PFRC2_(), Mole_fraction_C2H2_PFRC2_(), Mole_fraction_CH3CHO_PFRC2_(), Mole_fraction_CH2CO_PFRC2_(), Mole_fraction_HCCO_PFRC2_(), Mole_fraction_HCOOH_PFRC2_(), Mole_fraction_C3H6_PFRC2_(), Mole_fraction_C3H5-A_PFRC2_(), Mole_fraction_C3H4-P_PFRC2_(), Mole_fraction_C3H4-A_PFRC2_(), Mole_fraction_C3H3_PFRC2_(), Mole_fraction_C4H6_PFRC2_(), Mole_fraction_C4H4_PFRC2_(), Mole_fraction_C4H2_PFRC2_(), Mole_fraction_C6H6_PFRC2_(), Molecular_weight_PFRC2_(kg/mole), Mass_density_PFRC2_(kg/m3), Unburned_hydrocarbons_PFRC2_(ppm), Volatile_organic_compounds_PFRC2_(ppm)
1.350000e-01, 0.000000e+00, 1.130973e+00, 1.017876e-01, 1.130973e+00, 2.930610e-01, 1.314957e-01, 3.338626e+07, 1.810039e+03, 0.000000e+00, 1.810039e+03, 4.700000e+06, 3.591109e-03, 4.684663e-01, 3.929627e-05, 1.336389e-05, 1.999027e-01, 1.283587e-06, 3.119702e-08, 2.790575e-01, 3.075783e-02, 1.753810e-02, 2.990112e-05, 1.339861e-06, 3.544175e-06, 3.120360e-07, 1.439393e-07, 5.660587e-06, 4.229815e-08, 1.883837e-04, 1.119337e-07, 3.944001e-04, 4.233462e-08, 5.422091e-06, 1.063759e-08, 8.818727e-08, 3.967952e-07, 1.162493e-08, 1.694112e-06, 6.710850e-07, 1.489357e-07, 3.450705e-08, 7.142295e-08, 5.922615e-08, 2.392402e-08, 1.411508e-02, 4.408173e+00, 1.875481e+04, 1.877123e+04
1.350083e-01, 2.839671e-05, 1.130973e+00, 1.017876e-01, 1.130973e+00, 2.930713e-01, 1.314957e-01, -1.348994e+07, 1.810055e+03, 2.501106e+04, 1.810055e+03, 4.700004e+06, 3.591012e-03, 4.684910e-01, 3.890327e-05, 4.644390e-06, 1.998953e-01, 1.270086e-06, 1.080343e-08, 2.790677e-01, 3.075781e-02, 1.752095e-02, 2.957654e-05, 1.322574e-06, 3.527707e-06, 3.089148e-07, 1.446391e-07, 5.524883e-06, 4.169039e-08, 1.880687e-04, 1.107014e-07, 3.940626e-04, 4.197220e-08, 5.403093e-06, 1.046686e-08, 8.820198e-08, 3.935009e-07, 1.149803e-08, 1.692370e-06, 6.702231e-07, 1.483097e-07, 3.431175e-08, 7.131997e-08, 5.917094e-08, 2.392018e-08, 1.411470e-02, 4.408018e+00, 1.873573e+04, 1.875208e+04
1.350715e-01, 2.438980e-04, 1.130973e+00, 1.017876e-01, 1.130973e+00, 2.930424e-01, 1.314957e-01, -3.870556e+07, 1.809419e+03, 2.501106e+04, 1.809419e+03, 4.700004e+06, 3.590106e-03, 4.687445e-01, 3.850431e-05, 1.766417e-09, 1.997220e-01, 1.253220e-06, 4.162828e-12, 2.791370e-01, 3.074637e-02, 1.739807e-02, 2.905721e-05, 1.296370e-06, 3.508481e-06, 3.063475e-07, 1.451758e-07, 5.422379e-06, 4.089352e-08, 1.859204e-04, 1.082524e-07, 3.878469e-04, 4.144738e-08, 5.333079e-06, 1.020639e-08, 8.817747e-08, 3.846191e-07, 1.117658e-08, 1.652672e-06, 6.543346e-07, 1.439719e-07, 3.336099e-08, 6.938773e-08, 5.732072e-08, 2.367413e-08, 1.411113e-02, 4.408453e+00, 1.859516e+04, 1.861132e+04
1.359256e-01, 3.160766e-03, 1.130973e+00, 1.017876e-01, 1.130973e+00, 2.926202e-01, 1.314957e-01, -2.938569e+07, 1.801477e+03, 2.501106e+04, 1.801477e+03, 4.700004e+06, 3.579505e-03, 4.717008e-01, 3.618741e-05, 9.857242e-12, 1.976178e-01, 1.137853e-06, 8.483029e-14, 2.799730e-01, 3.058325e-02, 1.602035e-02, 2.500945e-05, 1.123428e-06, 3.410689e-06, 2.950701e-07, 1.459482e-07, 4.536463e-06, 3.259246e-08, 1.506469e-04, 8.148042e-08, 2.958390e-04, 3.722680e-08, 4.632550e-06, 8.288132e-09, 8.777592e-08, 2.806540e-07, 7.761118e-09, 1.141807e-06, 4.512673e-07, 9.431853e-08, 2.147088e-08, 4.277275e-08, 3.306276e-08, 1.350920e-08, 1.406947e-02, 4.414814e+00, 1.695405e+04, 1.696851e+04
1.399287e-01, 1.687448e-02, 1.130973e+00, 1.017876e-01, 1.130973e+00, 2.913133e-01, 1.314957e-01, -1.414453e+07, 1.778853e+03, 2.501106e+04, 1.778853e+03, 4.700004e+06, 3.550408e-03, 4.798390e-01, 3.017322e-05, 6.531950e-12, 1.919137e-01, 8.605168e-07, 5.253045e-14, 2.821684e-01, 3.014907e-02, 1.213254e-02, 1.555855e-05, 7.152954e-07, 3.199674e-06, 2.639871e-07, 1.482216e-07, 2.439381e-06, 1.480157e-08, 7.164242e-05, 3.124481e-08, 1.181038e-04, 2.641011e-08, 2.979056e-06, 4.377412e-09, 8.667131e-08, 9.472233e-08, 2.268872e-09, 3.291275e-07, 1.293870e-07, 2.329868e-08, 4.671035e-09, 8.092427e-09, 5.143998e-09, 1.431501e-09, 1.395510e-02, 4.434619e+00, 1.253439e+04, 1.254484e+04
1.470000e-01, 4.120658e-02, 1.130973e+00, 1.017876e-01, 1.130973e+00, 2.900507e-01, 1.314957e-01, -6.867049e+06, 1.759169e+03, 2.501106e+04, 1.759169e+03, 4.700004e+06, 3.526404e-03, 4.865992e-01, 2.564284e-05, 4.164390e-12, 1.872625e-01, 6.722235e-07, 3.340712e-14, 2.838583e-01, 2.982414e-02, 8.809349e-03, 9.483736e-06, 4.486272e-07, 3.083195e-06, 2.386816e-07, 1.501635e-07, 1.213781e-06, 6.324396e-09, 3.191294e-05, 1.149296e-08, 4.506609e-05, 1.836117e-08, 1.888422e-06, 2.327251e-09, 8.575262e-08, 2.895089e-08, 6.107773e-10, 8.747968e-08, 3.422707e-08, 5.399447e-09, 8.981109e-10, 1.375789e-09, 7.354688e-10, 1.254981e-10, 1.386075e-02, 4.453924e+00, 8.975739e+03, 8.983572e+03
1.590000e-01, 8.267091e-02, 1.130973e+00, 1.017876e-01, 1.130973e+00, 2.888767e-01, 1.314957e-01, -3.336266e+06, 1.742412e+03, 2.501106e+04, 1.742412e+03, 4.700004e+06, 3.507010e-03, 4.920945e-01, 2.225115e-05, 2.825421e-12, 1.835154e-01, 5.432006e-07, 2.265417e-14, 2.851599e-01, 2.958787e-02, 6.072141e-03, 5.616526e-06, 2.760800e-07, 3.022771e-06, 2.184449e-07, 1.517824e-07, 5.483091e-07, 2.499967e-09, 1.308458e-05, 3.991252e-09, 1.616623e-05, 1.228909e-08, 1.163147e-06, 1.229924e-09, 8.500736e-08, 7.796375e-09, 1.474037e-10, 2.087971e-08, 8.135670e-09, 1.144505e-09, 1.472324e-10, 2.029011e-10, 9.340517e-11, 8.662828e-12, 1.378452e-02, 4.472025e+00, 6.137486e+03, 6.143598e+03
1.710000e-01, 1.242668e-01, 1.130973e+00, 1.017876e-01, 1.130973e+00, 2.881493e-01, 1.314957e-01, -2.046303e+06, 1.732814e+03, 2.501106e+04, 1.732814e+03, 4.700004e+06, 3.496494e-03, 4.950908e-01, 2.048539e-05, 2.258717e-12, 1.814783e-01, 4.802936e-07, 1.810452e-14, 2.858413e-01, 2.947463e-02, 4.574242e-03, 3.874439e-06, 1.973822e-07, 3.001367e-06, 2.073865e-07, 1.526999e-07, 3.022004e-07, 1.274566e-09, 6.815246e-06, 1.887959e-09, 7.794184e-06, 9.125668e-09, 8.222524e-07, 7.953861e-10, 8.460512e-08, 2.975773e-09, 5.280589e-11, 7.432154e-09, 2.888966e-09, 3.803079e-10, 3.939695e-11, 5.110391e-11, 2.159613e-11, 1.221863e-12, 1.374319e-02, 4.483313e+00, 4.607988e+03, 4.613299e+03
1.830000e-01, 1.659517e-01, 1.130973e+00, 1.017876e-01, 1.130973e+00, 2.876225e-01, 1.314957e-01, -1.303389e+06, 1.726298e+03, 2.501106e+04, 1.726298e+03, 4.700004e+06, 3.489726e-03, 4.970293e-01, 1.935381e-05, 1.939575e-12, 1.801603e-01, 4.416451e-07, 1.554347e-14, 2.862678e-01, 2.941115e-02, 3.606219e-03, 2.876156e-06, 1.519541e-07, 2.991558e-06, 2.000718e-07, 1.533333e-07, 1.841468e-07, 7.364361e-10, 3.995147e-06, 1.036544e-09, 4.334463e-06, 7.131155e-09, 6.210392e-07, 5.652775e-10, 8.434948e-08, 1.349378e-09, 2.294387e-11, 3.212182e-09, 1.246653e-09, 1.570329e-10, 1.341749e-11, 1.675357e-11, 6.766002e-12, 2.531124e-13, 1.371659e-02, 4.491525e+00, 3.626144e+03, 3.630985e+03
1.950000e-01, 2.077043e-01, 1.130973e+00, 1.017876e-01, 1.130973e+00, 2.872071e-01, 1.314957e-01, -1.076786e+06, 1.721461e+03, 2.501106e+04, 1.721461e+03, 4.700004e+06, 3.484983e-03, 4.983956e-01, 1.855264e-05, 1.732892e-12, 1.792303e-01, 4.150580e-07, 1.388290e-14, 2.865585e-01, 2.937396e-02, 2.926156e-03, 2.231427e-06, 1.224710e-07, 2.986505e-06, 1.947948e-07, 1.537866e-07, 1.194873e-07, 4.591530e-10, 2.518844e-06, 6.221239e-10, 2.627610e-06, 5.750792e-09, 4.882433e-07, 4.245952e-10, 8.417319e-08, 6.810585e-10, 1.120016e-11, 1.563787e-09, 6.060963e-10, 7.357271e-11, 5.275999e-12, 6.381833e-12, 2.418827e-12, 6.840934e-14, 1.369794e-02, 4.498022e+00, 2.938930e+03, 2.943463e+03
2.070000e-01, 2.495118e-01, 1.130973e+00, 1.017876e-01, 1.130973e+00, 2.868626e-01, 1.314957e-01, -7.505078e+05, 1.717670e+03, 2.501106e+04, 1.717670e+03, 4.700004e+06, 3.481483e-03, 4.994098e-01, 1.794217e-05, 1.586701e-12, 1.785385e-01, 3.953263e-07, 1.270943e-14, 2.867665e-01, 2.935253e-02, 2.423660e-03, 1.784300e-06, 1.019642e-07, 2.983756e-06, 1.906914e-07, 1.541598e-07, 8.105744e-08, 3.018061e-10, 1.670416e-06, 3.968762e-10, 1.689780e-06, 4.741505e-09, 3.945319e-07, 3.310824e-10, 8.404643e-08, 3.701416e-10, 5.938523e-12, 8.274345e-10, 3.204122e-10, 3.798417e-11, 2.320500e-12, 2.734479e-12, 1.017011e-12, 2.075834e-14, 1.368419e-02, 4.503424e+00, 2.432333e+03, 2.436649e+03
2.190000e-01, 2.913658e-01, 1.130973e+00, 1.017876e-01, 1.130973e+00, 2.865661e-01, 1.314957e-01, -4.715660e+05, 1.714577e+03, 2.501106e+04, 1.714577e+03, 4.700004e+06, 3.478811e-03, 5.001896e-01, 1.745372e-05, 1.476617e-12, 1.780052e-01, 3.799003e-07, 1.182457e-14, 2.869198e-01, 2.934144e-02, 2.039614e-03, 1.459088e-06, 8.701110e-08, 2.982234e-06, 1.873447e-07, 1.544869e-07, 5.687684e-08, 2.065420e-10, 1.150601e-06, 2.651035e-10, 1.135098e-06, 3.976189e-09, 3.254168e-07, 2.652315e-10, 8.395291e-08, 2.123800e-10, 3.340784e-12, 4.638033e-10, 1.794633e-10, 2.082029e-11, 1.091724e-12, 1.260404e-12, 4.529647e-13, 1.010149e-14, 1.367368e-02, 4.508083e+00, 2.045762e+03, 2.049918e+03
2.310000e-01, 3.332605e-01, 1.130973e+00, 1.017876e-01, 1.130973e+00, 2.863031e-01, 1.314957e-01, -4.659104e+05, 1.711974e+03, 2.501106e+04, 1.711974e+03, 4.700004e+06, 3.476720e-03, 5.008045e-01, 1.705814e-05, 1.391150e-12, 1.775833e-01, 3.675627e-07, 1.113916e-14, 2.870348e-01, 2.933764e-02, 1.738946e-03, 1.214200e-06, 7.573778e-08, 2.981430e-06, 1.846299e-07, 1.547306e-07, 4.104551e-08, 1.457927e-10, 8.176516e-07, 1.833202e-10, 7.898106e-07, 3.379970e-09, 2.728392e-07, 2.169925e-10, 8.388193e-08, 1.279810e-10, 1.976914e-12, 2.744575e-10, 1.061235e-10, 1.207956e-11, 5.526469e-13, 6.284799e-13, 2.194302e-13, 1.954245e-15, 1.366547e-02, 4.512224e+00, 1.743460e+03, 1.747495e+03
2.430000e-01, 3.751918e-01, 1.130973e+00, 1.017876e-01, 1.130973e+00, 2.860654e-01, 1.314957e-01, -3.706920e+05, 1.709734e+03, 2.501106e+04, 1.709734e+03, 4.700004e+06, 3.475055e-03, 5.012990e-01, 1.672075e-05, 1.321632e-12, 1.772428e-01, 3.572454e-07, 1.058076e-14, 2.871218e-01, 2.933906e-02, 1.499267e-03, 1.025270e-06, 6.703958e-08, 2.981050e-06, 1.822748e-07, 1.549613e-07, 3.031961e-08, 1.057333e-10, 5.960476e-07, 1.306367e-10, 5.654118e-07, 2.907036e-09, 2.318689e-07, 1.805278e-10, 8.382832e-08, 7.994518e-11, 1.216626e-12, 1.686142e-10, 6.516100e-11, 7.300557e-12, 2.926163e-13, 3.286626e-13, 1.138673e-13, 9.055746e-16, 1.365892e-02, 4.515973e+00, 1.502678e+03, 1.506618e+03
2.550000e-01, 4.171565e-01, 1.130973e+00, 1.017876e-01, 1.130973e+00, 2.858468e-01, 1.314957e-01, -2.998891e+05, 1.707765e+03, 2.501106e+04, 1.707765e+03, 4.700004e+06, 3.473709e-03, 5.017028e-01, 1.642889e-05, 1.263746e-12, 1.769635e-01, 3.484547e-07, 1.011571e-14, 2.871879e-01, 2.934440e-02, 1.305496e-03, 8.765783e-07, 6.019388e-08, 2.980936e-06, 1.802162e-07, 1.551691e-07, 2.286473e-08, 7.845417e-11, 4.443082e-07, 9.544823e-11, 4.148157e-07, 2.526050e-09, 1.993765e-07, 1.523690e-10, 8.378757e-08, 5.160460e-11, 7.751115e-13, 1.072765e-10, 4.143663e-11, 4.579327e-12, 1.620562e-13, 1.798234e-13, 6.146119e-14, 3.559778e-16, 1.365363e-02, 4.519427e+00, 1.308138e+03, 1.312004e+03
2.670000e-01, 4.591522e-01, 1.130973e+00, 1.017876e-01, 1.130973e+00, 2.856429e-01, 1.314957e-01, -2.390556e+05, 1.706007e+03, 2.501106e+04, 1.706007e+03, 4.700004e+06, 3.472609e-03, 5.020368e-01, 1.617155e-05, 1.214452e-12, 1.767312e-01, 3.408130e-07, 9.719557e-15, 2.872380e-01, 2.935276e-02, 1.147092e-03, 7.577433e-07, 5.472827e-08, 2.980993e-06, 1.783832e-07, 1.553601e-07, 1.756943e-08, 5.942165e-11, 3.379079e-07, 7.130638e-11, 3.110357e-07, 2.215515e-09, 1.732358e-07, 1.302100e-10, 8.375675e-08, 3.431903e-11, 5.095159e-13, 7.043093e-11, 2.719273e-11, 2.968787e-12, 9.352877e-14, 1.026809e-13, 3.466381e-14, 1.641098e-16, 1.364930e-02, 4.522654e+00, 1.149184e+03, 1.152990e+03
2.790000e-01, 5.011770e-01, 1.130973e+00, 1.017876e-01, 1.130973e+00, 2.854506e-01, 1.314957e-01, -2.173871e+05, 1.704413e+03, 2.501106e+04, 1.704413e+03, 4.700004e+06, 3.471702e-03, 5.023160e-01, 1.594195e-05, 1.171766e-12, 1.765359e-01, 3.340754e-07, 9.376626e-15, 2.872754e-01, 2.936347e-02, 1.016436e-03, 6.615529e-07, 5.031195e-08, 2.981162e-06, 1.767370e-07, 1.555329e-07, 1.373794e-08, 4.585266e-11, 2.617770e-07, 5.434297e-11, 2.378875e-07, 1.959925e-09, 1.519630e-07, 1.125088e-10, 8.373364e-08, 2.347632e-11, 3.447357e-13, 4.762560e-11, 1.837992e-11, 1.983166e-12, 5.619375e-14, 6.116771e-14, 2.031306e-14, 8.482346e-17, 1.364574e-02, 4.525700e+00, 1.018125e+03, 1.021882e+03
2.910000e-01, 5.432293e-01, 1.130973e+00, 1.017876e-01, 1.130973e+00, 2.852676e-01, 1.314957e-01, -1.467468e+05, 1.702951e+03, 2.501106e+04, 1.702951e+03, 4.700004e+06, 3.470948e-03, 5.025518e-01, 1.573194e-05, 1.133967e-12, 1.763700e-01, 3.280019e-07, 9.072412e-15, 2.873028e-01, 2.937605e-02, 9.078626e-04, 5.829444e-07, 4.671191e-08, 2.981403e-06, 1.752113e-07, 1.557050e-07, 1.091725e-08, 3.601203e-11, 2.062682e-07, 4.219822e-11, 1.852565e-07, 1.748065e-09, 1.344845e-07, 9.820617e-11, 8.371693e-08, 1.644066e-11, 2.392717e-13, 3.300422e-11, 1.273317e-11, 1.361276e-12, 3.464997e-14, 3.737935e-14, 1.239544e-14, 3.249807e-17, 1.364278e-02, 4.528603e+00, 9.092508e+02, 9.129676e+02
3.030000e-01, 5.853081e-01, 1.130973e+00, 1.017876e-01, 1.130973e+00, 2.850921e-01, 1.314957e-01, -1.717726e+05, 1.701594e+03, 2.501106e+04, 1.701594e+03, 4.700004e+06, 3.470319e-03, 5.027524e-01, 1.554133e-05, 1.100384e-12, 1.762277e-01, 3.225303e-07, 8.802606e-15, 2.873221e-01, 2.939015e-02, 8.170882e-04, 5.180512e-07, 4.375039e-08, 2.981696e-06, 1.738266e-07, 1.558543e-07, 8.814601e-09, 2.874639e-11, 1.652473e-07, 3.332983e-11, 1.468031e-07, 1.571049e-09, 1.200126e-07, 8.651291e-11, 8.370497e-08, 1.182246e-11, 1.703839e-13, 2.349811e-11, 9.062249e-12, 9.589100e-13, 2.229027e-14, 2.384114e-14, 7.796858e-15, 1.820747e-17, 1.364030e-02, 4.531391e+00, 8.182483e+02, 8.219318e+02
3.150000e-01, 6.274124e-01, 1.130973e+00, 1.017876e-01, 1.130973e+00, 2.849227e-01, 1.314957e-01, -1.097217e+05, 1.700324e+03, 2.501106e+04, 1.700324e+03, 4.700004e+06, 3.469789e-03, 5.029245e-01, 1.536203e-05, 1.069750e-12, 1.761047e-01, 3.174590e-07, 8.555818e-15, 2.873348e-01, 2.940548e-02, 7.407945e-04, 4.641952e-07, 4.130343e-08, 2.982019e-06, 1.725033e-07, 1.560126e-07, 7.221270e-09, 2.331287e-11, 1.343923e-07, 2.676653e-11, 1.181888e-07, 1.422635e-09, 1.079454e-07, 7.688902e-11, 8.369738e-08, 8.687072e-12, 1.241971e-13, 1.710793e-11, 6.595829e-12, 6.920442e-13, 1.472389e-14, 1.564675e-14, 5.082749e-15, 8.473904e-18, 1.363822e-02, 4.534085e+00, 7.417785e+02, 7.454343e+02
3.270000e-01, 6.695413e-01, 1.130973e+00, 1.017876e-01, 1.130973e+00, 2.847580e-01, 1.314957e-01, -2.379841e+05, 1.699122e+03, 2.501106e+04, 1.699122e+03, 4.700004e+06, 3.469343e-03, 5.030732e-01, 1.519899e-05, 1.042170e-12, 1.759974e-01, 3.128479e-07, 8.334693e-15, 2.873421e-01, 2.942187e-02, 6.764039e-04, 4.190273e-07, 3.926298e-08, 2.982368e-06, 1.713149e-07, 1.561335e-07, 6.008417e-09, 1.918390e-11, 1.110643e-07, 2.181796e-11, 9.672777e-08, 1.297117e-09, 9.783105e-08, 6.887387e-11, 8.369260e-08, 6.544506e-12, 9.269997e-14, 1.278948e-11, 4.929336e-12, 5.121312e-13, 1.002127e-14, 1.055019e-14, 3.411231e-15, 2.506130e-18, 1.363647e-02, 4.536707e+00, 6.772507e+02, 6.808832e+02
3.390000e-01, 7.116942e-01, 1.130973e+00, 1.017876e-01, 1.130973e+00, 2.845983e-01, 1.314957e-01, 1.715277e+05, 1.697984e+03, 2.501106e+04, 1.697984e+03, 4.700004e+06, 3.468964e-03, 5.032026e-01, 1.503085e-05, 1.015397e-12, 1.759032e-01, 3.082665e-07, 8.116587e-15, 2.873450e-01, 2.943901e-02, 6.217942e-04, 3.814314e-07, 3.757543e-08, 2.982719e-06, 1.700122e-07, 1.563453e-07, 5.047971e-09, 1.602787e-11, 9.269106e-08, 1.808024e-11, 8.002933e-08, 1.191877e-09, 8.929156e-08, 6.224341e-11, 8.369227e-08, 4.973971e-12, 7.029658e-14, 9.618894e-12, 3.706835e-12, 3.843677e-13, 6.928763e-15, 7.305085e-15, 2.366963e-15, -7.768284e-19, 1.363498e-02, 4.539253e+00, 6.225313e+02, 6.261440e+02
3.510000e-01, 7.538705e-01, 1.130973e+00, 1.017876e-01, 1.130973e+00, 2.844420e-01, 1.314957e-01, -3.759360e+04, 1.696894e+03, 2.501106e+04, 1.696894e+03, 4.700004e+06, 3.468642e-03, 5.033158e-01, 1.488774e-05, 9.920310e-13, 1.758198e-01, 3.042676e-07, 7.929859e-15, 2.873443e-01, 2.945682e-02, 5.753635e-04, 3.492206e-07, 3.614163e-08, 2.983091e-06, 1.689675e-07, 1.564455e-07, 4.319074e-09, 1.356232e-11, 7.883279e-08, 1.516499e-11, 6.745898e-08, 1.101237e-09, 8.207155e-08, 5.658973e-11, 8.369226e-08, 3.919469e-12, 5.482071e-14, 7.530570e-12, 2.901023e-12, 2.974414e-13, 5.024474e-15, 5.247352e-15, 1.679570e-15, 2.202598e-18, 1.363371e-02, 4.541747e+00, 5.760140e+02, 5.796101e+02
3.630000e-01, 7.960698e-01, 1.130973e+00, 1.017876e-01, 1.130973e+00, 2.842882e-01, 1.314957e-01, -1.012567e+05, 1.695842e+03, 2.501106e+04, 1.695842e+03, 4.700004e+06, 3.468368e-03, 5.034156e-01, 1.474577e-05, 9.695565e-13, 1.757455e-01, 3.003728e-07, 7.748685e-15, 2.873404e-01, 2.947532e-02, 5.358003e-04, 3.219966e-07, 3.494239e-08, 2.983466e-06, 1.679027e-07, 1.565723e-07, 3.737644e-09, 1.162872e-11, 6.781245e-08, 1.289636e-11, 5.753690e-08, 1.024330e-09, 7.593401e-08, 5.182942e-11, 8.369482e-08, 3.134721e-12, 4.348714e-14, 5.979005e-12, 2.302594e-12, 2.340073e-13, 3.717812e-15, 3.854932e-15, 1.223629e-15, 1.727559e-18, 1.363263e-02, 4.544205e+00, 5.363806e+02, 5.399624e+02
3.750000e-01, 8.382918e-01, 1.130973e+00, 1.017876e-01, 1.130973e+00, 2.841369e-01, 1.314957e-01, -4.164871e+04, 1.694826e+03, 2.501106e+04, 1.694826e+03, 4.700004e+06, 3.468133e-03, 5.035041e-01, 1.460719e-05, 9.482112e-13, 1.756788e-01, 2.966185e-07, 7.576418e-15, 2.873338e-01, 2.949430e-02, 5.019869e-04, 2.988480e-07, 3.393461e-08, 2.983842e-06, 1.668466e-07, 1.567154e-07, 3.271343e-09, 1.009668e-11, 5.900865e-08, 1.111131e-11, 4.967006e-08, 9.587899e-10, 7.069555e-08, 4.779308e-11, 8.369932e-08, 2.550933e-12, 3.515540e-14, 4.828851e-12, 1.859174e-12, 1.876715e-13, 2.834594e-15, 2.917536e-15, 9.201271e-16, 3.563878e-19, 1.363171e-02, 4.546624e+00, 5.025097e+02, 5.060794e+02
3.870000e-01, 8.805361e-01, 1.130973e+00, 1.017876e-01, 1.130973e+00, 2.839877e-01, 1.314957e-01, -3.180809e+04, 1.693837e+03, 2.501106e+04, 1.693837e+03, 4.700004e+06, 3.467933e-03, 5.035831e-01, 1.447426e-05, 9.280235e-13, 1.756186e-01, 2.930341e-07, 7.413506e-15, 2.873250e-01, 2.951373e-02, 4.730405e-04, 2.790257e-07, 3.308388e-08, 2.984221e-06, 1.658326e-07, 1.568498e-07, 2.898036e-09, 8.872914e-12, 5.198773e-08, 9.690469e-12, 4.341636e-08, 9.026109e-10, 6.621392e-08, 4.434331e-11, 8.370509e-08, 2.109573e-12, 2.890547e-14, 3.966445e-12, 1.526841e-12, 1.531958e-13, 2.181246e-15, 2.238218e-15, 7.045699e-16, 9.171996e-19, 1.363093e-02, 4.549013e+00, 4.735162e+02, 4.770755e+02
3.990000e-01, 9.228024e-01, 1.130973e+00, 1.017876e-01, 1.130973e+00, 2.838402e-01, 1.314957e-01, -4.186196e+04, 1.692874e+03, 2.501106e+04, 1.692874e+03, 4.700004e+06, 3.467761e-03, 5.036539e-01, 1.434569e-05, 9.087870e-13, 1.755638e-01, 2.895867e-07, 7.258249e-15, 2.873144e-01, 2.953353e-02, 4.482204e-04, 2.620025e-07, 3.236549e-08, 2.984600e-06, 1.648480e-07, 1.569811e-07, 2.596074e-09, 7.884430e-12, 4.631618e-08, 8.547109e-12, 3.838397e-08, 8.544002e-10, 6.236786e-08, 4.138320e-11, 8.371201e-08, 1.777790e-12, 2.419221e-14, 3.319442e-12, 1.277444e-12, 1.272413e-13, 1.734069e-15, 1.768354e-15, 5.532198e-16, 2.873927e-19, 1.363025e-02, 4.551377e+00, 4.486571e+02, 4.522073e+02
4.110000e-01, 9.650906e-01, 1.130973e+00, 1.017876e-01, 1.130973e+00, 2.836943e-01, 1.314957e-01, -2.902019e+04, 1.691931e+03, 2.501106e+04, 1.691931e+03, 4.700004e+06, 3.467613e-03, 5.037178e-01, 1.422034e-05, 8.903541e-13, 1.755136e-01, 2.862489e-07, 7.109393e-15, 2.873021e-01, 2.955365e-02, 4.269109e-04, 2.473528e-07, 3.175940e-08, 2.984978e-06, 1.638816e-07, 1.571147e-07, 2.349346e-09, 7.080181e-12, 4.169117e-08, 7.619864e-12, 3.429349e-08, 8.130164e-10, 5.905779e-08, 3.883535e-11, 8.371999e-08, 1.520593e-12, 2.056207e-14, 2.819816e-12, 1.084914e-12, 1.073482e-13, 1.403921e-15, 1.424007e-15, 4.433582e-16, 3.096319e-19, 1.362967e-02, 4.553718e+00, 4.273150e+02, 4.308574e+02
4.230000e-01, 1.007400e+00, 1.130973e+00, 1.017876e-01, 1.130973e+00, 2.835497e-01, 1.314957e-01, -2.376993e+04, 1.691007e+03, 2.501106e+04, 1.691007e+03, 4.700004e+06, 3.467486e-03, 5.037759e-01, 1.409828e-05, 8.726619e-13, 1.754674e-01, 2.830152e-07, 6.966490e-15, 2.872884e-01, 2.957404e-02, 4.085999e-04, 2.346964e-07, 3.124789e-08, 2.985355e-06, 1.629368e-07, 1.572466e-07, 2.147123e-09, 6.421586e-12, 3.790403e-08, 6.862296e-12, 3.095079e-08, 7.774139e-10, 5.620263e-08, 3.663167e-11, 8.372882e-08, 1.320240e-12, 1.774554e-14, 2.432462e-12, 9.356712e-13, 9.199824e-14, 1.160501e-15, 1.171376e-15, 3.630794e-16, 2.011668e-19, 1.362917e-02, 4.556040e+00, 4.089766e+02, 4.125124e+02
4.350000e-01, 1.049732e+00, 1.130973e+00, 1.017876e-01, 1.130973e+00, 2.834062e-01, 1.314957e-01, -2.018699e+04, 1.690098e+03, 2.501106e+04, 1.690098e+03, 4.700004e+06, 3.467377e-03, 5.038289e-01, 1.397897e-05, 8.556129e-13, 1.754246e-01, 2.798705e-07, 6.828752e-15, 2.872736e-01, 2.959467e-02, 3.928613e-04, 2.237340e-07, 3.081694e-08, 2.985731e-06, 1.620094e-07, 1.573780e-07, 1.980287e-09, 5.877886e-12, 3.477775e-08, 6.237398e-12, 2.819322e-08, 7.467739e-10, 5.373457e-08, 3.471842e-11, 8.373839e-08, 1.162014e-12, 1.552322e-14, 2.126975e-12, 8.179728e-13, 7.990619e-14, 9.756778e-16, 9.797226e-16, 3.021776e-16, 1.650064e-19, 1.362874e-02, 4.558347e+00, 3.932150e+02, 3.967449e+02
4.470000e-01, 1.092085e+00, 1.130973e+00, 1.017876e-01, 1.130973e+00, 2.832636e-01, 1.314957e-01, -2.818538e+04, 1.689202e+03, 2.501106e+04, 1.689202e+03, 4.700004e+06, 3.467284e-03, 5.038776e-01, 1.386223e-05, 8.391470e-13, 1.753846e-01, 2.768071e-07, 6.695709e-15, 2.872577e-01, 2.961552e-02, 3.793355e-04, 2.142098e-07, 3.045459e-08, 2.986106e-06, 1.610990e-07, 1.575077e-07, 1.842304e-09, 5.426534e-12, 3.218780e-08, 5.718044e-12, 2.590497e-08, 7.203835e-10, 5.159729e-08, 3.305024e-11, 8.374859e-08, 1.035198e-12, 1.373997e-14, 1.882360e-12, 7.237259e-13, 7.020868e-14, 8.291151e-16, 8.275878e-16, 2.536027e-16, 1.104542e-19, 1.362837e-02, 4.560641e+00, 3.796697e+02, 3.831944e+02
4.590000e-01, 1.134459e+00, 1.130973e+00, 1.017876e-01, 1.130973e+00, 2.831218e-01, 1.314957e-01, -6.414896e+03, 1.688318e+03, 2.501106e+04, 1.688318e+03, 4.700004e+06, 3.467203e-03, 5.039226e-01, 1.374727e-05, 8.231815e-13, 1.753472e-01, 2.738073e-07, 6.566666e-15, 2.872410e-01, 2.963657e-02, 3.677179e-04, 2.059299e-07, 3.015161e-08, 2.986480e-06, 1.601967e-07, 1.576408e-07, 1.726780e-09, 5.050550e-12, 3.002051e-08, 5.287047e-12, 2.399680e-08, 6.977068e-10, 4.974255e-08, 3.159324e-11, 8.375941e-08, 9.353106e-13, 1.235252e-14, 1.690859e-12, 6.499743e-13, 6.274023e-14, 7.299422e-16, 7.263836e-16, 2.221637e-16, 9.594297e-20, 1.362806e-02, 4.562925e+00, 3.680353e+02, 3.715557e+02
4.710000e-01, 1.176854e+00, 1.130973e+00, 1.017876e-01, 1.130973e+00, 2.829808e-01, 1.314957e-01, -1.247351e+04, 1.687443e+03, 2.501106e+04, 1.687443e+03, 4.700004e+06, 3.467134e-03, 5.039643e-01, 1.363465e-05, 8.077104e-13, 1.753119e-01, 2.708781e-07, 6.441632e-15, 2.872234e-01, 2.965779e-02, 3.577488e-04, 1.986935e-07, 2.989867e-08, 2.986852e-06, 1.593114e-07, 1.577705e-07, 1.630805e-09, 4.733995e-12, 2.820791e-08, 4.921667e-12, 2.238875e-08, 6.781632e-10, 4.813122e-08, 3.031194e-11, 8.377064e-08, 8.524362e-13, 1.118487e-14, 1.530828e-12, 5.883126e-13, 5.639238e-14, 6.388858e-16, 6.317187e-16, 1.918396e-16, 9.961114e-20, 1.362779e-02, 4.565200e+00, 3.580520e+02, 3.615684e+02
4.830000e-01, 1.219270e+00, 1.130973e+00, 1.017876e-01, 1.130973e+00, 2.828403e-01, 1.314957e-01, -2.253443e+04, 1.686577e+03, 2.501106e+04, 1.686577e+03, 4.700004e+06, 3.467075e-03, 5.040033e-01, 1.352380e-05, 7.926706e-13, 1.752785e-01, 2.680062e-07, 6.320052e-15, 2.872052e-01, 2.967916e-02, 3.492086e-04, 1.923633e-07, 2.968927e-08, 2.987223e-06, 1.584369e-07, 1.578996e-07, 1.550607e-09, 4.468043e-12, 2.668650e-08, 4.614192e-12, 2.103494e-08, 6.613605e-10, 4.672928e-08, 2.918299e-11, 8.378230e-08, 7.852234e-13, 1.024776e-14, 1.402061e-12, 5.387253e-13, 5.135397e-14, 5.701829e-16, 5.614495e-16, 1.696798e-16, 6.458431e-20, 1.362755e-02, 4.567467e+00, 3.494995e+02, 3.530126e+02
4.950000e-01, 1.261707e+00, 1.130973e+00, 1.017876e-01, 1.130973e+00, 2.827004e-01, 1.314957e-01, 1.266918e+04, 1.685718e+03, 2.501106e+04, 1.685718e+03, 4.700004e+06, 3.467025e-03, 5.040399e-01, 1.341415e-05, 7.780149e-13, 1.752467e-01, 2.651802e-07, 6.201614e-15, 2.871864e-01, 2.970067e-02, 3.419096e-04, 1.868226e-07, 2.951778e-08, 2.987593e-06, 1.575662e-07, 1.580339e-07, 1.482220e-09, 4.241663e-12, 2.538652e-08, 4.352008e-12, 1.987711e-08, 6.469916e-10, 4.550634e-08, 2.818540e-11, 8.379441e-08, 7.308726e-13, 9.478839e-15, 1.296098e-12, 4.978696e-13, 4.713876e-14, 5.214054e-16, 5.105118e-16, 1.535807e-16, 7.071044e-20, 1.362736e-02, 4.569728e+00, 3.421900e+02, 3.457000e+02
5.070000e-01, 1.304165e+00, 1.130973e+00, 1.017876e-01, 1.130973e+00, 2.825609e-01, 1.314957e-01, -3.515245e+04, 1.684865e+03, 2.501106e+04, 1.684865e+03, 4.700004e+06, 3.466982e-03, 5.040744e-01, 1.330682e-05, 7.637601e-13, 1.752163e-01, 2.624164e-07, 6.086387e-15, 2.871671e-01, 2.972230e-02, 3.356913e-04, 1.819320e-07, 2.937786e-08, 2.987961e-06, 1.567157e-07, 1.581592e-07, 1.426460e-09, 4.049692e-12, 2.430494e-08, 4.126274e-12, 1.889456e-08, 6.345975e-10, 4.444152e-08, 2.729631e-11, 8.380668e-08, 6.832822e-13, 8.803133e-15, 1.204138e-12, 4.624632e-13, 4.349633e-14, 4.623324e-16, 4.487504e-16, 1.333644e-16, 9.393346e-20, 1.362719e-02, 4.571983e+00, 3.359625e+02, 3.394698e+02
5.190000e-01, 1.346645e+00, 1.130973e+00, 1.017876e-01, 1.130973e+00, 2.824218e-01, 1.314957e-01, -1.926154e+04, 1.684018e+03, 2.501106e+04, 1.684018e+03, 4.700004e+06, 3.466945e-03, 5.041070e-01, 1.320014e-05, 7.498317e-13, 1.751872e-01, 2.596852e-07, 5.973695e-15, 2.871473e-01, 2.974406e-02, 3.304159e-04, 1.776467e-07, 2.926730e-08, 2.988326e-06, 1.558640e-07, 1.582897e-07, 1.379049e-09, 3.888634e-12, 2.338227e-08, 3.937596e-12, 1.805887e-08, 6.240697e-10, 4.351178e-08, 2.650797e-11, 8.381933e-08, 6.475820e-13, 8.329428e-15, 1.137788e-12, 4.369195e-13, 4.098479e-14, 4.448335e-16, 4.356173e-16, 1.305679e-16, -7.068781e-21, 1.362704e-02, 4.574236e+00, 3.306792e+02, 3.341842e+02
5.310000e-01, 1.389145e+00, 1.130973e+00, 1.017876e-01, 1.130973e+00, 2.822833e-01, 1.314957e-01, 1.622134e+05, 1.683177e+03, 2.501106e+04, 1.683177e+03, 4.700004e+06, 3.466915e-03, 5.041381e-01, 1.309369e-05, 7.362033e-13, 1.751590e-01, 2.569812e-07, 5.863870e-15, 2.871271e-01, 2.976589e-02, 3.259625e-04, 1.738847e-07, 2.918137e-08, 2.988698e-06, 1.550024e-07, 1.584413e-07, 1.334258e-09, 3.742995e-12, 2.253396e-08, 3.767936e-12, 1.730316e-08, 6.153194e-10, 4.269134e-08, 2.580340e-11, 8.383258e-08, 6.185690e-13, 7.855644e-15, 1.072649e-12, 4.116001e-13, 3.809565e-14, 4.330618e-16, 4.141031e-16, 1.226474e-16, 4.252542e-20, 1.362692e-02, 4.576479e+00, 3.262188e+02, 3.297217e+02
5.430000e-01, 1.431666e+00, 1.130973e+00, 1.017876e-01, 1.130973e+00, 2.821450e-01, 1.314957e-01, -2.024851e+05, 1.682340e+03, 2.501106e+04, 1.682340e+03, 4.700004e+06, 3.466889e-03, 5.041677e-01, 1.299286e-05, 7.230198e-13, 1.751319e-01, 2.543861e-07, 5.756764e-15, 2.871066e-01, 2.978779e-02, 3.222314e-04, 1.704634e-07, 2.911364e-08, 2.989052e-06, 1.542125e-07, 1.585303e-07, 1.309587e-09, 3.631125e-12, 2.196254e-08, 3.625788e-12, 1.671774e-08, 6.073139e-10, 4.199339e-08, 2.516049e-11, 8.384491e-08, 5.850081e-13, 7.466909e-15, 1.019976e-12, 3.917061e-13, 3.648302e-14, 3.561101e-16, 3.484409e-16, 1.025114e-16, 6.252560e-20, 1.362682e-02, 4.578722e+00, 3.224818e+02, 3.259829e+02
5.550000e-01, 1.474207e+00, 1.130973e+00, 1.017876e-01, 1.130973e+00, 2.820060e-01, 1.314957e-01, -2.233541e+05, 1.681501e+03, 2.501106e+04, 1.681501e+03, 4.700004e+06, 3.466868e-03, 5.041963e-01, 1.288955e-05, 7.099706e-13, 1.751054e-01, 2.517636e-07, 5.650989e-15, 2.870856e-01, 2.980993e-02, 3.191418e-04, 1.674905e-07, 2.906811e-08, 2.989409e-06, 1.533819e-07, 1.586537e-07, 1.284014e-09, 3.532289e-12, 2.141187e-08, 3.502597e-12, 1.617928e-08, 6.008880e-10, 4.137444e-08, 2.458649e-11, 8.385815e-08, 5.643480e-13, 7.204199e-15, 9.840319e-13, 3.777359e-13, 3.493966e-14, 3.543756e-16, 3.577033e-16, 1.073391e-16, -1.564714e-19, 1.362674e-02, 4.580979e+00, 3.193871e+02, 3.228866e+02
5.670000e-01, 1.516770e+00, 1.130973e+00, 1.017876e-01, 1.130973e+00, 2.818678e-01, 1.314957e-01, 2.177885e+04, 1.680669e+03, 2.501106e+04, 1.680669e+03, 4.700004e+06, 3.466850e-03, 5.042238e-01, 1.278559e-05, 6.971199e-13, 1.750796e-01, 2.491522e-07, 5.547892e-15, 2.870643e-01, 2.983216e-02, 3.166090e-04, 1.648732e-07, 2.903805e-08, 2.989791e-06, 1.525289e-07, 1.588199e-07, 1.252514e-09, 3.433473e-12, 2.082965e-08, 3.387957e-12, 1.566663e-08, 5.959117e-10, 4.081691e-08, 2.406889e-11, 8.387230e-08, 5.486243e-13, 6.873809e-15, 9.377018e-13, 3.597355e-13, 3.287568e-14, 3.507039e-16, 3.317773e-16, 9.623223e-17, 2.745372e-20, 1.362667e-02, 4.583225e+00, 3.168494e+02, 3.203474e+02
5.790000e-01, 1.559354e+00, 1.130973e+00, 1.017876e-01, 1.130973e+00, 2.817302e-01, 1.314957e-01, -1.011402e+04, 1.679841e+03, 2.501106e+04, 1.679841e+03, 4.700004e+06, 3.466836e-03, 5.042502e-01, 1.268527e-05, 6.846892e-13, 1.750546e-01, 2.466187e-07, 5.447306e-15, 2.870429e-01, 2.985434e-02, 3.145653e-04, 1.625130e-07, 2.902198e-08, 2.990150e-06, 1.517188e-07, 1.589432e-07, 1.235469e-09, 3.359852e-12, 2.043637e-08, 3.292966e-12, 1.526241e-08, 5.914703e-10, 4.034334e-08, 2.359590e-11, 8.388577e-08, 5.323649e-13, 6.643846e-15, 9.067856e-13, 3.477848e-13, 3.158133e-14, 3.314920e-16, 3.161181e-16, 9.149005e-17, 4.793387e-20, 1.362662e-02, 4.585465e+00, 3.148017e+02, 3.182984e+02
5.910000e-01, 1.601958e+00, 1.130973e+00, 1.017876e-01, 1.130973e+00, 2.815927e-01, 1.314957e-01, 2.246933e+04, 1.679016e+03, 2.501106e+04, 1.679016e+03, 4.700004e+06, 3.466825e-03, 5.042759e-01, 1.258513e-05, 6.724461e-13, 1.750300e-01, 2.441030e-07, 5.348627e-15, 2.870212e-01, 2.987662e-02, 3.129555e-04, 1.604115e-07, 2.901800e-08, 2.990518e-06, 1.509026e-07, 1.590834e-07, 1.217476e-09, 3.291533e-12, 2.005672e-08, 3.207039e-12, 1.489009e-08, 5.879977e-10, 3.992286e-08, 2.316452e-11, 8.389970e-08, 5.204488e-13, 6.448128e-15, 8.785902e-13, 3.369448e-13, 3.046986e-14, 3.260577e-16, 3.037487e-16, 8.686619e-17, 2.329480e-20, 1.362657e-02, 4.587702e+00, 3.131883e+02, 3.166838e+02
6.030000e-01, 1.644583e+00, 1.130973e+00, 1.017876e-01, 1.130973e+00, 2.814553e-01, 1.314957e-01, -5.160697e+04, 1.678193e+03, 2.501106e+04, 1.678193e+03, 4.700004e+06, 3.466817e-03, 5.043008e-01, 1.248689e-05, 6.604926e-13, 1.750059e-01, 2.416329e-07, 5.251880e-15, 2.869993e-01, 2.989899e-02, 3.117310e-04, 1.585158e-07, 2.902513e-08, 2.990876e-06, 1.501068e-07, 1.592040e-07, 1.206728e-09, 3.235688e-12, 1.977006e-08, 3.131555e-12, 1.457590e-08, 5.850636e-10, 3.956245e-08, 2.276750e-11, 8.391338e-08, 5.083546e-13, 6.284456e-15, 8.559000e-13, 3.282917e-13, 2.959028e-14, 3.014264e-16, 2.829252e-16, 8.049862e-17, 1.048360e-19, 1.362654e-02, 4.589943e+00, 3.119607e+02, 3.154552e+02
6.150000e-01, 1.687229e+00, 1.130973e+00, 1.017876e-01, 1.130973e+00, 2.813178e-01, 1.314957e-01, -4.251660e+04, 1.677370e+03, 2.501106e+04, 1.677370e+03, 4.700004e+06, 3.466811e-03, 5.043251e-01, 1.238874e-05, 6.487635e-13, 1.749823e-01, 2.391777e-07, 5.156969e-15, 2.869772e-01, 2.992140e-02, 3.108505e-04, 1.568304e-07, 2.904358e-08, 2.991229e-06, 1.493047e-07, 1.593287e-07, 1.200532e-09, 3.189897e-12, 1.954347e-08, 3.063752e-12, 1.429216e-08, 5.828624e-10, 3.924484e-08, 2.240163e-11, 8.392724e-08, 4.976520e-13, 6.109996e-15, 8.348212e-13, 3.198316e-13, 2.842761e-14, 2.983705e-16, 2.868310e-16, 8.202481e-17, 6.358405e-20, 1.362652e-02, 4.592187e+00, 3.110774e+02, 3.145710e+02
6.270000e-01, 1.729896e+00, 1.130973e+00, 1.017876e-01, 1.130973e+00, 2.811806e-01, 1.314957e-01, 9.583373e+03, 1.676550e+03, 2.501106e+04, 1.676550e+03, 4.700004e+06, 3.466807e-03, 5.043489e-01, 1.229113e-05, 6.371988e-13, 1.749590e-01, 2.367464e-07, 5.063944e-15, 2.869550e-01, 2.994392e-02, 3.102735e-04, 1.553129e-07, 2.906872e-08, 2.991602e-06, 1.485021e-07, 1.594740e-07, 1.188869e-09, 3.144752e-12, 1.929479e-08, 3.005209e-12, 1.404100e-08, 5.813610e-10, 3.896248e-08, 2.206571e-11, 8.394161e-08, 4.928013e-13, 6.009562e-15, 8.182758e-13, 3.136106e-13, 2.785850e-14, 2.978531e-16, 2.750586e-16, 7.727254e-17, 2.050694e-20, 1.362650e-02, 4.594427e+00, 3.104979e+02, 3.139906e+02
6.390000e-01, 1.772584e+00, 1.130973e+00, 1.017876e-01, 1.130973e+00, 2.810436e-01, 1.314957e-01, 1.340550e+03, 1.675732e+03, 2.501106e+04, 1.675732e+03, 4.700004e+06, 3.466805e-03, 5.043721e-01, 1.219496e-05, 6.259110e-13, 1.749360e-01, 2.343527e-07, 4.972779e-15, 2.869325e-01, 2.996646e-02, 3.099664e-04, 1.539430e-07, 2.910238e-08, 2.991960e-06, 1.477126e-07, 1.596031e-07, 1.184380e-09, 3.109014e-12, 1.912081e-08, 2.951336e-12, 1.381872e-08, 5.802498e-10, 3.872076e-08, 2.175250e-11, 8.395572e-08, 4.862545e-13, 5.897631e-15, 8.032739e-13, 3.077533e-13, 2.714732e-14, 2.912399e-16, 2.694139e-16, 7.536241e-17, 2.896239e-20, 1.362649e-02, 4.596666e+00, 3.101886e+02, 3.136807e+02
6.510000e-01, 1.815292e+00, 1.130973e+00, 1.017876e-01, 1.130973e+00, 2.809068e-01, 1.314957e-01, 5.505576e+03, 1.674916e+03, 2.501106e+04, 1.674916e+03, 4.700004e+06, 3.466805e-03, 5.043949e-01, 1.209953e-05, 6.148281e-13, 1.749133e-01, 2.319841e-07, 4.883358e-15, 2.869100e-01, 2.998904e-02, 3.099005e-04, 1.527050e-07, 2.914268e-08, 2.992321e-06, 1.469263e-07, 1.597352e-07, 1.181002e-09, 3.078214e-12, 1.897338e-08, 2.903595e-12, 1.362270e-08, 5.796122e-10, 3.850956e-08, 2.146086e-11, 8.396997e-08, 4.814648e-13, 5.807260e-15, 7.906362e-13, 3.028454e-13, 2.656443e-14, 2.872531e-16, 2.642159e-16, 7.339968e-17, 3.256062e-20, 1.362649e-02, 4.598905e+00, 3.101207e+02, 3.136121e+02
6.630000e-01, 1.858021e+00, 1.130973e+00, 1.017876e-01, 1.130973e+00, 2.807700e-01, 1.314957e-01, 6.715000e+03, 1.674102e+03, 2.501106e+04, 1.674102e+03, 4.700004e+06, 3.466806e-03, 5.044173e-01, 1.200490e-05, 6.039482e-13, 1.748909e-01, 2.296414e-07, 4.795595e-15, 2.868873e-01, 3.001169e-02, 3.100502e-04, 1.515828e-07, 2.918896e-08, 2.992681e-06, 1.461447e-07, 1.598674e-07, 1.179018e-09, 3.051624e-12, 1.885097e-08, 2.860346e-12, 1.344721e-08, 5.793761e-10, 3.832631e-08, 2.118789e-11, 8.398428e-08, 4.777567e-13, 5.729984e-15, 7.798020e-13, 2.986365e-13, 2.604417e-14, 2.833832e-16, 2.589912e-16, 7.143621e-17, 2.478511e-20, 1.362650e-02, 4.601145e+00, 3.102688e+02, 3.137595e+02
6.750000e-01, 1.900771e+00, 1.130973e+00, 1.017876e-01, 1.130973e+00, 2.806334e-01, 1.314957e-01, 6.373854e+03, 1.673288e+03, 2.501106e+04, 1.673288e+03, 4.700004e+06, 3.466809e-03, 5.044394e-01, 1.191104e-05, 5.932675e-13, 1.748687e-01, 2.273233e-07, 4.709442e-15, 2.868645e-01, 3.003439e-02, 3.103932e-04, 1.505628e-07, 2.924072e-08, 2.993041e-06, 1.453674e-07, 1.599991e-07, 1.178879e-09, 3.029297e-12, 1.875515e-08, 2.821275e-12, 1.329076e-08, 5.794967e-10, 3.816774e-08, 2.093139e-11, 8.399865e-08, 4.748025e-13, 5.663524e-15, 7.705203e-13, 2.950137e-13, 2.557804e-14, 2.803131e-16, 2.551241e-16, 6.990641e-17, 2.606944e-20, 1.362651e-02, 4.603386e+00, 3.106102e+02, 3.141004e+02
6.870000e-01, 1.943542e+00, 1.130973e+00, 1.017876e-01, 1.130973e+00, 2.804968e-01, 1.314957e-01, 7.726490e+03, 1.672475e+03, 2.501106e+04, 1.672475e+03, 4.700004e+06, 3.466813e-03, 5.044612e-01, 1.181792e-05, 5.827788e-13, 1.748467e-01, 2.250291e-07, 4.624866e-15, 2.868416e-01, 3.005714e-02, 3.109097e-04, 1.496332e-07, 2.929729e-08, 2.993401e-06, 1.445941e-07, 1.601312e-07, 1.179954e-09, 3.010423e-12, 1.867999e-08, 2.785850e-12, 1.315077e-08, 5.799421e-10, 3.803084e-08, 2.068950e-11, 8.401308e-08, 4.727115e-13, 5.607513e-15, 7.626336e-13, 2.919292e-13, 2.516407e-14, 2.780495e-16, 2.517946e-16, 6.851749e-17, 2.994847e-20, 1.362652e-02, 4.605628e+00, 3.111254e+02, 3.146151e+02
6.990000e-01, 1.986334e+00, 1.130973e+00, 1.017876e-01, 1.130973e+00, 2.803602e-01, 1.314957e-01, 7.084960e+03, 1.671664e+03, 2.501106e+04, 1.671664e+03, 4.700004e+06, 3.466817e-03, 5.044827e-01, 1.172552e-05, 5.724762e-13, 1.748248e-01, 2.227585e-07, 4.541811e-15, 2.868185e-01, 3.007995e-02, 3.115827e-04, 1.487836e-07, 2.935816e-08, 2.993761e-06, 1.438248e-07, 1.602636e-07, 1.181979e-09, 2.994433e-12, 1.862196e-08, 2.753525e-12, 1.302479e-08, 5.806773e-10, 3.791334e-08, 2.046058e-11, 8.402757e-08, 4.713753e-13, 5.560207e-15, 7.559530e-13, 2.893104e-13, 2.479231e-14, 2.760309e-16, 2.485745e-16, 6.717404e-17, 2.583817e-20, 1.362654e-02, 4.607871e+00, 3.117971e+02, 3.152864e+02
7.110000e-01, 2.029146e+00, 1.130973e+00, 1.017876e-01, 1.130973e+00, 2.802237e-01, 1.314957e-01, 6.937965e+03, 1.670853e+03, 2.501106e+04, 1.670853e+03, 4.700004e+06, 3.466823e-03, 5.045039e-01, 1.163384e-05, 5.623578e-13, 1.748031e-01, 2.205109e-07, 4.460257e-15, 2.867954e-01, 3.010281e-02, 3.123966e-04, 1.480049e-07, 2.942294e-08, 2.994121e-06, 1.430595e-07, 1.603960e-07, 1.185260e-09, 2.981291e-12, 1.858170e-08, 2.723989e-12, 1.291151e-08, 5.816716e-10, 3.781299e-08, 2.024314e-11, 8.404211e-08, 4.705965e-13, 5.520471e-15, 7.503121e-13, 2.870869e-13, 2.445832e-14, 2.746254e-16, 2.461657e-16, 6.607118e-17, 2.402089e-20, 1.362656e-02, 4.610115e+00, 3.126099e+02, 3.160988e+02
7.230000e-01, 2.071979e+00, 1.130973e+00, 1.017876e-01, 1.130973e+00, 2.800873e-01, 1.314957e-01, 6.897340e+03, 1.670042e+03, 2.501106e+04, 1.670042e+03, 4.700004e+06, 3.466830e-03, 5.045250e-01, 1.154287e-05, 5.524185e-13, 1.747816e-01, 2.182859e-07, 4.380167e-15, 2.867722e-01, 3.012571e-02, 3.133379e-04, 1.472889e-07, 2.949124e-08, 2.994481e-06, 1.422981e-07, 1.605285e-07, 1.189532e-09, 2.970579e-12, 1.855643e-08, 2.696902e-12, 1.280938e-08, 5.829006e-10, 3.772790e-08, 2.003595e-11, 8.405668e-08, 4.703750e-13, 5.487576e-15, 7.456007e-13, 2.852196e-13, 2.415764e-14, 2.737100e-16, 2.442172e-16, 6.509821e-17, 2.314907e-20, 1.362659e-02, 4.612361e+00, 3.135503e+02, 3.170389e+02
7.350000e-01, 2.114834e+00, 1.130973e+00, 1.017876e-01, 1.130973e+00, 2.799509e-01, 1.314957e-01, 7.552201e+03, 1.669233e+03, 2.501106e+04, 1.669233e+03, 4.700004e+06, 3.466837e-03, 5.045458e-01, 1.145258e-05, 5.426541e-13, 1.747601e-01, 2.160832e-07, 4.301510e-15, 2.867488e-01, 3.014867e-02, 3.143951e-04, 1.466289e-07, 2.956270e-08, 2.994840e-06, 1.415405e-07, 1.606612e-07, 1.194688e-09, 2.962046e-12, 1.854462e-08, 2.672010e-12, 1.271723e-08, 5.843427e-10, 3.765638e-08, 1.983792e-11, 8.407130e-08, 4.706813e-13, 5.460920e-15, 7.417238e-13, 2.836730e-13, 2.388709e-14, 2.733298e-16, 2.426655e-16, 6.422645e-17, 2.622757e-20, 1.362662e-02, 4.614608e+00, 3.146067e+02, 3.180949e+02
7.470000e-01, 2.157709e+00, 1.130973e+00, 1.017876e-01, 1.130973e+00, 2.798146e-01, 1.314957e-01, 7.886482e+03, 1.668424e+03, 2.501106e+04, 1.668424e+03, 4.700004e+06, 3.466845e-03, 5.045665e-01, 1.136298e-05, 5.330605e-13, 1.747388e-01, 2.139023e-07, 4.224251e-15, 2.867254e-01, 3.017167e-02, 3.155573e-04, 1.460184e-07, 2.963701e-08, 2.995200e-06, 1.407866e-07, 1.607942e-07, 1.200522e-09, 2.955334e-12, 1.854391e-08, 2.649004e-12, 1.263363e-08, 5.859766e-10, 3.759697e-08, 1.964804e-11, 8.408597e-08, 4.714598e-13, 5.439511e-15, 7.385704e-13, 2.824046e-13, 2.364163e-14, 2.732054e-16, 2.412778e-16, 6.340625e-17, 2.789339e-20, 1.362665e-02, 4.616856e+00, 3.157681e+02, 3.192560e+02
7.590000e-01, 2.200605e+00, 1.130973e+00, 1.017876e-01, 1.130973e+00, 2.796783e-01, 1.314957e-01, 8.044020e+03, 1.667615e+03, 2.501106e+04, 1.667615e+03, 4.700004e+06, 3.466854e-03, 5.045871e-01, 1.127404e-05, 5.236341e-13, 1.747175e-01, 2.117428e-07, 4.148357e-15, 2.867019e-01, 3.019473e-02, 3.168152e-04, 1.454520e-07, 2.971391e-08, 2.995560e-06, 1.400364e-07, 1.609274e-07, 1.207000e-09, 2.950261e-12, 1.855329e-08, 2.627673e-12, 1.255764e-08, 5.877843e-10, 3.754837e-08, 1.946547e-11, 8.410066e-08, 4.726552e-13, 5.422776e-15, 7.360591e-13, 2.813827e-13, 2.341847e-14, 2.733109e-16, 2.400678e-16, 6.264102e-17, 2.775360e-20, 1.362669e-02, 4.619106e+00, 3.170253e+02, 3.205129e+02
7.710000e-01, 2.243522e+00, 1.130973e+00, 1.017876e-01, 1.130973e+00, 2.795420e-01, 1.314957e-01, 8.116091e+03, 1.666807e+03, 2.501106e+04, 1.666807e+03, 4.700004e+06, 3.466864e-03, 5.046075e-01, 1.118577e-05, 5.143719e-13, 1.746963e-01, 2.096044e-07, 4.073802e-15, 2.866784e-01, 3.021783e-02, 3.181604e-04, 1.449248e-07, 2.979320e-08, 2.995920e-06, 1.392899e-07, 1.610606e-07, 1.214222e-09, 2.946738e-12, 1.857255e-08, 2.607836e-12, 1.248844e-08, 5.897488e-10, 3.750943e-08, 1.928944e-11, 8.411539e-08, 4.741741e-13, 5.410154e-15, 7.341097e-13, 2.805745e-13, 2.321509e-14, 2.736559e-16, 2.392274e-16, 6.198741e-17, 2.499187e-20, 1.362672e-02, 4.621358e+00, 3.183699e+02, 3.218573e+02
7.830000e-01, 2.286459e+00, 1.130973e+00, 1.017876e-01, 1.130973e+00, 2.794058e-01, 1.314957e-01, 8.294791e+03, 1.666000e+03, 2.501106e+04, 1.666000e+03, 4.700004e+06, 3.466874e-03, 5.046278e-01, 1.109814e-05, 5.052701e-13, 1.746752e-01, 2.074867e-07, 4.000559e-15, 2.866547e-01, 3.024097e-02, 3.195853e-04, 1.444325e-07, 2.987465e-08, 2.996281e-06, 1.385469e-07, 1.611939e-07, 1.222110e-09, 2.944593e-12, 1.860063e-08, 2.589319e-12, 1.242529e-08, 5.918566e-10, 3.747906e-08, 1.911928e-11, 8.413015e-08, 4.760206e-13, 5.401311e-15, 7.326677e-13, 2.799603e-13, 2.302925e-14, 2.743133e-16, 2.386695e-16, 6.140682e-17, 2.310659e-20, 1.362676e-02, 4.623612e+00, 3.197943e+02, 3.232815e+02
7.950000e-01, 2.329418e+00, 1.130973e+00, 1.017876e-01, 1.130973e+00, 2.792695e-01, 1.314957e-01, 8.649346e+03, 1.665192e+03, 2.501106e+04, 1.665192e+03, 4.700004e+06, 3.466884e-03, 5.046479e-01, 1.101115e-05, 4.963255e-13, 1.746541e-01, 2.053895e-07, 3.928601e-15, 2.866310e-01, 3.026416e-02, 3.210835e-04, 1.439712e-07, 2.995809e-08, 2.996641e-06, 1.378075e-07, 1.613275e-07, 1.230626e-09, 2.943693e-12, 1.863678e-08, 2.571978e-12, 1.236753e-08, 5.940956e-10, 3.745636e-08, 1.895441e-11, 8.414494e-08, 4.781729e-13, 5.395890e-15, 7.316813e-13, 2.795205e-13, 2.285906e-14, 2.753073e-16, 2.383799e-16, 6.089073e-17, 2.388165e-20, 1.362680e-02, 4.625867e+00, 3.212920e+02, 3.247790e+02
8.070000e-01, 2.372398e+00, 1.130973e+00, 1.017876e-01, 1.130973e+00, 2.791333e-01, 1.314957e-01, 8.629272e+03, 1.664386e+03, 2.501106e+04, 1.664386e+03, 4.700004e+06, 3.466895e-03, 5.046680e-01, 1.092480e-05, 4.875345e-13, 1.746331e-01, 2.033124e-07, 3.857900e-15, 2.866072e-01, 3.028740e-02, 3.226490e-04, 1.435375e-07, 3.004331e-08, 2.997002e-06, 1.370715e-07, 1.614613e-07, 1.239496e-09, 2.943773e-12, 1.867897e-08, 2.555665e-12, 1.231440e-08, 5.964545e-10, 3.744050e-08, 1.879430e-11, 8.415976e-08, 4.806319e-13, 5.393328e-15, 7.310961e-13, 2.792349e-13, 2.270216e-14, 2.764299e-16, 2.380825e-16, 6.037710e-17, 2.617725e-20, 1.362685e-02, 4.628124e+00, 3.228571e+02, 3.263439e+02
8.190000e-01, 2.415399e+00, 1.130973e+00, 1.017876e-01, 1.130973e+00, 2.789972e-01, 1.314957e-01, 8.381212e+03, 1.663579e+03, 2.501106e+04, 1.663579e+03, 4.700004e+06, 3.466907e-03, 5.046880e-01, 1.083908e-05, 4.788942e-13, 1.746121e-01, 2.012552e-07, 3.788433e-15, 2.865833e-01, 3.031069e-02, 3.242766e-04, 1.431284e-07, 3.013019e-08, 2.997363e-06, 1.363390e-07, 1.615954e-07, 1.248724e-09, 2.944744e-12, 1.872674e-08, 2.540268e-12, 1.226540e-08, 5.989234e-10, 3.743078e-08, 1.863850e-11, 8.417461e-08, 4.833688e-13, 5.393357e-15, 7.308708e-13, 2.790875e-13, 2.255711e-14, 2.776929e-16, 2.378039e-16, 5.987019e-17, 3.011440e-20, 1.362689e-02, 4.630383e+00, 3.244842e+02, 3.279709e+02
8.310000e-01, 2.458420e+00, 1.130973e+00, 1.017876e-01, 1.130973e+00, 2.788610e-01, 1.314957e-01, 8.164031e+03, 1.662773e+03, 2.501106e+04, 1.662773e+03, 4.700004e+06, 3.466919e-03, 5.047080e-01, 1.075397e-05, 4.704025e-13, 1.745912e-01, 1.992176e-07, 3.720178e-15, 2.865594e-01, 3.033402e-02, 3.259615e-04, 1.427413e-07, 3.021861e-08, 2.997724e-06, 1.356100e-07, 1.617297e-07, 1.258403e-09, 2.946577e-12, 1.878017e-08, 2.525689e-12, 1.222013e-08, 6.014926e-10, 3.742655e-08, 1.848660e-11, 8.418948e-08, 4.863301e-13, 5.395748e-15, 7.309653e-13, 2.790621e-13, 2.242274e-14, 2.791080e-16, 2.376730e-16, 5.940417e-17, 3.373773e-20, 1.362694e-02, 4.632643e+00, 3.261687e+02, 3.296553e+02
8.430000e-01, 2.501463e+00, 1.130973e+00, 1.017876e-01, 1.130973e+00, 2.787249e-01, 1.314957e-01, 8.530950e+03, 1.661967e+03, 2.501106e+04, 1.661967e+03, 4.700004e+06, 3.466931e-03, 5.047279e-01, 1.066948e-05, 4.620576e-13, 1.745702e-01, 1.971995e-07, 3.653117e-15, 2.865354e-01, 3.035739e-02, 3.276994e-04, 1.423737e-07, 3.030850e-08, 2.998085e-06, 1.348843e-07, 1.618638e-07, 1.268800e-09, 2.949345e-12, 1.884023e-08, 2.511849e-12, 1.217830e-08, 6.041524e-10, 3.742723e-08, 1.833821e-11, 8.420437e-08, 4.894229e-13, 5.400369e-15, 7.313410e-13, 2.791419e-13, 2.229828e-14, 2.807415e-16, 2.380159e-16, 5.906518e-17, 3.297248e-20, 1.362699e-02, 4.634906e+00, 3.279063e+02, 3.313927e+02
8.550000e-01, 2.544527e+00, 1.130973e+00, 1.017876e-01, 1.130973e+00, 2.785888e-01, 1.314957e-01, 9.169316e+03, 1.661162e+03, 2.501106e+04, 1.661162e+03, 4.700004e+06, 3.466943e-03, 5.047477e-01, 1.058560e-05, 4.538563e-13, 1.745493e-01, 1.952005e-07, 3.587226e-15, 2.865113e-01, 3.038081e-02, 3.294866e-04, 1.420235e-07, 3.039975e-08, 2.998446e-06, 1.341621e-07, 1.619979e-07, 1.279750e-09, 2.952890e-12, 1.890572e-08, 2.498664e-12, 1.213949e-08, 6.068964e-10, 3.743231e-08, 1.819304e-11, 8.421928e-08, 4.926681e-13, 5.406955e-15, 7.319713e-13, 2.793175e-13, 2.218245e-14, 2.825418e-16, 2.386526e-16, 5.880456e-17, 2.912129e-20, 1.362704e-02, 4.637171e+00, 3.296933e+02, 3.331796e+02
8.670000e-01, 2.587612e+00, 1.130973e+00, 1.017876e-01, 1.130973e+00, 2.784527e-01, 1.314957e-01, 9.530718e+03, 1.660356e+03, 2.501106e+04, 1.660356e+03, 4.700004e+06, 3.466956e-03, 5.047674e-01, 1.050233e-05, 4.457951e-13, 1.745285e-01, 1.932206e-07, 3.522480e-15, 2.864872e-01, 3.040427e-02, 3.313198e-04, 1.416890e-07, 3.049221e-08, 2.998807e-06, 1.334432e-07, 1.621323e-07, 1.290988e-09, 2.957009e-12, 1.897498e-08, 2.486053e-12, 1.210324e-08, 6.097196e-10, 3.744132e-08, 1.805081e-11, 8.423421e-08, 4.961205e-13, 5.415241e-15, 7.328357e-13, 2.795831e-13, 2.207394e-14, 2.844536e-16, 2.392822e-16, 5.853921e-17, 2.535288e-20, 1.362709e-02, 4.639437e+00, 3.315263e+02, 3.350125e+02
8.790000e-01, 2.630717e+00, 1.130973e+00, 1.017876e-01, 1.130973e+00, 2.783166e-01, 1.314957e-01, 9.544815e+03, 1.659551e+03, 2.501106e+04, 1.659551e+03, 4.700004e+06, 3.466969e-03, 5.047872e-01, 1.041965e-05, 4.378712e-13, 1.745076e-01, 1.912594e-07, 3.458859e-15, 2.864630e-01, 3.042778e-02, 3.331960e-04, 1.413683e-07, 3.058582e-08, 2.999169e-06, 1.327276e-07, 1.622670e-07, 1.302526e-09, 2.961656e-12, 1.904781e-08, 2.473951e-12, 1.206930e-08, 6.126165e-10, 3.745383e-08, 1.791127e-11, 8.424916e-08, 4.997798e-13, 5.425118e-15, 7.339137e-13, 2.799311e-13, 2.197195e-14, 2.865525e-16, 2.399154e-16, 5.826378e-17, 2.296882e-20, 1.362714e-02, 4.641706e+00, 3.334022e+02, 3.368883e+02
8.910000e-01, 2.673844e+00, 1.130973e+00, 1.017876e-01, 1.130973e+00, 2.781805e-01, 1.314957e-01, 9.224971e+03, 1.658746e+03, 2.501106e+04, 1.658746e+03, 4.700004e+06, 3.466983e-03, 5.048069e-01, 1.033756e-05, 4.300822e-13, 1.744868e-01, 1.893167e-07, 3.396342e-15, 2.864388e-01, 3.045133e-02, 3.351123e-04, 1.410600e-07, 3.068048e-08, 2.999531e-06, 1.320153e-07, 1.624021e-07, 1.314282e-09, 2.966745e-12, 1.912357e-08, 2.462300e-12, 1.203737e-08, 6.155820e-10, 3.746945e-08, 1.777420e-11, 8.426414e-08, 5.036432e-13, 5.436378e-15, 7.351831e-13, 2.803531e-13, 2.187565e-14, 2.888109e-16, 2.404867e-16, 5.796265e-17, 2.308489e-20, 1.362719e-02, 4.643976e+00, 3.353183e+02, 3.388043e+02
9.030000e-01, 2.716992e+00, 1.130973e+00, 1.017876e-01, 1.130973e+00, 2.780444e-01, 1.314957e-01, 9.210101e+03, 1.657941e+03, 2.501106e+04, 1.657941e+03, 4.700004e+06, 3.466996e-03, 5.048265e-01, 1.025606e-05, 4.224266e-13, 1.744659e-01, 1.873923e-07, 3.334912e-15, 2.864145e-01, 3.047493e-02, 3.370663e-04, 1.407625e-07, 3.077615e-08, 2.999894e-06, 1.313063e-07, 1.625373e-07, 1.326281e-09, 2.972256e-12, 1.920224e-08, 2.451055e-12, 1.200724e-08, 6.186102e-10, 3.748788e-08, 1.763937e-11, 8.427914e-08, 5.076392e-13, 5.448754e-15, 7.366121e-13, 2.808351e-13, 2.178441e-14, 2.911119e-16, 2.411070e-16, 5.768258e-17, 2.342571e-20, 1.362725e-02, 4.646249e+00, 3.372721e+02, 3.407581e+02
9.150000e-01, 2.760161e+00, 1.130973e+00, 1.017876e-01, 1.130973e+00, 2.779084e-01, 1.314957e-01, 9.175334e+03, 1.657137e+03, 2.501106e+04, 1.657137e+03, 4.700004e+06, 3.467010e-03, 5.048461e-01, 1.017513e-05, 4.149011e-13, 1.744451e-01, 1.854860e-07, 3.274547e-15, 2.863901e-01, 3.049857e-02, 3.390556e-04, 1.404747e-07, 3.087273e-08, 3.000257e-06, 1.306005e-07, 1.626729e-07, 1.338262e-09, 2.978012e-12, 1.928232e-08, 2.440155e-12, 1.197858e-08, 6.216979e-10, 3.750877e-08, 1.750657e-11, 8.429416e-08, 5.118151e-13, 5.461984e-15, 7.381832e-13, 2.813719e-13, 2.169720e-14, 2.934102e-16, 2.415085e-16, 5.735274e-17, 2.895046e-20, 1.362730e-02, 4.648524e+00, 3.392613e+02, 3.427472e+02
9.270000e-01, 2.803352e+00, 1.130973e+00, 1.017876e-01, 1.130973e+00, 2.777723e-01, 1.314957e-01, 9.187672e+03, 1.656332e+03, 2.501106e+04, 1.656332e+03, 4.700004e+06, 3.467025e-03, 5.048657e-01, 1.009478e-05, 4.075034e-13, 1.744243e-01, 1.835976e-07, 3.215228e-15, 2.863657e-01, 3.052226e-02, 3.410782e-04, 1.401952e-07, 3.097016e-08, 3.000621e-06, 1.298979e-07, 1.628089e-07, 1.350146e-09, 2.983938e-12, 1.936324e-08, 2.429555e-12, 1.195116e-08, 6.248411e-10, 3.753183e-08, 1.737564e-11, 8.430921e-08, 5.161599e-13, 5.475880e-15, 7.398767e-13, 2.819558e-13, 2.161335e-14, 2.956481e-16, 2.416410e-16, 5.696499e-17, 4.073479e-20, 1.362736e-02, 4.650800e+00, 3.412837e+02, 3.447696e+02
9.390000e-01, 2.846563e+00, 1.130973e+00, 1.017876e-01, 1.130973e+00, 2.776363e-01, 1.314957e-01, 9.500139e+03, 1.655528e+03, 2.501106e+04, 1.655528e+03, 4.700004e+06, 3.467039e-03, 5.048853e-01, 1.001501e-05, 4.002327e-13, 1.744035e-01, 1.817271e-07, 3.156941e-15, 2.863412e-01, 3.054599e-02, 3.431325e-04, 1.399236e-07, 3.106849e-08, 3.000984e-06, 1.291985e-07, 1.629449e-07, 1.362507e-09, 2.990293e-12, 1.944758e-08, 2.419247e-12, 1.192509e-08, 6.280346e-10, 3.755691e-08, 1.724651e-11, 8.432427e-08, 5.205766e-13, 5.490827e-15, 7.416905e-13, 2.825843e-13, 2.153351e-14, 2.980041e-16, 2.420434e-16, 5.664380e-17, 5.000174e-20, 1.362741e-02, 4.653079e+00, 3.433379e+02, 3.468237e+02
9.510000e-01, 2.889796e+00, 1.130973e+00, 1.017876e-01, 1.130973e+00, 2.775003e-01, 1.314957e-01, 1.034117e+04, 1.654724e+03, 2.501106e+04, 1.654724e+03, 4.700004e+06, 3.467054e-03, 5.049049e-01, 9.935799e-06, 3.930872e-13, 1.743826e-01, 1.798742e-07, 3.099669e-15, 2.863167e-01, 3.056977e-02, 3.452166e-04, 1.396586e-07, 3.116767e-08, 3.001348e-06, 1.285023e-07, 1.630808e-07, 1.375338e-09, 2.997039e-12, 1.953513e-08, 2.409189e-12, 1.190016e-08, 6.312743e-10, 3.758377e-08, 1.711901e-11, 8.433934e-08, 5.250311e-13, 5.506671e-15, 7.436041e-13, 2.832491e-13, 2.145717e-14, 3.004041e-16, 2.427439e-16, 5.640410e-17, 5.656936e-20, 1.362747e-02, 4.655360e+00, 3.454219e+02, 3.489077e+02
9.630000e-01, 2.933050e+00, 1.130973e+00, 1.017876e-01, 1.130973e+00, 2.773642e-01, 1.314957e-01, 1.201805e+04, 1.653920e+03, 2.501106e+04, 1.653920e+03, 4.700004e+06, 3.467068e-03, 5.049244e-01, 9.857162e-06, 3.860656e-13, 1.743618e-01, 1.780388e-07, 3.043398e-15, 2.862921e-01, 3.059359e-02, 3.473291e-04, 1.393996e-07, 3.126772e-08, 3.001711e-06, 1.278094e-07, 1.632164e-07, 1.388944e-09, 3.004301e-12, 1.962718e-08, 2.399361e-12, 1.187635e-08, 6.345557e-10, 3.761221e-08, 1.699303e-11, 8.435441e-08, 5.294466e-13, 5.523527e-15, 7.456052e-13, 2.839441e-13, 2.138445e-14, 3.028809e-16, 2.440551e-16, 5.632535e-17, 5.535498e-20, 1.362753e-02, 4.657643e+00, 3.475343e+02, 3.510200e+02
9.750000e-01, 2.976325e+00, 1.130973e+00, 1.017876e-01, 1.130973e+00, 2.772282e-01, 1.314957e-01, 1.254698e+04, 1.653116e+03, 2.501106e+04, 1.653116e+03, 4.700004e+06, 3.467083e-03, 5.049440e-01, 9.779081e-06, 3.791631e-13, 1.743410e-01, 1.762207e-07, 2.988099e-15, 2.862675e-01, 3.061745e-02, 3.494687e-04, 1.391458e-07, 3.136851e-08, 3.002075e-06, 1.271196e-07, 1.633522e-07, 1.402828e-09, 3.011822e-12, 1.972129e-08, 2.389757e-12, 1.185351e-08, 6.378803e-10, 3.764202e-08, 1.686846e-11, 8.436950e-08, 5.340104e-13, 5.541190e-15, 7.477108e-13, 2.846796e-13, 2.131428e-14, 3.055052e-16, 2.453512e-16, 5.622726e-17, 5.227922e-20, 1.362759e-02, 4.659929e+00, 3.496738e+02, 3.531596e+02
9.870000e-01, 3.019621e+00, 1.130973e+00, 1.017876e-01, 1.130973e+00, 2.770922e-01, 1.314957e-01, 1.178405e+04, 1.652312e+03, 2.501106e+04, 1.652312e+03, 4.700004e+06, 3.467098e-03, 5.049635e-01, 9.701556e-06, 3.723784e-13, 1.743201e-01, 1.744196e-07, 2.933757e-15, 2.862428e-01, 3.064135e-02, 3.516342e-04, 1.388965e-07, 3.147005e-08, 3.002439e-06, 1.264330e-07, 1.634881e-07, 1.417324e-09, 3.019745e-12, 1.981889e-08, 2.380367e-12, 1.183169e-08, 6.412443e-10, 3.767303e-08, 1.674519e-11, 8.438460e-08, 5.386686e-13, 5.559859e-15, 7.499182e-13, 2.854537e-13, 2.124686e-14, 3.083636e-16, 2.469291e-16, 5.617821e-17, 4.114398e-20, 1.362765e-02, 4.662216e+00, 3.518393e+02, 3.553251e+02
9.990000e-01, 3.062938e+00, 1.130973e+00, 1.017876e-01, 1.130973e+00, 2.769562e-01, 1.314957e-01, 8.585091e+03, 1.651508e+03, 2.501106e+04, 1.651508e+03, 4.700004e+06, 3.467114e-03, 5.049830e-01, 9.624580e-06, 3.657084e-13, 1.742993e-01, 1.726353e-07, 2.880351e-15, 2.862181e-01, 3.066530e-02, 3.538245e-04, 1.386512e-07, 3.157231e-08, 3.002804e-06, 1.257496e-07, 1.636241e-07, 1.432492e-09, 3.028085e-12, 1.992017e-08, 2.371195e-12, 1.181091e-08, 6.446462e-10, 3.770507e-08, 1.662313e-11, 8.439970e-08, 5.434703e-13, 5.579650e-15, 7.522385e-13, 2.862717e-13, 2.118202e-14, 3.115795e-16, 2.487481e-16, 5.615015e-17, 1.912219e-20, 1.362771e-02, 4.664505e+00, 3.540295e+02, 3.575153e+02
1.011000e+00, 3.106277e+00, 1.130973e+00, 1.017876e-01, 1.130973e+00, 2.768202e-01, 1.314957e-01, 5.829356e+03, 1.650705e+03, 2.501106e+04, 1.650705e+03, 4.700004e+06, 3.467129e-03, 5.050025e-01, 9.548147e-06, 3.591521e-13, 1.742784e-01, 1.708678e-07, 2.827874e-15, 2.861933e-01, 3.068929e-02, 3.560386e-04, 1.384092e-07, 3.167520e-08, 3.003169e-06, 1.250692e-07, 1.637605e-07, 1.447755e-09, 3.036526e-12, 2.002234e-08, 2.362144e-12, 1.179060e-08, 6.480852e-10, 3.773800e-08, 1.650221e-11, 8.441483e-08, 5.484033e-13, 5.599792e-15, 7.546207e-13, 2.871133e-13, 2.111839e-14, 3.148909e-16, 2.504510e-16, 5.608861e-17, -3.302818e-21, 1.362777e-02, 4.666797e+00, 3.562436e+02, 3.597294e+02
1.023000e+00, 3.149637e+00, 1.130973e+00, 1.017876e-01, 1.130973e+00, 2.766842e-01, 1.314957e-01, 4.383421e+03, 1.649901e+03, 2.501106e+04, 1.649901e+03, 4.700004e+06, 3.467145e-03, 5.050220e-01, 9.472250e-06, 3.527072e-13, 1.742575e-01, 1.691167e-07, 2.776311e-15, 2.861685e-01, 3.071333e-02, 3.582757e-04, 1.381700e-07, 3.177866e-08, 3.003534e-06, 1.243918e-07, 1.638974e-07, 1.462723e-09, 3.044855e-12, 2.012346e-08, 2.353160e-12, 1.177045e-08, 6.515609e-10, 3.777167e-08, 1.638237e-11, 8.442999e-08, 5.535158e-13, 5.619856e-15, 7.570443e-13, 2.879711e-13, 2.105498e-14, 3.182200e-16, 2.517072e-16, 5.591926e-17, -2.046808e-20, 1.362783e-02, 4.669091e+00, 3.584806e+02, 3.619664e+02
1.035000e+00, 3.193019e+00, 1.130973e+00, 1.017876e-01, 1.130973e+00, 2.765482e-01, 1.314957e-01, 5.324965e+03, 1.649097e+03, 2.501106e+04, 1.649097e+03, 4.700004e+06, 3.467161e-03, 5.050415e-01, 9.396879e-06, 3.463713e-13, 1.742366e-01, 1.673819e-07, 2.725649e-15, 2.861436e-01, 3.073742e-02, 3.605349e-04, 1.379330e-07, 3.188260e-08, 3.003901e-06, 1.237173e-07, 1.640354e-07, 1.476863e-09, 3.052786e-12, 2.022095e-08, 2.344181e-12, 1.175006e-08, 6.550737e-10, 3.780592e-08, 1.626354e-11, 8.444519e-08, 5.588748e-13, 5.639288e-15, 7.594847e-13, 2.888367e-13, 2.099050e-14, 3.214610e-16, 2.520677e-16, 5.554092e-17, -2.454885e-20, 1.362789e-02, 4.671387e+00, 3.607398e+02, 3.642256e+02
1.047000e+00, 3.236421e+00, 1.130973e+00, 1.017876e-01, 1.130973e+00, 2.764122e-01, 1.314957e-01, 8.405890e+03, 1.648294e+03, 2.501106e+04, 1.648294e+03, 4.700004e+06, 3.467177e-03, 5.050610e-01, 9.322045e-06, 3.401439e-13, 1.742157e-01, 1.656635e-07, 2.675877e-15, 2.861186e-01, 3.076155e-02, 3.628155e-04, 1.376980e-07, 3.198705e-08, 3.004269e-06, 1.230458e-07, 1.641740e-07, 1.490424e-09, 3.060435e-12, 2.031593e-08, 2.335221e-12, 1.172950e-08, 6.586202e-10, 3.784072e-08, 1.614569e-11, 8.446043e-08, 5.643590e-13, 5.658236e-15, 7.619254e-13, 2.897022e-13, 2.092568e-14, 3.245453e-16, 2.518818e-16, 5.505168e-17, -1.481649e-20, 1.362795e-02, 4.673686e+00, 3.630203e+02, 3.665061e+02
1.059000e+00, 3.279845e+00, 1.130973e+00, 1.017876e-01, 1.130973e+00, 2.762762e-01, 1.314957e-01, 1.326312e+04, 1.647491e+03, 2.501106e+04, 1.647491e+03, 4.700004e+06, 3.467193e-03, 5.050805e-01, 9.247765e-06, 3.340255e-13, 1.741948e-01, 1.639618e-07, 2.626985e-15, 2.860936e-01, 3.078573e-02, 3.651167e-04, 1.374651e-07, 3.209209e-08, 3.004637e-06, 1.223776e-07, 1.643126e-07, 1.503864e-09, 3.068026e-12, 2.041051e-08, 2.326315e-12, 1.170897e-08, 6.621959e-10, 3.787608e-08, 1.602883e-11, 8.447567e-08, 5.697799e-13, 5.677021e-15, 7.643481e-13, 2.905586e-13, 2.086181e-14, 3.273886e-16, 2.517393e-16, 5.461299e-17, 8.430570e-21, 1.362802e-02, 4.675986e+00, 3.653214e+02, 3.688073e+02
1.071000e+00, 3.323291e+00, 1.130973e+00, 1.017876e-01, 1.130973e+00, 2.761402e-01, 1.314957e-01, 2.149070e+04, 1.646688e+03, 2.501106e+04, 1.646688e+03, 4.700004e+06, 3.467209e-03, 5.051001e-01, 9.174045e-06, 3.280157e-13, 1.741739e-01, 1.622768e-07, 2.578968e-15, 2.860685e-01, 3.080995e-02, 3.674378e-04, 1.372341e-07, 3.219771e-08, 3.005004e-06, 1.217128e-07, 1.644510e-07, 1.516947e-09, 3.075428e-12, 2.050354e-08, 2.317426e-12, 1.168821e-08, 6.657985e-10, 3.791197e-08, 1.591295e-11, 8.449091e-08, 5.750421e-13, 5.695264e-15, 7.667094e-13, 2.913879e-13, 2.079869e-14, 3.297552e-16, 2.516380e-16, 5.425517e-17, 5.442505e-20, 1.362808e-02, 4.678289e+00, 3.676425e+02, 3.711284e+02
1.083000e+00, 3.366758e+00, 1.130973e+00, 1.017876e-01, 1.130973e+00, 2.760043e-01, 1.314957e-01, 3.003049e+04, 1.645885e+03, 2.501106e+04, 1.645885e+03, 4.700004e+06, 3.467225e-03, 5.051196e-01, 9.100881e-06, 3.221121e-13, 1.741529e-01, 1.606083e-07, 2.531799e-15, 2.860434e-01, 3.083421e-02, 3.697784e-04, 1.370046e-07, 3.230395e-08, 3.005372e-06, 1.210513e-07, 1.645889e-07, 1.530171e-09, 3.082882e-12, 2.059726e-08, 2.308587e-12, 1.166748e-08, 6.694253e-10, 3.794833e-08, 1.579798e-11, 8.450615e-08, 5.800953e-13, 5.713476e-15, 7.690300e-13, 2.921979e-13, 2.073708e-14, 3.317347e-16, 2.519578e-16, 5.405584e-17, 1.179076e-19, 1.362814e-02, 4.680593e+00, 3.699830e+02, 3.734689e+02
1.095000e+00, 3.410246e+00, 1.130973e+00, 1.017876e-01, 1.130973e+00, 2.758684e-01, 1.314957e-01, 2.785795e+04, 1.645082e+03, 2.501106e+04, 1.645082e+03, 4.700004e+06, 3.467242e-03, 5.051391e-01, 9.028221e-06, 3.163062e-13, 1.741319e-01, 1.589550e-07, 2.485413e-15, 2.860183e-01, 3.085850e-02, 3.721377e-04, 1.367762e-07, 3.241087e-08, 3.005739e-06, 1.203928e-07, 1.647264e-07, 1.544688e-09, 3.090952e-12, 2.069690e-08, 2.299892e-12, 1.164762e-08, 6.730755e-10, 3.798499e-08, 1.568376e-11, 8.452138e-08, 5.851517e-13, 5.733202e-15, 7.714441e-13, 2.930442e-13, 2.067777e-14, 3.339940e-16, 2.530526e-16, 5.399545e-17, 1.726397e-19, 1.362821e-02, 4.682899e+00, 3.723423e+02, 3.758283e+02
1.107000e+00, 3.453756e+00, 1.130973e+00, 1.017876e-01, 1.130973e+00, 2.757325e-01, 1.314957e-01, 9.928791e+03, 1.644280e+03, 2.501106e+04, 1.644280e+03, 4.700004e+06, 3.467258e-03, 5.051586e-01, 8.956065e-06, 3.105957e-13, 1.741110e-01, 1.573166e-07, 2.439782e-15, 2.859931e-01, 3.088284e-02, 3.745154e-04, 1.365487e-07, 3.251860e-08, 3.006106e-06, 1.197373e-07, 1.648628e-07, 1.561471e-09, 3.100120e-12, 2.080693e-08, 2.291417e-12, 1.162918e-08, 6.767444e-10, 3.802198e-08, 1.557025e-11, 8.453657e-08, 5.900803e-13, 5.755424e-15, 7.739864e-13, 2.939391e-13, 2.062256e-14, 3.366752e-16, 2.557293e-16, 5.425031e-17, 2.084705e-19, 1.362827e-02, 4.685206e+00, 3.747200e+02, 3.782060e+02
1.119000e+00, 3.497287e+00, 1.130973e+00, 1.017876e-01, 1.130973e+00, 2.755966e-01, 1.314957e-01, -2.816447e+04, 1.643477e+03, 2.501106e+04, 1.643477e+03, 4.700004e+06, 3.467275e-03, 5.051781e-01, 8.884384e-06, 3.049765e-13, 1.740900e-01, 1.556923e-07, 2.394870e-15, 2.859679e-01, 3.090721e-02, 3.769109e-04, 1.363216e-07, 3.262719e-08, 3.006472e-06, 1.190847e-07, 1.649978e-07, 1.581486e-09, 3.110852e-12, 2.093173e-08, 2.283232e-12, 1.161276e-08, 6.804296e-10, 3.805917e-08, 1.545731e-11, 8.455172e-08, 5.949585e-13, 5.781240e-15, 7.767383e-13, 2.949153e-13, 2.057233e-14, 3.402001e-16, 2.604463e-16, 5.487085e-17, 2.051111e-19, 1.362834e-02, 4.687516e+00, 3.771155e+02, 3.806016e+02
1.131000e+00, 3.540840e+00, 1.130973e+00, 1.017876e-01, 1.130973e+00, 2.754606e-01, 1.314957e-01, -4.935261e+04, 1.642674e+03, 2.501106e+04, 1.642674e+03, 4.700004e+06, 3.467292e-03, 5.051976e-01, 8.813147e-06, 2.994556e-13, 1.740690e-01, 1.540824e-07, 2.350777e-15, 2.859426e-01, 3.093164e-02, 3.793241e-04, 1.360930e-07, 3.273629e-08, 3.006837e-06, 1.184342e-07, 1.651339e-07, 1.602064e-09, 3.121722e-12, 2.105857e-08, 2.275024e-12, 1.159635e-08, 6.841402e-10, 3.809607e-08, 1.534489e-11, 8.456691e-08, 6.002622e-13, 5.807382e-15, 7.795858e-13, 2.959296e-13, 2.052025e-14, 3.443049e-16, 2.647781e-16, 5.532815e-17, 1.716166e-19, 1.362841e-02, 4.689830e+00, 3.795287e+02, 3.830149e+02
1.143000e+00, 3.584414e+00, 1.130973e+00, 1.017876e-01, 1.130973e+00, 2.753244e-01, 1.314957e-01, -5.391028e+04, 1.641870e+03, 2.501106e+04, 1.641870e+03, 4.700004e+06, 3.467309e-03, 5.052172e-01, 8.742305e-06, 2.940289e-13, 1.740479e-01, 1.524857e-07, 2.307480e-15, 2.859172e-01, 3.095614e-02, 3.817546e-04, 1.358619e-07, 3.284589e-08, 3.007203e-06, 1.177853e-07, 1.652713e-07, 1.624032e-09, 3.133109e-12, 2.119107e-08, 2.266834e-12, 1.158043e-08, 6.878760e-10, 3.813244e-08, 1.523280e-11, 8.458216e-08, 6.062406e-13, 5.834806e-15, 7.826341e-13, 2.970250e-13, 2.046614e-14, 3.496007e-16, 2.688184e-16, 5.556137e-17, 7.902690e-20, 1.362847e-02, 4.692151e+00, 3.819593e+02, 3.854455e+02
1.155000e+00, 3.628010e+00, 1.130973e+00, 1.017876e-01, 1.130973e+00, 2.751879e-01, 1.314957e-01, -2.257733e+04, 1.641064e+03, 2.501106e+04, 1.641064e+03, 4.700004e+06, 3.467326e-03, 5.052368e-01, 8.671800e-06, 2.886970e-13, 1.740268e-01, 1.509014e-07, 2.265018e-15, 2.858917e-01, 3.098074e-02, 3.842023e-04, 1.356263e-07, 3.295582e-08, 3.007571e-06, 1.171371e-07, 1.654117e-07, 1.646568e-09, 3.144526e-12, 2.132511e-08, 2.258528e-12, 1.156430e-08, 6.916426e-10, 3.816784e-08, 1.512088e-11, 8.459753e-08, 6.133857e-13, 5.862498e-15, 7.859119e-13, 2.982154e-13, 2.040600e-14, 3.564728e-16, 2.712508e-16, 5.521122e-17, -9.209468e-20, 1.362854e-02, 4.694479e+00, 3.844070e+02, 3.878932e+02
1.167000e+00, 3.671627e+00, 1.130973e+00, 1.017876e-01, 1.130973e+00, 2.750516e-01, 1.314957e-01, -1.497176e+04, 1.640259e+03, 2.501106e+04, 1.640259e+03, 4.700004e+06, 3.467343e-03, 5.052565e-01, 8.601963e-06, 2.834538e-13, 1.740056e-01, 1.493348e-07, 2.223242e-15, 2.858662e-01, 3.100535e-02, 3.866662e-04, 1.353941e-07, 3.306610e-08, 3.007941e-06, 1.164940e-07, 1.655516e-07, 1.666093e-09, 3.154591e-12, 2.144596e-08, 2.250168e-12, 1.154671e-08, 6.954338e-10, 3.820384e-08, 1.501016e-11, 8.461288e-08, 6.199001e-13, 5.886867e-15, 7.888522e-13, 2.992685e-13, 2.034660e-14, 3.616938e-16, 2.729582e-16, 5.495010e-17, -2.037314e-19, 1.362861e-02, 4.696805e+00, 3.868710e+02, 3.903573e+02
1.179000e+00, 3.715266e+00, 1.130973e+00, 1.017876e-01, 1.130973e+00, 2.749155e-01, 1.314957e-01, -1.156107e+04, 1.639456e+03, 2.501106e+04, 1.639456e+03, 4.700004e+06, 3.467360e-03, 5.052761e-01, 8.532764e-06, 2.783002e-13, 1.739845e-01, 1.477858e-07, 2.182188e-15, 2.858406e-01, 3.103001e-02, 3.891463e-04, 1.351640e-07, 3.317651e-08, 3.008315e-06, 1.158553e-07, 1.656928e-07, 1.681119e-09, 3.162519e-12, 2.154655e-08, 2.241592e-12, 1.152664e-08, 6.992561e-10, 3.824009e-08, 1.490056e-11, 8.462828e-08, 6.261863e-13, 5.906192e-15, 7.914229e-13, 3.001737e-13, 2.028376e-14, 3.653497e-16, 2.723781e-16, 5.440476e-17, -2.627424e-19, 1.362868e-02, 4.699131e+00, 3.893510e+02, 3.928374e+02
1.191000e+00, 3.758926e+00, 1.130973e+00, 1.017876e-01, 1.130973e+00, 2.747796e-01, 1.314957e-01, -1.597687e+04, 1.638654e+03, 2.501106e+04, 1.638654e+03, 4.700004e+06, 3.467378e-03, 5.052957e-01, 8.464301e-06, 2.732354e-13, 1.739633e-01, 1.462559e-07, 2.141842e-15, 2.858151e-01, 3.105469e-02, 3.916423e-04, 1.349379e-07, 3.328684e-08, 3.008694e-06, 1.152223e-07, 1.658354e-07, 1.688956e-09, 3.167078e-12, 2.161496e-08, 2.232678e-12, 1.150269e-08, 7.031137e-10, 3.827688e-08, 1.479241e-11, 8.464374e-08, 6.319298e-13, 5.917569e-15, 7.933819e-13, 3.008342e-13, 2.021622e-14, 3.662963e-16, 2.684324e-16, 5.349170e-17, -2.224989e-19, 1.362874e-02, 4.701454e+00, 3.918469e+02, 3.953334e+02
1.203000e+00, 3.802609e+00, 1.130973e+00, 1.017876e-01, 1.130973e+00, 2.746437e-01, 1.314957e-01, -1.457251e+04, 1.637851e+03, 2.501106e+04, 1.637851e+03, 4.700004e+06, 3.467395e-03, 5.053153e-01, 8.396234e-06, 2.682629e-13, 1.739421e-01, 1.447389e-07, 2.102242e-15, 2.857894e-01, 3.107942e-02, 3.941540e-04, 1.347090e-07, 3.339789e-08, 3.009070e-06, 1.145910e-07, 1.659771e-07, 1.699246e-09, 3.172602e-12, 2.169355e-08, 2.223767e-12, 1.147934e-08, 7.069832e-10, 3.831324e-08, 1.468446e-11, 8.465918e-08, 6.375642e-13, 5.931544e-15, 7.954588e-13, 3.015433e-13, 2.015013e-14, 3.677238e-16, 2.660666e-16, 5.283331e-17, -1.655200e-19, 1.362881e-02, 4.703781e+00, 3.943585e+02, 3.978451e+02
1.215000e+00, 3.846312e+00, 1.130973e+00, 1.017876e-01, 1.130973e+00, 2.745076e-01, 1.314956e-01, -6.610120e+03, 1.637048e+03, 2.501106e+04, 1.637048e+03, 4.700004e+06, 3.467413e-03, 5.053350e-01, 8.328516e-06, 2.633830e-13, 1.739209e-01, 1.432339e-07, 2.063389e-15, 2.857637e-01, 3.110420e-02, 3.966811e-04, 1.344764e-07, 3.350978e-08, 3.009442e-06, 1.139610e-07, 1.661176e-07, 1.713400e-09, 3.179708e-12, 2.178846e-08, 2.214895e-12, 1.145718e-08, 7.108599e-10, 3.834901e-08, 1.457650e-11, 8.467459e-08, 6.430669e-13, 5.949674e-15, 7.977425e-13, 3.023369e-13, 2.008656e-14, 3.699885e-16, 2.661364e-16, 5.255951e-17, -9.319654e-20, 1.362888e-02, 4.706112e+00, 3.968856e+02, 4.003722e+02
1.227000e+00, 3.890038e+00, 1.130973e+00, 1.017876e-01, 1.130973e+00, 2.743715e-01, 1.314956e-01, 4.331884e+03, 1.636245e+03, 2.501106e+04, 1.636245e+03, 4.700004e+06, 3.467431e-03, 5.053546e-01, 8.261199e-06, 2.585949e-13, 1.738997e-01, 1.417418e-07, 2.025270e-15, 2.857380e-01, 3.112901e-02, 3.992234e-04, 1.342411e-07, 3.362241e-08, 3.009809e-06, 1.133328e-07, 1.662567e-07, 1.729984e-09, 3.187737e-12, 2.189329e-08, 2.205989e-12, 1.143541e-08, 7.147451e-10, 3.838434e-08, 1.446871e-11, 8.468995e-08, 6.482106e-13, 5.970421e-15, 8.000920e-13, 3.031589e-13, 2.002500e-14, 3.724048e-16, 2.681622e-16, 5.265447e-17, 2.583459e-20, 1.362895e-02, 4.708446e+00, 3.994278e+02, 4.029145e+02
1.239000e+00, 3.933785e+00, 1.130973e+00, 1.017876e-01, 1.130973e+00, 2.742355e-01, 1.314956e-01, 2.354891e+04, 1.635442e+03, 2.501106e+04, 1.635442e+03, 4.700004e+06, 3.467449e-03, 5.053743e-01, 8.194442e-06, 2.538924e-13, 1.738785e-01, 1.402656e-07, 1.987848e-15, 2.857122e-01, 3.115386e-02, 4.017803e-04, 1.340055e-07, 3.373561e-08, 3.010178e-06, 1.127082e-07, 1.663960e-07, 1.748219e-09, 3.196487e-12, 2.200511e-08, 2.197324e-12, 1.141487e-08, 7.186459e-10, 3.841951e-08, 1.436182e-11, 8.470532e-08, 6.537078e-13, 5.992535e-15, 8.026008e-13, 3.040426e-13, 1.996473e-14, 3.754438e-16, 2.705283e-16, 5.274662e-17, 1.365633e-19, 1.362902e-02, 4.710782e+00, 4.019847e+02, 4.054715e+02
1.251000e+00, 3.977554e+00, 1.130973e+00, 1.017876e-01, 1.130973e+00, 2.740995e-01, 1.314956e-01, 5.227788e+04, 1.634640e+03, 2.501106e+04, 1.634640e+03, 4.700004e+06, 3.467467e-03, 5.053939e-01, 8.128232e-06, 2.492748e-13, 1.738572e-01, 1.388049e-07, 1.951118e-15, 2.856864e-01, 3.117875e-02, 4.043517e-04, 1.337695e-07, 3.384943e-08, 3.010546e-06, 1.120870e-07, 1.665352e-07, 1.768932e-09, 3.206334e-12, 2.212753e-08, 2.188945e-12, 1.139600e-08, 7.225593e-10, 3.845446e-08, 1.425579e-11, 8.472067e-08, 6.595671e-13, 6.016897e-15, 8.053259e-13, 3.050107e-13, 1.990650e-14, 3.793169e-16, 2.736975e-16, 5.290544e-17, 2.380835e-19, 1.362909e-02, 4.713119e+00, 4.045561e+02, 4.080430e+02
1.263000e+00, 4.021344e+00, 1.130973e+00, 1.017876e-01, 1.130973e+00, 2.739636e-01, 1.314957e-01, 9.206618e+04, 1.633838e+03, 2.501106e+04, 1.633838e+03, 4.700004e+06, 3.467485e-03, 5.054136e-01, 8.062568e-06, 2.447413e-13, 1.738359e-01, 1.373598e-07, 1.915074e-15, 2.856606e-01, 3.120365e-02, 4.069372e-04, 1.335328e-07, 3.396394e-08, 3.010915e-06, 1.114691e-07, 1.666743e-07, 1.792829e-09, 3.217608e-12, 2.226369e-08, 2.180915e-12, 1.137924e-08, 7.264831e-10, 3.848915e-08, 1.415063e-11, 8.473601e-08, 6.658492e-13, 6.044231e-15, 8.083270e-13, 3.060868e-13, 1.985098e-14, 3.842550e-16, 2.779793e-16, 5.316785e-17, 3.254941e-19, 1.362916e-02, 4.715457e+00, 4.071416e+02, 4.106286e+02
1.275000e+00, 4.065157e+00, 1.130973e+00, 1.017876e-01, 1.130973e+00, 2.738278e-01, 1.314957e-01, 9.290121e+04, 1.633037e+03, 2.501106e+04, 1.633037e+03, 4.700004e+06, 3.467503e-03, 5.054333e-01, 7.997407e-06, 2.402735e-13, 1.738147e-01, 1.359281e-07, 1.879546e-15, 2.856347e-01, 3.122859e-02, 4.095368e-04, 1.332971e-07, 3.407867e-08, 3.011288e-06, 1.108551e-07, 1.668142e-07, 1.815118e-09, 3.228148e-12, 2.239277e-08, 2.172711e-12, 1.136134e-08, 7.304354e-10, 3.852380e-08, 1.404596e-11, 8.475138e-08, 6.724958e-13, 6.069431e-15, 8.112434e-13, 3.071247e-13, 1.979257e-14, 3.891638e-16, 2.807696e-16, 5.317267e-17, 3.612499e-19, 1.362923e-02, 4.717795e+00, 4.097412e+02, 4.132283e+02
1.287000e+00, 4.108991e+00, 1.130973e+00, 1.017876e-01, 1.130973e+00, 2.736922e-01, 1.314957e-01, 6.136677e+04, 1.632236e+03, 2.501106e+04, 1.632236e+03, 4.700004e+06, 3.467521e-03, 5.054529e-01, 7.932770e-06, 2.358712e-13, 1.737934e-01, 1.345105e-07, 1.844539e-15, 2.856088e-01, 3.125355e-02, 4.121501e-04, 1.330626e-07, 3.419369e-08, 3.011665e-06, 1.102451e-07, 1.669549e-07, 1.836785e-09, 3.238428e-12, 2.251919e-08, 2.164470e-12, 1.134311e-08, 7.344135e-10, 3.855840e-08, 1.394192e-11, 8.476677e-08, 6.796552e-13, 6.093468e-15, 8.141739e-13, 3.081632e-13, 1.973227e-14, 3.944127e-16, 2.823898e-16, 5.294112e-17, 3.371811e-19, 1.362931e-02, 4.720133e+00, 4.123545e+02, 4.158417e+02
1.299000e+00, 4.152846e+00, 1.130973e+00, 1.017876e-01, 1.130973e+00, 2.735568e-01, 1.314957e-01, -4.939871e+03, 1.631437e+03, 2.501106e+04, 1.631437e+03, 4.700004e+06, 3.467539e-03, 5.054726e-01, 7.868648e-06, 2.315319e-13, 1.737721e-01, 1.331064e-07, 1.810029e-15, 2.855828e-01, 3.127854e-02, 4.147769e-04, 1.328290e-07, 3.430894e-08, 3.012047e-06, 1.096390e-07, 1.670967e-07, 1.857141e-09, 3.248129e-12, 2.263990e-08, 2.156127e-12, 1.132409e-08, 7.384193e-10, 3.859291e-08, 1.383845e-11, 8.478221e-08, 6.873221e-13, 6.115586e-15, 8.170651e-13, 3.091809e-13, 1.966927e-14, 3.998610e-16, 2.824595e-16, 5.241823e-17, 2.426827e-19, 1.362938e-02, 4.722470e+00, 4.149814e+02, 4.184687e+02
1.311000e+00, 4.196724e+00, 1.130973e+00, 1.017876e-01, 1.130973e+00, 2.734210e-01, 1.314957e-01, -6.134896e+03, 1.630636e+03, 2.501106e+04, 1.630636e+03, 4.700004e+06, 3.467558e-03, 5.054923e-01, 7.804849e-06, 2.272925e-13, 1.737508e-01, 1.317146e-07, 1.776355e-15, 2.855568e-01, 3.130363e-02, 4.174177e-04, 1.325882e-07, 3.442459e-08, 3.012423e-06, 1.090332e-07, 1.672388e-07, 1.874615e-09, 3.256068e-12, 2.274620e-08, 2.147360e-12, 1.130200e-08, 7.424361e-10, 3.862602e-08, 1.373497e-11, 8.479770e-08, 6.940202e-13, 6.134607e-15, 8.195069e-13, 3.100275e-13, 1.960296e-14, 4.038256e-16, 2.823920e-16, 5.202298e-17, 1.560897e-19, 1.362945e-02, 4.724815e+00, 4.176222e+02, 4.211096e+02
1.323000e+00, 4.240623e+00, 1.130973e+00, 1.017876e-01, 1.130973e+00, 2.732850e-01, 1.314957e-01, 3.388924e+04, 1.629834e+03, 2.501106e+04, 1.629834e+03, 4.700004e+06, 3.467576e-03, 5.055121e-01, 7.741398e-06, 2.231430e-13, 1.737293e-01, 1.303350e-07, 1.743427e-15, 2.855306e-01, 3.132881e-02, 4.200723e-04, 1.323417e-07, 3.454051e-08, 3.012797e-06, 1.084283e-07, 1.673817e-07, 1.888600e-09, 3.262048e-12, 2.283575e-08, 2.138144e-12, 1.127667e-08, 7.464696e-10, 3.865791e-08, 1.363152e-11, 8.481326e-08, 7.000118e-13, 6.149766e-15, 8.215054e-13, 3.107028e-13, 1.953238e-14, 4.064293e-16, 2.814370e-16, 5.160803e-17, 5.004652e-20, 1.362952e-02, 4.727167e+00, 4.202767e+02, 4.237642e+02
1.335000e+00, 4.284545e+00, 1.130973e+00, 1.017876e-01, 1.130973e+00, 2.731486e-01, 1.314957e-01, 1.083326e+04, 1.629029e+03, 2.501106e+04, 1.629029e+03, 4.700004e+06, 3.467595e-03, 5.055319e-01, 7.678156e-06, 2.190280e-13, 1.737078e-01, 1.289615e-07, 1.710751e-15, 2.855044e-01, 3.135409e-02, 4.227405e-04, 1.320920e-07, 3.465710e-08, 3.013172e-06, 1.078244e-07, 1.675240e-07, 1.899742e-09, 3.266409e-12, 2.291083e-08, 2.128550e-12, 1.124853e-08, 7.505136e-10, 3.868917e-08, 1.352808e-11, 8.482883e-08, 7.045873e-13, 6.162597e-15, 8.230534e-13, 3.112140e-13, 1.946019e-14, 4.069366e-16, 2.809323e-16, 5.140054e-17, -3.490303e-20, 1.362960e-02, 4.729527e+00, 4.229448e+02, 4.264324e+02
