Distance_PFRC7_(m), Plug_flow_residence_time_PFRC7_(sec), Internal_surface_area_per_unit_distance_PFRC7_(m), Cross-section_area_PFRC7_(m2), External_surface_area_per_unit_distance_PFRC7_(m), Velocity_PFRC7_(m/sec), Exit_mass_flow_rate_PFRC7_(kg/sec), Volumetric_heat_production_rate_PFRC7_(J/m3-sec), Surface_temperature_PFRC7_(K), Temperature_PFRC7_(K), Pressure_PFRC7_(Pa), Mass_fraction_H2_PFRC7_(), Mass_fraction_H_PFRC7_(), Mass_fraction_OH_PFRC7_(), Mass_fraction_H2O_PFRC7_(), Mass_fraction_CH3_PFRC7_(), Mass_fraction_CH4_PFRC7_(), Mass_fraction_CO_PFRC7_(), Mass_fraction_CO2_PFRC7_(), Mass_fraction_HCO_PFRC7_(), Mass_fraction_CH2O_PFRC7_(), Mass_fraction_CH3OH_PFRC7_(), Mass_fraction_C2H2_PFRC7_(), Mass_fraction_C2H3_PFRC7_(), Mass_fraction_C2H4_PFRC7_(), Mass_fraction_C2H5_PFRC7_(), Mass_fraction_C2H6_PFRC7_(), Mass_fraction_CH2CO_PFRC7_(), Mass_fraction_HCCOH_PFRC7_(), Mass_fraction_N2_PFRC7_(), Mass_fraction_CH3CHO_PFRC7_(), Molecular_weight_PFRC7_(kg/mole), Mass_density_PFRC7_(kg/m3), Unburned_hydrocarbons_PFRC7_(ppm), Volatile_organic_compounds_PFRC7_(ppm)
0.000000e+00, 0.000000e+00, 2.896647e+00, 6.677000e-01, 2.896647e+00, 1.952789e-01, 8.578851e-01, 3.087980e+08, 1.644510e+03, 1.644510e+03, 4.700000e+06, 2.944665e-02, 3.671718e-07, 3.157106e-07, 2.868885e-01, 6.619048e-06, 1.321839e-02, 4.306157e-01, 2.348796e-01, 1.349195e-07, 3.076554e-06, 6.449520e-07, 2.520157e-04, 3.685326e-08, 2.216012e-04, 4.604190e-08, 8.605170e-06, 2.192469e-06, 8.509738e-08, 4.455469e-03, 3.244935e-08, 1.914105e-02, 6.579494e+00, 1.646337e+04, 1.646791e+04
1.000000e-04, 5.120843e-04, 2.896647e+00, 6.677000e-01, 2.896647e+00, 1.952801e-01, 8.578851e-01, -6.865023e+05, 1.644530e+03, 1.644530e+03, 4.700000e+06, 2.943640e-02, 3.516690e-07, 2.880577e-07, 2.869634e-01, 6.014147e-06, 1.322821e-02, 4.307697e-01, 2.346673e-01, 1.331860e-07, 3.028376e-06, 5.949154e-07, 2.261230e-04, 3.031766e-08, 2.316338e-04, 4.490339e-08, 9.195303e-06, 2.043391e-06, 6.588391e-08, 4.455469e-03, 3.238877e-08, 1.914117e-02, 6.579452e+00, 1.645079e+04, 1.645511e+04
2.000000e-04, 1.024172e-03, 2.896647e+00, 6.677000e-01, 2.896647e+00, 1.952775e-01, 8.578851e-01, -1.050476e+06, 1.644498e+03, 1.644498e+03, 4.700000e+06, 2.942868e-02, 3.512396e-07, 2.877854e-07, 2.870277e-01, 6.012267e-06, 1.323715e-02, 4.309067e-01, 2.344811e-01, 1.330793e-07, 3.028340e-06, 5.947757e-07, 2.164828e-04, 2.935021e-08, 2.250616e-04, 4.373608e-08, 9.045337e-06, 2.033049e-06, 6.307246e-08, 4.455469e-03, 3.223001e-08, 1.914104e-02, 6.579539e+00, 1.643801e+04, 1.644232e+04
3.000000e-04, 1.536268e-03, 2.896647e+00, 6.677000e-01, 2.896647e+00, 1.952747e-01, 8.578851e-01, -1.195851e+06, 1.644458e+03, 1.644458e+03, 4.700000e+06, 2.942247e-02, 3.507898e-07, 2.874706e-07, 2.870826e-01, 6.008620e-06, 1.324366e-02, 4.310291e-01, 2.343179e-01, 1.329631e-07, 3.028210e-06, 5.944695e-07, 2.089975e-04, 2.841913e-08, 2.183526e-04, 4.254086e-08, 8.888155e-06, 2.024301e-06, 6.089344e-08, 4.455469e-03, 3.208986e-08, 1.914085e-02, 6.579635e+00, 1.642524e+04, 1.642955e+04
4.000000e-04, 2.048371e-03, 2.896647e+00, 6.677000e-01, 2.896647e+00, 1.952717e-01, 8.578851e-01, -1.299158e+06, 1.644414e+03, 1.644414e+03, 4.700000e+06, 2.941752e-02, 3.503682e-07, 2.871590e-07, 2.871295e-01, 6.004221e-06, 1.324798e-02, 4.311387e-01, 2.341745e-01, 1.328550e-07, 3.028058e-06, 5.940889e-07, 2.025937e-04, 2.760031e-08, 2.124194e-04, 4.148343e-08, 8.748338e-06, 2.016459e-06, 5.902624e-08, 4.455469e-03, 3.196607e-08, 1.914063e-02, 6.579734e+00, 1.641251e+04, 1.641680e+04
5.000000e-04, 2.560482e-03, 2.896647e+00, 6.677000e-01, 2.896647e+00, 1.952687e-01, 8.578851e-01, -1.379755e+06, 1.644367e+03, 1.644367e+03, 4.700000e+06, 2.941365e-02, 3.499750e-07, 2.868538e-07, 2.871694e-01, 5.999253e-06, 1.325042e-02, 4.312372e-01, 2.340484e-01, 1.327554e-07, 3.027891e-06, 5.936504e-07, 1.970478e-04, 2.688466e-08, 2.072301e-04, 4.055802e-08, 8.625459e-06, 2.009374e-06, 5.740587e-08, 4.455469e-03, 3.185630e-08, 1.914038e-02, 6.579835e+00, 1.639981e+04, 1.640409e+04
6.000000e-04, 3.072600e-03, 2.896647e+00, 6.677000e-01, 2.896647e+00, 1.952657e-01, 8.578851e-01, -1.446892e+06, 1.644317e+03, 1.644317e+03, 4.700000e+06, 2.941070e-02, 3.496079e-07, 2.865558e-07, 2.872032e-01, 5.993836e-06, 1.325127e-02, 4.313262e-01, 2.339372e-01, 1.326635e-07, 3.027712e-06, 5.931654e-07, 1.922021e-04, 2.625939e-08, 2.027045e-04, 3.975025e-08, 8.517778e-06, 2.002911e-06, 5.598680e-08, 4.455469e-03, 3.175806e-08, 1.914010e-02, 6.579937e+00, 1.638713e+04, 1.639141e+04
7.000000e-04, 3.584727e-03, 2.896647e+00, 6.677000e-01, 2.896647e+00, 1.952627e-01, 8.578851e-01, -1.501864e+06, 1.644265e+03, 1.644265e+03, 4.700000e+06, 2.940858e-02, 3.492639e-07, 2.862641e-07, 2.872316e-01, 5.988028e-06, 1.325072e-02, 4.314066e-01, 2.338394e-01, 1.325785e-07, 3.027525e-06, 5.926394e-07, 1.879764e-04, 2.571340e-08, 1.987618e-04, 3.904547e-08, 8.423412e-06, 1.996995e-06, 5.474618e-08, 4.455469e-03, 3.166995e-08, 1.913979e-02, 6.580040e+00, 1.637449e+04, 1.637876e+04
8.000000e-04, 4.096862e-03, 2.896647e+00, 6.677000e-01, 2.896647e+00, 1.952596e-01, 8.578851e-01, -1.546185e+06, 1.644212e+03, 1.644212e+03, 4.700000e+06, 2.940722e-02, 3.489413e-07, 2.859783e-07, 2.872549e-01, 5.981865e-06, 1.324888e-02, 4.314791e-01, 2.337539e-01, 1.324997e-07, 3.027329e-06, 5.920761e-07, 1.843179e-04, 2.524004e-08, 1.953539e-04, 3.843505e-08, 8.341254e-06, 1.991580e-06, 5.366896e-08, 4.455469e-03, 3.159111e-08, 1.913947e-02, 6.580142e+00, 1.636187e+04, 1.636613e+04
9.000000e-04, 4.609004e-03, 2.896647e+00, 6.677000e-01, 2.896647e+00, 1.952566e-01, 8.578851e-01, -1.582409e+06, 1.644157e+03, 1.644157e+03, 4.700000e+06, 2.940647e-02, 3.486361e-07, 2.856977e-07, 2.872742e-01, 5.975431e-06, 1.324602e-02, 4.315451e-01, 2.336784e-01, 1.324261e-07, 3.027126e-06, 5.914837e-07, 1.811097e-04, 2.482454e-08, 1.923737e-04, 3.789984e-08, 8.268843e-06, 1.986564e-06, 5.272159e-08, 4.455469e-03, 3.151959e-08, 1.913913e-02, 6.580245e+00, 1.634929e+04, 1.635354e+04
1.000000e-03, 5.121155e-03, 2.896647e+00, 6.677000e-01, 2.896647e+00, 1.952535e-01, 8.578851e-01, -1.611802e+06, 1.644101e+03, 1.644101e+03, 4.700000e+06, 2.940626e-02, 3.483463e-07, 2.854216e-07, 2.872900e-01, 5.968766e-06, 1.324228e-02, 4.316054e-01, 2.336119e-01, 1.323568e-07, 3.026918e-06, 5.908663e-07, 1.782923e-04, 2.445905e-08, 1.897626e-04, 3.742957e-08, 8.204842e-06, 1.981893e-06, 5.188695e-08, 4.455469e-03, 3.145444e-08, 1.913877e-02, 6.580348e+00, 1.633673e+04, 1.634098e+04
1.100000e-03, 5.633314e-03, 2.896647e+00, 6.677000e-01, 2.896647e+00, 1.952505e-01, 8.578851e-01, -1.635165e+06, 1.644043e+03, 1.644043e+03, 4.700000e+06, 2.940654e-02, 3.480705e-07, 2.851498e-07, 2.873024e-01, 5.961894e-06, 1.323775e-02, 4.316605e-01, 2.335535e-01, 1.322916e-07, 3.026705e-06, 5.902264e-07, 1.758301e-04, 2.413894e-08, 1.874867e-04, 3.701820e-08, 8.148472e-06, 1.977538e-06, 5.115484e-08, 4.455469e-03, 3.139507e-08, 1.913840e-02, 6.580450e+00, 1.632420e+04, 1.632844e+04
1.200000e-03, 6.145480e-03, 2.896647e+00, 6.677000e-01, 2.896647e+00, 1.952475e-01, 8.578851e-01, -1.653625e+06, 1.643985e+03, 1.643985e+03, 4.700000e+06, 2.940723e-02, 3.478065e-07, 2.848816e-07, 2.873120e-01, 5.954860e-06, 1.323257e-02, 4.317111e-01, 2.335019e-01, 1.322298e-07, 3.026489e-06, 5.895685e-07, 1.736597e-04, 2.385596e-08, 1.854851e-04, 3.665496e-08, 8.098343e-06, 1.973442e-06, 5.050697e-08, 4.455469e-03, 3.134045e-08, 1.913802e-02, 6.580552e+00, 1.631170e+04, 1.631594e+04
1.300000e-03, 6.657654e-03, 2.896647e+00, 6.677000e-01, 2.896647e+00, 1.952445e-01, 8.578851e-01, -1.667789e+06, 1.643927e+03, 1.643927e+03, 4.700000e+06, 2.940829e-02, 3.475533e-07, 2.846169e-07, 2.873191e-01, 5.947683e-06, 1.322680e-02, 4.317577e-01, 2.334566e-01, 1.321709e-07, 3.026269e-06, 5.888944e-07, 1.717534e-04, 2.360658e-08, 1.837320e-04, 3.633530e-08, 8.053868e-06, 1.969582e-06, 4.993538e-08, 4.455469e-03, 3.129014e-08, 1.913764e-02, 6.580653e+00, 1.629923e+04, 1.630346e+04
1.400000e-03, 7.169837e-03, 2.896647e+00, 6.677000e-01, 2.896647e+00, 1.952415e-01, 8.578851e-01, -1.678346e+06, 1.643868e+03, 1.643868e+03, 4.700000e+06, 2.940968e-02, 3.473095e-07, 2.843554e-07, 2.873241e-01, 5.940387e-06, 1.322053e-02, 4.318008e-01, 2.334167e-01, 1.321147e-07, 3.026047e-06, 5.882069e-07, 1.700739e-04, 2.338601e-08, 1.821921e-04, 3.605300e-08, 8.014245e-06, 1.965924e-06, 4.942932e-08, 4.455469e-03, 3.124352e-08, 1.913724e-02, 6.580753e+00, 1.628679e+04, 1.629102e+04
1.500000e-03, 7.682027e-03, 2.896647e+00, 6.677000e-01, 2.896647e+00, 1.952385e-01, 8.578851e-01, -1.685884e+06, 1.643808e+03, 1.643808e+03, 4.700000e+06, 2.941134e-02, 3.470739e-07, 2.840966e-07, 2.873271e-01, 5.932995e-06, 1.321384e-02, 4.318409e-01, 2.333816e-01, 1.320608e-07, 3.025823e-06, 5.875082e-07, 1.685883e-04, 2.319003e-08, 1.808344e-04, 3.580258e-08, 7.978767e-06, 1.962441e-06, 4.897931e-08, 4.455469e-03, 3.120007e-08, 1.913684e-02, 6.580853e+00, 1.627437e+04, 1.627860e+04
1.600000e-03, 8.194225e-03, 2.896647e+00, 6.677000e-01, 2.896647e+00, 1.952356e-01, 8.578851e-01, -1.691172e+06, 1.643748e+03, 1.643748e+03, 4.700000e+06, 2.941324e-02, 3.468454e-07, 2.838404e-07, 2.873285e-01, 5.925528e-06, 1.320680e-02, 4.318783e-01, 2.333505e-01, 1.320088e-07, 3.025597e-06, 5.868005e-07, 1.672646e-04, 2.301468e-08, 1.796290e-04, 3.557887e-08, 7.946757e-06, 1.959105e-06, 4.857614e-08, 4.455469e-03, 3.115926e-08, 1.913643e-02, 6.580952e+00, 1.626199e+04, 1.626621e+04
1.700000e-03, 8.706430e-03, 2.896647e+00, 6.677000e-01, 2.896647e+00, 1.952327e-01, 8.578851e-01, -1.694787e+06, 1.643689e+03, 1.643689e+03, 4.700000e+06, 2.941533e-02, 3.466227e-07, 2.835864e-07, 2.873285e-01, 5.918009e-06, 1.319949e-02, 4.319135e-01, 2.333228e-01, 1.319584e-07, 3.025370e-06, 5.860863e-07, 1.660681e-04, 2.285547e-08, 1.785429e-04, 3.537608e-08, 7.917463e-06, 1.955885e-06, 4.820975e-08, 4.455469e-03, 3.112053e-08, 1.913602e-02, 6.581051e+00, 1.624963e+04, 1.625385e+04
1.800000e-03, 9.218643e-03, 2.896647e+00, 6.677000e-01, 2.896647e+00, 1.952298e-01, 8.578851e-01, -1.697320e+06, 1.643629e+03, 1.643629e+03, 4.700000e+06, 2.941756e-02, 3.464046e-07, 2.833343e-07, 2.873275e-01, 5.910462e-06, 1.319199e-02, 4.319470e-01, 2.332976e-01, 1.319091e-07, 3.025144e-06, 5.853680e-07, 1.649643e-04, 2.270805e-08, 1.775437e-04, 3.518852e-08, 7.890151e-06, 1.952750e-06, 4.787025e-08, 4.455469e-03, 3.108332e-08, 1.913560e-02, 6.581148e+00, 1.623730e+04, 1.624151e+04
1.900000e-03, 9.730864e-03, 2.896647e+00, 6.677000e-01, 2.896647e+00, 1.952269e-01, 8.578851e-01, -1.698999e+06, 1.643569e+03, 1.643569e+03, 4.700000e+06, 2.941990e-02, 3.461899e-07, 2.830838e-07, 2.873258e-01, 5.902900e-06, 1.318435e-02, 4.319794e-01, 2.332744e-01, 1.318608e-07, 3.024917e-06, 5.846473e-07, 1.639282e-04, 2.256921e-08, 1.766080e-04, 3.501204e-08, 7.864282e-06, 1.949680e-06, 4.755046e-08, 4.455469e-03, 3.104723e-08, 1.913519e-02, 6.581245e+00, 1.622500e+04, 1.622921e+04
2.000000e-03, 1.024309e-02, 2.896647e+00, 6.677000e-01, 2.896647e+00, 1.952240e-01, 8.578851e-01, -1.699639e+06, 1.643509e+03, 1.643509e+03, 4.700000e+06, 2.942236e-02, 3.459793e-07, 2.828350e-07, 2.873232e-01, 5.895313e-06, 1.317655e-02, 4.320102e-01, 2.332534e-01, 1.318135e-07, 3.024690e-06, 5.839229e-07, 1.629771e-04, 2.244115e-08, 1.757518e-04, 3.484949e-08, 7.840226e-06, 1.946690e-06, 4.725534e-08, 4.455469e-03, 3.101254e-08, 1.913477e-02, 6.581342e+00, 1.621272e+04, 1.621693e+04
2.100000e-03, 1.075533e-02, 2.896647e+00, 6.677000e-01, 2.896647e+00, 1.952212e-01, 8.578851e-01, -1.699253e+06, 1.643449e+03, 1.643449e+03, 4.700000e+06, 2.942495e-02, 3.457728e-07, 2.825880e-07, 2.873196e-01, 5.887701e-06, 1.316856e-02, 4.320395e-01, 2.332347e-01, 1.317672e-07, 3.024463e-06, 5.831950e-07, 1.621108e-04, 2.232385e-08, 1.749751e-04, 3.470084e-08, 7.817979e-06, 1.943779e-06, 4.698481e-08, 4.455469e-03, 3.097925e-08, 1.913435e-02, 6.581438e+00, 1.620048e+04, 1.620468e+04
2.200000e-03, 1.126757e-02, 2.896647e+00, 6.677000e-01, 2.896647e+00, 1.952184e-01, 8.578851e-01, -1.698465e+06, 1.643389e+03, 1.643389e+03, 4.700000e+06, 2.942760e-02, 3.455688e-07, 2.823423e-07, 2.873156e-01, 5.880089e-06, 1.316050e-02, 4.320679e-01, 2.332173e-01, 1.317216e-07, 3.024237e-06, 5.824665e-07, 1.612884e-04, 2.221215e-08, 1.742396e-04, 3.455945e-08, 7.796687e-06, 1.940911e-06, 4.672702e-08, 4.455469e-03, 3.094669e-08, 1.913393e-02, 6.581533e+00, 1.618826e+04, 1.619246e+04
2.300000e-03, 1.177982e-02, 2.896647e+00, 6.677000e-01, 2.896647e+00, 1.952156e-01, 8.578851e-01, -1.696963e+06, 1.643329e+03, 1.643329e+03, 4.700000e+06, 2.943035e-02, 3.453681e-07, 2.820981e-07, 2.873108e-01, 5.872465e-06, 1.315232e-02, 4.320952e-01, 2.332016e-01, 1.316769e-07, 3.024010e-06, 5.817358e-07, 1.605302e-04, 2.210861e-08, 1.735645e-04, 3.442865e-08, 7.776777e-06, 1.938106e-06, 4.648788e-08, 4.455469e-03, 3.091521e-08, 1.913351e-02, 6.581627e+00, 1.617607e+04, 1.618026e+04
2.400000e-03, 1.229208e-02, 2.896647e+00, 6.677000e-01, 2.896647e+00, 1.952128e-01, 8.578851e-01, -1.694910e+06, 1.643269e+03, 1.643269e+03, 4.700000e+06, 2.943318e-02, 3.451702e-07, 2.818553e-07, 2.873055e-01, 5.864834e-06, 1.314403e-02, 4.321215e-01, 2.331875e-01, 1.316328e-07, 3.023784e-06, 5.810037e-07, 1.598262e-04, 2.201195e-08, 1.729400e-04, 3.430674e-08, 7.758029e-06, 1.935353e-06, 4.626445e-08, 4.455469e-03, 3.088463e-08, 1.913308e-02, 6.581721e+00, 1.616390e+04, 1.616809e+04
2.500000e-03, 1.280434e-02, 2.896647e+00, 6.677000e-01, 2.896647e+00, 1.952100e-01, 8.578851e-01, -1.692659e+06, 1.643209e+03, 1.643209e+03, 4.700000e+06, 2.943605e-02, 3.449742e-07, 2.816137e-07, 2.872998e-01, 5.857210e-06, 1.313569e-02, 4.321472e-01, 2.331743e-01, 1.315893e-07, 3.023559e-06, 5.802717e-07, 1.591543e-04, 2.191942e-08, 1.723455e-04, 3.419012e-08, 7.739970e-06, 1.932634e-06, 4.605042e-08, 4.455469e-03, 3.085459e-08, 1.913266e-02, 6.581815e+00, 1.615176e+04, 1.615595e+04
2.600000e-03, 1.331662e-02, 2.896647e+00, 6.677000e-01, 2.896647e+00, 1.952072e-01, 8.578851e-01, -1.689993e+06, 1.643149e+03, 1.643149e+03, 4.700000e+06, 2.943900e-02, 3.447807e-07, 2.813733e-07, 2.872936e-01, 5.849585e-06, 1.312726e-02, 4.321719e-01, 2.331624e-01, 1.315463e-07, 3.023334e-06, 5.795388e-07, 1.585273e-04, 2.183262e-08, 1.717930e-04, 3.408090e-08, 7.722875e-06, 1.929959e-06, 4.584945e-08, 4.455469e-03, 3.082531e-08, 1.913223e-02, 6.581908e+00, 1.613965e+04, 1.614384e+04
2.700000e-03, 1.382890e-02, 2.896647e+00, 6.677000e-01, 2.896647e+00, 1.952045e-01, 8.578851e-01, -1.687120e+06, 1.643090e+03, 1.643090e+03, 4.700000e+06, 2.944198e-02, 3.445890e-07, 2.811340e-07, 2.872871e-01, 5.841967e-06, 1.311879e-02, 4.321962e-01, 2.331513e-01, 1.315038e-07, 3.023110e-06, 5.788063e-07, 1.579291e-04, 2.174950e-08, 1.712674e-04, 3.397642e-08, 7.706401e-06, 1.927315e-06, 4.565695e-08, 4.455469e-03, 3.079653e-08, 1.913181e-02, 6.582001e+00, 1.612757e+04, 1.613175e+04
2.800000e-03, 1.434118e-02, 2.896647e+00, 6.677000e-01, 2.896647e+00, 1.952018e-01, 8.578851e-01, -1.684073e+06, 1.643030e+03, 1.643030e+03, 4.700000e+06, 2.944500e-02, 3.443989e-07, 2.808957e-07, 2.872803e-01, 5.834360e-06, 1.311029e-02, 4.322198e-01, 2.331410e-01, 1.314617e-07, 3.022886e-06, 5.780743e-07, 1.573566e-04, 2.166966e-08, 1.707656e-04, 3.387615e-08, 7.690480e-06, 1.924699e-06, 4.547196e-08, 4.455469e-03, 3.076819e-08, 1.913138e-02, 6.582093e+00, 1.611551e+04, 1.611969e+04
2.900000e-03, 1.485348e-02, 2.896647e+00, 6.677000e-01, 2.896647e+00, 1.951990e-01, 8.578851e-01, -1.680774e+06, 1.642971e+03, 1.642971e+03, 4.700000e+06, 2.944807e-02, 3.442106e-07, 2.806586e-07, 2.872732e-01, 5.826761e-06, 1.310173e-02, 4.322429e-01, 2.331316e-01, 1.314200e-07, 3.022663e-06, 5.773425e-07, 1.568148e-04, 2.159374e-08, 1.702924e-04, 3.378092e-08, 7.675219e-06, 1.922116e-06, 4.529594e-08, 4.455469e-03, 3.074038e-08, 1.913096e-02, 6.582185e+00, 1.610348e+04, 1.610765e+04
3.000000e-03, 1.536578e-02, 2.896647e+00, 6.677000e-01, 2.896647e+00, 1.951963e-01, 8.578851e-01, -1.677481e+06, 1.642911e+03, 1.642911e+03, 4.700000e+06, 2.945115e-02, 3.440234e-07, 2.804223e-07, 2.872659e-01, 5.819178e-06, 1.309317e-02, 4.322657e-01, 2.331226e-01, 1.313785e-07, 3.022442e-06, 5.766121e-07, 1.562858e-04, 2.151947e-08, 1.698310e-04, 3.368779e-08, 7.660235e-06, 1.919549e-06, 4.512374e-08, 4.455469e-03, 3.071281e-08, 1.913053e-02, 6.582276e+00, 1.609147e+04, 1.609565e+04
3.100000e-03, 1.587809e-02, 2.896647e+00, 6.677000e-01, 2.896647e+00, 1.951936e-01, 8.578851e-01, -1.674057e+06, 1.642852e+03, 1.642852e+03, 4.700000e+06, 2.945426e-02, 3.438376e-07, 2.801870e-07, 2.872583e-01, 5.811608e-06, 1.308458e-02, 4.322880e-01, 2.331143e-01, 1.313374e-07, 3.022220e-06, 5.758826e-07, 1.557777e-04, 2.144789e-08, 1.693890e-04, 3.359812e-08, 7.645704e-06, 1.917007e-06, 4.495771e-08, 4.455469e-03, 3.068561e-08, 1.913011e-02, 6.582368e+00, 1.607950e+04, 1.608366e+04
3.200000e-03, 1.639040e-02, 2.896647e+00, 6.677000e-01, 2.896647e+00, 1.951909e-01, 8.578851e-01, -1.670522e+06, 1.642793e+03, 1.642793e+03, 4.700000e+06, 2.945739e-02, 3.436532e-07, 2.799526e-07, 2.872506e-01, 5.804051e-06, 1.307596e-02, 4.323100e-01, 2.331065e-01, 1.312966e-07, 3.022000e-06, 5.751540e-07, 1.552888e-04, 2.137877e-08, 1.689647e-04, 3.351157e-08, 7.631584e-06, 1.914487e-06, 4.479731e-08, 4.455469e-03, 3.065875e-08, 1.912968e-02, 6.582458e+00, 1.606754e+04, 1.607171e+04
3.300000e-03, 1.690272e-02, 2.896647e+00, 6.677000e-01, 2.896647e+00, 1.951882e-01, 8.578851e-01, -1.666958e+06, 1.642734e+03, 1.642734e+03, 4.700000e+06, 2.946054e-02, 3.434697e-07, 2.797191e-07, 2.872427e-01, 5.796511e-06, 1.306734e-02, 4.323316e-01, 2.330991e-01, 1.312561e-07, 3.021781e-06, 5.744267e-07, 1.548130e-04, 2.131134e-08, 1.685525e-04, 3.342719e-08, 7.617749e-06, 1.911984e-06, 4.464084e-08, 4.455469e-03, 3.063213e-08, 1.912926e-02, 6.582549e+00, 1.605562e+04, 1.605978e+04
3.400000e-03, 1.741505e-02, 2.896647e+00, 6.677000e-01, 2.896647e+00, 1.951856e-01, 8.578851e-01, -1.663351e+06, 1.642675e+03, 1.642675e+03, 4.700000e+06, 2.946370e-02, 3.432874e-07, 2.794864e-07, 2.872347e-01, 5.788987e-06, 1.305871e-02, 4.323530e-01, 2.330922e-01, 1.312158e-07, 3.021562e-06, 5.737009e-07, 1.543504e-04, 2.124562e-08, 1.681525e-04, 3.334497e-08, 7.604201e-06, 1.909498e-06, 4.448830e-08, 4.455469e-03, 3.060576e-08, 1.912884e-02, 6.582639e+00, 1.604372e+04, 1.604788e+04
3.500000e-03, 1.792739e-02, 2.896647e+00, 6.677000e-01, 2.896647e+00, 1.951829e-01, 8.578851e-01, -1.659720e+06, 1.642617e+03, 1.642617e+03, 4.700000e+06, 2.946688e-02, 3.431060e-07, 2.792545e-07, 2.872266e-01, 5.781480e-06, 1.305007e-02, 4.323740e-01, 2.330855e-01, 1.311757e-07, 3.021345e-06, 5.729765e-07, 1.538991e-04, 2.118136e-08, 1.677627e-04, 3.326461e-08, 7.590898e-06, 1.907027e-06, 4.433914e-08, 4.455469e-03, 3.057961e-08, 1.912841e-02, 6.582729e+00, 1.603184e+04, 1.603600e+04
3.600000e-03, 1.843973e-02, 2.896647e+00, 6.677000e-01, 2.896647e+00, 1.951803e-01, 8.578851e-01, -1.656081e+06, 1.642558e+03, 1.642558e+03, 4.700000e+06, 2.947007e-02, 3.429254e-07, 2.790234e-07, 2.872183e-01, 5.773993e-06, 1.304144e-02, 4.323949e-01, 2.330792e-01, 1.311357e-07, 3.021128e-06, 5.722537e-07, 1.534572e-04, 2.111832e-08, 1.673815e-04, 3.318579e-08, 7.577798e-06, 1.904571e-06, 4.419280e-08, 4.455469e-03, 3.055364e-08, 1.912799e-02, 6.582818e+00, 1.602000e+04, 1.602415e+04
3.700000e-03, 1.895208e-02, 2.896647e+00, 6.677000e-01, 2.896647e+00, 1.951776e-01, 8.578851e-01, -1.652454e+06, 1.642499e+03, 1.642499e+03, 4.700000e+06, 2.947326e-02, 3.427457e-07, 2.787931e-07, 2.872100e-01, 5.766524e-06, 1.303280e-02, 4.324156e-01, 2.330731e-01, 1.310960e-07, 3.020913e-06, 5.715326e-07, 1.530225e-04, 2.105624e-08, 1.670068e-04, 3.310816e-08, 7.564859e-06, 1.902126e-06, 4.404869e-08, 4.455469e-03, 3.052782e-08, 1.912757e-02, 6.582907e+00, 1.600817e+04, 1.601232e+04
3.800000e-03, 1.946444e-02, 2.896647e+00, 6.677000e-01, 2.896647e+00, 1.951750e-01, 8.578851e-01, -1.649009e+06, 1.642441e+03, 1.642441e+03, 4.700000e+06, 2.947644e-02, 3.425661e-07, 2.785634e-07, 2.872018e-01, 5.759079e-06, 1.302420e-02, 4.324363e-01, 2.330670e-01, 1.310563e-07, 3.020698e-06, 5.708139e-07, 1.525850e-04, 2.099384e-08, 1.666290e-04, 3.303005e-08, 7.551854e-06, 1.899685e-06, 4.390392e-08, 4.455469e-03, 3.050198e-08, 1.912715e-02, 6.582997e+00, 1.599638e+04, 1.600052e+04
3.900000e-03, 1.997680e-02, 2.896647e+00, 6.677000e-01, 2.896647e+00, 1.951723e-01, 8.578851e-01, -1.645580e+06, 1.642383e+03, 1.642383e+03, 4.700000e+06, 2.947962e-02, 3.423873e-07, 2.783343e-07, 2.871935e-01, 5.751654e-06, 1.301560e-02, 4.324568e-01, 2.330610e-01, 1.310167e-07, 3.020484e-06, 5.700970e-07, 1.521532e-04, 2.093220e-08, 1.662561e-04, 3.295285e-08, 7.538970e-06, 1.897254e-06, 4.376091e-08, 4.455469e-03, 3.047627e-08, 1.912673e-02, 6.583085e+00, 1.598460e+04, 1.598875e+04
4.000000e-03, 2.048918e-02, 2.896647e+00, 6.677000e-01, 2.896647e+00, 1.951697e-01, 8.578851e-01, -1.642153e+06, 1.642325e+03, 1.642325e+03, 4.700000e+06, 2.948281e-02, 3.422091e-07, 2.781060e-07, 2.871851e-01, 5.744249e-06, 1.300700e-02, 4.324772e-01, 2.330551e-01, 1.309772e-07, 3.020272e-06, 5.693819e-07, 1.517269e-04, 2.087131e-08, 1.658882e-04, 3.287658e-08, 7.526208e-06, 1.894834e-06, 4.361965e-08, 4.455469e-03, 3.045069e-08, 1.912631e-02, 6.583174e+00, 1.597286e+04, 1.597700e+04
4.100000e-03, 2.100155e-02, 2.896647e+00, 6.677000e-01, 2.896647e+00, 1.951671e-01, 8.578851e-01, -1.638713e+06, 1.642267e+03, 1.642267e+03, 4.700000e+06, 2.948599e-02, 3.420316e-07, 2.778784e-07, 2.871767e-01, 5.736864e-06, 1.299842e-02, 4.324975e-01, 2.330495e-01, 1.309379e-07, 3.020060e-06, 5.686687e-07, 1.513063e-04, 2.081117e-08, 1.655252e-04, 3.280122e-08, 7.513568e-06, 1.892424e-06, 4.348016e-08, 4.455469e-03, 3.042522e-08, 1.912589e-02, 6.583262e+00, 1.596114e+04, 1.596527e+04
4.200000e-03, 2.151394e-02, 2.896647e+00, 6.677000e-01, 2.896647e+00, 1.951645e-01, 8.578851e-01, -1.635246e+06, 1.642209e+03, 1.642209e+03, 4.700000e+06, 2.948918e-02, 3.418548e-07, 2.776515e-07, 2.871683e-01, 5.729499e-06, 1.298984e-02, 4.325176e-01, 2.330440e-01, 1.308988e-07, 3.019849e-06, 5.679573e-07, 1.508913e-04, 2.075178e-08, 1.651672e-04, 3.272678e-08, 7.501049e-06, 1.890025e-06, 4.334243e-08, 4.455469e-03, 3.039988e-08, 1.912547e-02, 6.583351e+00, 1.594944e+04, 1.595357e+04
4.300000e-03, 2.202633e-02, 2.896647e+00, 6.677000e-01, 2.896647e+00, 1.951619e-01, 8.578851e-01, -1.631873e+06, 1.642151e+03, 1.642151e+03, 4.700000e+06, 2.949237e-02, 3.416784e-07, 2.774252e-07, 2.871598e-01, 5.722154e-06, 1.298128e-02, 4.325376e-01, 2.330386e-01, 1.308597e-07, 3.019640e-06, 5.672479e-07, 1.504788e-04, 2.069273e-08, 1.648112e-04, 3.265274e-08, 7.488585e-06, 1.887633e-06, 4.320552e-08, 4.455469e-03, 3.037461e-08, 1.912506e-02, 6.583438e+00, 1.593777e+04, 1.594190e+04
4.400000e-03, 2.253873e-02, 2.896647e+00, 6.677000e-01, 2.896647e+00, 1.951593e-01, 8.578851e-01, -1.628567e+06, 1.642094e+03, 1.642094e+03, 4.700000e+06, 2.949555e-02, 3.415025e-07, 2.771996e-07, 2.871514e-01, 5.714829e-06, 1.297273e-02, 4.325576e-01, 2.330332e-01, 1.308207e-07, 3.019431e-06, 5.665404e-07, 1.500690e-04, 2.063407e-08, 1.644575e-04, 3.257915e-08, 7.476183e-06, 1.885250e-06, 4.306955e-08, 4.455469e-03, 3.034942e-08, 1.912464e-02, 6.583526e+00, 1.592612e+04, 1.593025e+04
4.500000e-03, 2.305113e-02, 2.896647e+00, 6.677000e-01, 2.896647e+00, 1.951567e-01, 8.578851e-01, -1.625258e+06, 1.642036e+03, 1.642036e+03, 4.700000e+06, 2.949873e-02, 3.413272e-07, 2.769746e-07, 2.871429e-01, 5.707524e-06, 1.296420e-02, 4.325774e-01, 2.330280e-01, 1.307819e-07, 3.019223e-06, 5.658348e-07, 1.496634e-04, 2.057595e-08, 1.641073e-04, 3.250622e-08, 7.463870e-06, 1.882875e-06, 4.293488e-08, 4.455469e-03, 3.032433e-08, 1.912423e-02, 6.583614e+00, 1.591450e+04, 1.591863e+04
4.600000e-03, 2.356355e-02, 2.896647e+00, 6.677000e-01, 2.896647e+00, 1.951541e-01, 8.578851e-01, -1.621933e+06, 1.641979e+03, 1.641979e+03, 4.700000e+06, 2.950191e-02, 3.411525e-07, 2.767503e-07, 2.871344e-01, 5.700240e-06, 1.295567e-02, 4.325972e-01, 2.330229e-01, 1.307432e-07, 3.019016e-06, 5.651311e-07, 1.492618e-04, 2.051839e-08, 1.637606e-04, 3.243395e-08, 7.451646e-06, 1.880510e-06, 4.280152e-08, 4.455469e-03, 3.029934e-08, 1.912381e-02, 6.583701e+00, 1.590290e+04, 1.590703e+04
4.700000e-03, 2.407596e-02, 2.896647e+00, 6.677000e-01, 2.896647e+00, 1.951515e-01, 8.578851e-01, -1.618578e+06, 1.641921e+03, 1.641921e+03, 4.700000e+06, 2.950508e-02, 3.409784e-07, 2.765267e-07, 2.871259e-01, 5.692976e-06, 1.294715e-02, 4.326168e-01, 2.330178e-01, 1.307046e-07, 3.018811e-06, 5.644293e-07, 1.488642e-04, 2.046137e-08, 1.634173e-04, 3.236234e-08, 7.439510e-06, 1.878154e-06, 4.266946e-08, 4.455469e-03, 3.027445e-08, 1.912340e-02, 6.583788e+00, 1.589133e+04, 1.589545e+04
4.800000e-03, 2.458839e-02, 2.896647e+00, 6.677000e-01, 2.896647e+00, 1.951489e-01, 8.578851e-01, -1.615272e+06, 1.641864e+03, 1.641864e+03, 4.700000e+06, 2.950826e-02, 3.408047e-07, 2.763037e-07, 2.871173e-01, 5.685731e-06, 1.293865e-02, 4.326364e-01, 2.330129e-01, 1.306660e-07, 3.018606e-06, 5.637295e-07, 1.484692e-04, 2.040471e-08, 1.630761e-04, 3.229113e-08, 7.427428e-06, 1.875805e-06, 4.253823e-08, 4.455469e-03, 3.024963e-08, 1.912299e-02, 6.583875e+00, 1.587978e+04, 1.588390e+04
4.900000e-03, 2.510082e-02, 2.896647e+00, 6.677000e-01, 2.896647e+00, 1.951463e-01, 8.578851e-01, -1.612149e+06, 1.641807e+03, 1.641807e+03, 4.700000e+06, 2.951143e-02, 3.406313e-07, 2.760812e-07, 2.871088e-01, 5.678506e-06, 1.293017e-02, 4.326560e-01, 2.330079e-01, 1.306276e-07, 3.018402e-06, 5.630316e-07, 1.480740e-04, 2.034806e-08, 1.627344e-04, 3.221990e-08, 7.415344e-06, 1.873461e-06, 4.240711e-08, 4.455469e-03, 3.022484e-08, 1.912257e-02, 6.583962e+00, 1.586826e+04, 1.587237e+04
5.000000e-03, 2.561326e-02, 2.896647e+00, 6.677000e-01, 2.896647e+00, 1.951438e-01, 8.578851e-01, -1.609050e+06, 1.641750e+03, 1.641750e+03, 4.700000e+06, 2.951459e-02, 3.404583e-07, 2.758594e-07, 2.871004e-01, 5.671302e-06, 1.292170e-02, 4.326755e-01, 2.330029e-01, 1.305892e-07, 3.018199e-06, 5.623356e-07, 1.476813e-04, 2.029176e-08, 1.623947e-04, 3.214905e-08, 7.403312e-06, 1.871125e-06, 4.227682e-08, 4.455469e-03, 3.020012e-08, 1.912216e-02, 6.584049e+00, 1.585676e+04, 1.586087e+04
5.100000e-03, 2.612571e-02, 2.896647e+00, 6.677000e-01, 2.896647e+00, 1.951412e-01, 8.578851e-01, -1.605962e+06, 1.641694e+03, 1.641694e+03, 4.700000e+06, 2.951774e-02, 3.402859e-07, 2.756381e-07, 2.870919e-01, 5.664117e-06, 1.291324e-02, 4.326949e-01, 2.329980e-01, 1.305509e-07, 3.017997e-06, 5.616416e-07, 1.472910e-04, 2.023580e-08, 1.620570e-04, 3.207860e-08, 7.391334e-06, 1.868797e-06, 4.214736e-08, 4.455469e-03, 3.017547e-08, 1.912175e-02, 6.584135e+00, 1.584528e+04, 1.584939e+04
5.200000e-03, 2.663816e-02, 2.896647e+00, 6.677000e-01, 2.896647e+00, 1.951386e-01, 8.578851e-01, -1.602872e+06, 1.641637e+03, 1.641637e+03, 4.700000e+06, 2.952090e-02, 3.401138e-07, 2.754175e-07, 2.870834e-01, 5.656952e-06, 1.290480e-02, 4.327143e-01, 2.329931e-01, 1.305127e-07, 3.017796e-06, 5.609495e-07, 1.469031e-04, 2.018018e-08, 1.617212e-04, 3.200853e-08, 7.379408e-06, 1.866476e-06, 4.201873e-08, 4.455469e-03, 3.015090e-08, 1.912134e-02, 6.584222e+00, 1.583383e+04, 1.583793e+04
5.300000e-03, 2.715062e-02, 2.896647e+00, 6.677000e-01, 2.896647e+00, 1.951361e-01, 8.578851e-01, -1.599767e+06, 1.641580e+03, 1.641580e+03, 4.700000e+06, 2.952405e-02, 3.399423e-07, 2.751975e-07, 2.870749e-01, 5.649806e-06, 1.289637e-02, 4.327336e-01, 2.329883e-01, 1.304746e-07, 3.017596e-06, 5.602593e-07, 1.465177e-04, 2.012491e-08, 1.613873e-04, 3.193886e-08, 7.367535e-06, 1.864162e-06, 4.189093e-08, 4.455469e-03, 3.012639e-08, 1.912093e-02, 6.584308e+00, 1.582240e+04, 1.582650e+04
5.400000e-03, 2.766308e-02, 2.896647e+00, 6.677000e-01, 2.896647e+00, 1.951335e-01, 8.578851e-01, -1.596633e+06, 1.641524e+03, 1.641524e+03, 4.700000e+06, 2.952719e-02, 3.397712e-07, 2.749781e-07, 2.870664e-01, 5.642681e-06, 1.288796e-02, 4.327529e-01, 2.329836e-01, 1.304366e-07, 3.017396e-06, 5.595710e-07, 1.461347e-04, 2.006997e-08, 1.610554e-04, 3.186958e-08, 7.355715e-06, 1.861856e-06, 4.176396e-08, 4.455469e-03, 3.010196e-08, 1.912052e-02, 6.584394e+00, 1.581099e+04, 1.581509e+04
5.500000e-03, 2.817556e-02, 2.896647e+00, 6.677000e-01, 2.896647e+00, 1.951310e-01, 8.578851e-01, -1.593457e+06, 1.641467e+03, 1.641467e+03, 4.700000e+06, 2.953033e-02, 3.396005e-07, 2.747593e-07, 2.870580e-01, 5.635576e-06, 1.287956e-02, 4.327720e-01, 2.329789e-01, 1.303987e-07, 3.017198e-06, 5.588847e-07, 1.457541e-04, 2.001538e-08, 1.607255e-04, 3.180069e-08, 7.343948e-06, 1.859558e-06, 4.163781e-08, 4.455469e-03, 3.007760e-08, 1.912012e-02, 6.584480e+00, 1.579961e+04, 1.580371e+04
5.600000e-03, 2.868804e-02, 2.896647e+00, 6.677000e-01, 2.896647e+00, 1.951285e-01, 8.578851e-01, -1.590227e+06, 1.641411e+03, 1.641411e+03, 4.700000e+06, 2.953347e-02, 3.394304e-07, 2.745411e-07, 2.870495e-01, 5.628491e-06, 1.287117e-02, 4.327912e-01, 2.329742e-01, 1.303609e-07, 3.017001e-06, 5.582003e-07, 1.453759e-04, 1.996113e-08, 1.603975e-04, 3.173219e-08, 7.332233e-06, 1.857267e-06, 4.151250e-08, 4.455469e-03, 3.005331e-08, 1.911971e-02, 6.584566e+00, 1.578826e+04, 1.579235e+04
5.700000e-03, 2.920052e-02, 2.896647e+00, 6.677000e-01, 2.896647e+00, 1.951259e-01, 8.578851e-01, -1.586928e+06, 1.641355e+03, 1.641355e+03, 4.700000e+06, 2.953660e-02, 3.392607e-07, 2.743235e-07, 2.870410e-01, 5.621425e-06, 1.286280e-02, 4.328102e-01, 2.329696e-01, 1.303232e-07, 3.016804e-06, 5.575179e-07, 1.450002e-04, 1.990722e-08, 1.600714e-04, 3.166407e-08, 7.320572e-06, 1.854984e-06, 4.138801e-08, 4.455469e-03, 3.002909e-08, 1.911931e-02, 6.584651e+00, 1.577693e+04, 1.578102e+04
5.800000e-03, 2.971301e-02, 2.896647e+00, 6.677000e-01, 2.896647e+00, 1.951234e-01, 8.578851e-01, -1.583549e+06, 1.641299e+03, 1.641299e+03, 4.700000e+06, 2.953973e-02, 3.390914e-07, 2.741066e-07, 2.870325e-01, 5.614380e-06, 1.285444e-02, 4.328292e-01, 2.329650e-01, 1.302855e-07, 3.016609e-06, 5.568373e-07, 1.446269e-04, 1.985366e-08, 1.597473e-04, 3.159636e-08, 7.308963e-06, 1.852708e-06, 4.126436e-08, 4.455469e-03, 3.000495e-08, 1.911890e-02, 6.584736e+00, 1.576562e+04, 1.576971e+04
5.900000e-03, 3.022551e-02, 2.896647e+00, 6.677000e-01, 2.896647e+00, 1.951209e-01, 8.578851e-01, -1.580511e+06, 1.641243e+03, 1.641243e+03, 4.700000e+06, 2.954285e-02, 3.389225e-07, 2.738901e-07, 2.870241e-01, 5.607352e-06, 1.284610e-02, 4.328482e-01, 2.329604e-01, 1.302480e-07, 3.016414e-06, 5.561586e-07, 1.442541e-04, 1.980018e-08, 1.594235e-04, 3.152872e-08, 7.297369e-06, 1.850437e-06, 4.114095e-08, 4.455469e-03, 2.998084e-08, 1.911850e-02, 6.584822e+00, 1.575433e+04, 1.575842e+04
6.000000e-03, 3.073802e-02, 2.896647e+00, 6.677000e-01, 2.896647e+00, 1.951184e-01, 8.578851e-01, -1.577671e+06, 1.641187e+03, 1.641187e+03, 4.700000e+06, 2.954597e-02, 3.387539e-07, 2.736742e-07, 2.870157e-01, 5.600343e-06, 1.283778e-02, 4.328671e-01, 2.329559e-01, 1.302105e-07, 3.016221e-06, 5.554817e-07, 1.438825e-04, 1.974688e-08, 1.591004e-04, 3.146126e-08, 7.285800e-06, 1.848172e-06, 4.101795e-08, 4.455469e-03, 2.995678e-08, 1.911809e-02, 6.584907e+00, 1.574307e+04, 1.574715e+04
6.100000e-03, 3.125053e-02, 2.896647e+00, 6.677000e-01, 2.896647e+00, 1.951158e-01, 8.578851e-01, -1.574825e+06, 1.641131e+03, 1.641131e+03, 4.700000e+06, 2.954907e-02, 3.385857e-07, 2.734589e-07, 2.870072e-01, 5.593353e-06, 1.282947e-02, 4.328860e-01, 2.329513e-01, 1.301730e-07, 3.016028e-06, 5.548067e-07, 1.435127e-04, 1.969384e-08, 1.587788e-04, 3.139411e-08, 7.274275e-06, 1.845915e-06, 4.089563e-08, 4.455469e-03, 2.993279e-08, 1.911769e-02, 6.584992e+00, 1.573183e+04, 1.573591e+04
6.200000e-03, 3.176305e-02, 2.896647e+00, 6.677000e-01, 2.896647e+00, 1.951133e-01, 8.578851e-01, -1.571962e+06, 1.641076e+03, 1.641076e+03, 4.700000e+06, 2.955218e-02, 3.384180e-07, 2.732441e-07, 2.869988e-01, 5.586383e-06, 1.282117e-02, 4.329048e-01, 2.329468e-01, 1.301357e-07, 3.015836e-06, 5.541336e-07, 1.431449e-04, 1.964109e-08, 1.584587e-04, 3.132727e-08, 7.262792e-06, 1.843664e-06, 4.077399e-08, 4.455469e-03, 2.990886e-08, 1.911729e-02, 6.585077e+00, 1.572061e+04, 1.572469e+04
6.300000e-03, 3.227558e-02, 2.896647e+00, 6.677000e-01, 2.896647e+00, 1.951108e-01, 8.578851e-01, -1.569069e+06, 1.641020e+03, 1.641020e+03, 4.700000e+06, 2.955528e-02, 3.382506e-07, 2.730300e-07, 2.869904e-01, 5.579432e-06, 1.281289e-02, 4.329236e-01, 2.329423e-01, 1.300984e-07, 3.015645e-06, 5.534623e-07, 1.427790e-04, 1.958861e-08, 1.581402e-04, 3.126074e-08, 7.251352e-06, 1.841420e-06, 4.065303e-08, 4.455469e-03, 2.988499e-08, 1.911689e-02, 6.585161e+00, 1.570942e+04, 1.571349e+04
6.400000e-03, 3.278811e-02, 2.896647e+00, 6.677000e-01, 2.896647e+00, 1.951083e-01, 8.578851e-01, -1.566134e+06, 1.640965e+03, 1.640965e+03, 4.700000e+06, 2.955837e-02, 3.380837e-07, 2.728164e-07, 2.869820e-01, 5.572501e-06, 1.280462e-02, 4.329423e-01, 2.329378e-01, 1.300613e-07, 3.015455e-06, 5.527930e-07, 1.424150e-04, 1.953641e-08, 1.578231e-04, 3.119452e-08, 7.239954e-06, 1.839183e-06, 4.053274e-08, 4.455469e-03, 2.986119e-08, 1.911649e-02, 6.585246e+00, 1.569825e+04, 1.570232e+04
6.500000e-03, 3.330065e-02, 2.896647e+00, 6.677000e-01, 2.896647e+00, 1.951058e-01, 8.578851e-01, -1.563143e+06, 1.640910e+03, 1.640910e+03, 4.700000e+06, 2.956146e-02, 3.379173e-07, 2.726034e-07, 2.869737e-01, 5.565589e-06, 1.279637e-02, 4.329610e-01, 2.329334e-01, 1.300242e-07, 3.015266e-06, 5.521256e-07, 1.420530e-04, 1.948448e-08, 1.575076e-04, 3.112861e-08, 7.228600e-06, 1.836953e-06, 4.041313e-08, 4.455469e-03, 2.983744e-08, 1.911609e-02, 6.585330e+00, 1.568710e+04, 1.569117e+04
6.600000e-03, 3.381319e-02, 2.896647e+00, 6.677000e-01, 2.896647e+00, 1.951033e-01, 8.578851e-01, -1.560085e+06, 1.640854e+03, 1.640854e+03, 4.700000e+06, 2.956455e-02, 3.377512e-07, 2.723910e-07, 2.869653e-01, 5.558696e-06, 1.278813e-02, 4.329796e-01, 2.329290e-01, 1.299872e-07, 3.015077e-06, 5.514600e-07, 1.416929e-04, 1.943283e-08, 1.571935e-04, 3.106301e-08, 7.217288e-06, 1.834730e-06, 4.029419e-08, 4.455469e-03, 2.981377e-08, 1.911569e-02, 6.585414e+00, 1.567598e+04, 1.568004e+04
6.700000e-03, 3.432574e-02, 2.896647e+00, 6.677000e-01, 2.896647e+00, 1.951008e-01, 8.578851e-01, -1.556946e+06, 1.640799e+03, 1.640799e+03, 4.700000e+06, 2.956763e-02, 3.375856e-07, 2.721792e-07, 2.869569e-01, 5.551823e-06, 1.277990e-02, 4.329982e-01, 2.329247e-01, 1.299503e-07, 3.014890e-06, 5.507964e-07, 1.413347e-04, 1.938146e-08, 1.568810e-04, 3.099773e-08, 7.206020e-06, 1.832513e-06, 4.017593e-08, 4.455469e-03, 2.979015e-08, 1.911529e-02, 6.585498e+00, 1.566488e+04, 1.566894e+04
6.800000e-03, 3.483830e-02, 2.896647e+00, 6.677000e-01, 2.896647e+00, 1.950983e-01, 8.578851e-01, -1.553716e+06, 1.640744e+03, 1.640744e+03, 4.700000e+06, 2.957070e-02, 3.374204e-07, 2.719679e-07, 2.869486e-01, 5.544969e-06, 1.277170e-02, 4.330167e-01, 2.329203e-01, 1.299134e-07, 3.014704e-06, 5.501346e-07, 1.409784e-04, 1.933036e-08, 1.565700e-04, 3.093275e-08, 7.194794e-06, 1.830304e-06, 4.005835e-08, 4.455469e-03, 2.976660e-08, 1.911490e-02, 6.585582e+00, 1.565380e+04, 1.565786e+04
6.900000e-03, 3.535087e-02, 2.896647e+00, 6.677000e-01, 2.896647e+00, 1.950959e-01, 8.578851e-01, -1.550386e+06, 1.640690e+03, 1.640690e+03, 4.700000e+06, 2.957377e-02, 3.372556e-07, 2.717573e-07, 2.869402e-01, 5.538134e-06, 1.276350e-02, 4.330352e-01, 2.329160e-01, 1.298767e-07, 3.014518e-06, 5.494748e-07, 1.406241e-04, 1.927954e-08, 1.562605e-04, 3.086808e-08, 7.183610e-06, 1.828102e-06, 3.994143e-08, 4.455469e-03, 2.974311e-08, 1.911450e-02, 6.585666e+00, 1.564275e+04, 1.564680e+04
7.000000e-03, 3.586344e-02, 2.896647e+00, 6.677000e-01, 2.896647e+00, 1.950934e-01, 8.578851e-01, -1.547685e+06, 1.640635e+03, 1.640635e+03, 4.700000e+06, 2.957683e-02, 3.370910e-07, 2.715470e-07, 2.869319e-01, 5.531315e-06, 1.275532e-02, 4.330536e-01, 2.329117e-01, 1.298400e-07, 3.014333e-06, 5.488164e-07, 1.402692e-04, 1.922867e-08, 1.559502e-04, 3.080332e-08, 7.172416e-06, 1.825903e-06, 3.982444e-08, 4.455469e-03, 2.971964e-08, 1.911410e-02, 6.585749e+00, 1.563171e+04, 1.563577e+04
7.100000e-03, 3.637602e-02, 2.896647e+00, 6.677000e-01, 2.896647e+00, 1.950909e-01, 8.578851e-01, -1.544985e+06, 1.640580e+03, 1.640580e+03, 4.700000e+06, 2.957989e-02, 3.369268e-07, 2.713373e-07, 2.869236e-01, 5.524514e-06, 1.274716e-02, 4.330721e-01, 2.329073e-01, 1.298033e-07, 3.014149e-06, 5.481599e-07, 1.399158e-04, 1.917802e-08, 1.556411e-04, 3.073880e-08, 7.161256e-06, 1.823710e-06, 3.970800e-08, 4.455469e-03, 2.969623e-08, 1.911371e-02, 6.585833e+00, 1.562070e+04, 1.562475e+04
7.200000e-03, 3.688860e-02, 2.896647e+00, 6.677000e-01, 2.896647e+00, 1.950884e-01, 8.578851e-01, -1.542274e+06, 1.640526e+03, 1.640526e+03, 4.700000e+06, 2.958294e-02, 3.367629e-07, 2.711281e-07, 2.869153e-01, 5.517731e-06, 1.273901e-02, 4.330905e-01, 2.329030e-01, 1.297668e-07, 3.013966e-06, 5.475052e-07, 1.395640e-04, 1.912760e-08, 1.553331e-04, 3.067452e-08, 7.150130e-06, 1.821524e-06, 3.959210e-08, 4.455469e-03, 2.967287e-08, 1.911332e-02, 6.585916e+00, 1.560971e+04, 1.561376e+04
7.300000e-03, 3.740119e-02, 2.896647e+00, 6.677000e-01, 2.896647e+00, 1.950860e-01, 8.578851e-01, -1.539541e+06, 1.640471e+03, 1.640471e+03, 4.700000e+06, 2.958599e-02, 3.365995e-07, 2.709195e-07, 2.869070e-01, 5.510968e-06, 1.273088e-02, 4.331088e-01, 2.328987e-01, 1.297303e-07, 3.013784e-06, 5.468524e-07, 1.392136e-04, 1.907739e-08, 1.550263e-04, 3.061048e-08, 7.139037e-06, 1.819344e-06, 3.947674e-08, 4.455469e-03, 2.964956e-08, 1.911292e-02, 6.585999e+00, 1.559874e+04, 1.560279e+04
7.400000e-03, 3.791379e-02, 2.896647e+00, 6.677000e-01, 2.896647e+00, 1.950835e-01, 8.578851e-01, -1.536774e+06, 1.640417e+03, 1.640417e+03, 4.700000e+06, 2.958902e-02, 3.364364e-07, 2.707114e-07, 2.868988e-01, 5.504223e-06, 1.272276e-02, 4.331271e-01, 2.328944e-01, 1.296939e-07, 3.013602e-06, 5.462013e-07, 1.388647e-04, 1.902741e-08, 1.547205e-04, 3.054669e-08, 7.127978e-06, 1.817170e-06, 3.936194e-08, 4.455469e-03, 2.962631e-08, 1.911253e-02, 6.586082e+00, 1.558780e+04, 1.559184e+04
7.500000e-03, 3.842639e-02, 2.896647e+00, 6.677000e-01, 2.896647e+00, 1.950811e-01, 8.578851e-01, -1.533961e+06, 1.640363e+03, 1.640363e+03, 4.700000e+06, 2.959206e-02, 3.362737e-07, 2.705039e-07, 2.868906e-01, 5.497496e-06, 1.271465e-02, 4.331454e-01, 2.328901e-01, 1.296576e-07, 3.013422e-06, 5.455521e-07, 1.385174e-04, 1.897764e-08, 1.544159e-04, 3.048313e-08, 7.116953e-06, 1.815003e-06, 3.924768e-08, 4.455469e-03, 2.960312e-08, 1.911214e-02, 6.586165e+00, 1.557688e+04, 1.558092e+04
7.600000e-03, 3.893900e-02, 2.896647e+00, 6.677000e-01, 2.896647e+00, 1.950786e-01, 8.578851e-01, -1.531090e+06, 1.640308e+03, 1.640308e+03, 4.700000e+06, 2.959509e-02, 3.361114e-07, 2.702970e-07, 2.868823e-01, 5.490788e-06, 1.270656e-02, 4.331636e-01, 2.328858e-01, 1.296213e-07, 3.013242e-06, 5.449048e-07, 1.381715e-04, 1.892810e-08, 1.541124e-04, 3.041982e-08, 7.105961e-06, 1.812842e-06, 3.913396e-08, 4.455469e-03, 2.957998e-08, 1.911175e-02, 6.586248e+00, 1.556598e+04, 1.557002e+04
7.700000e-03, 3.945162e-02, 2.896647e+00, 6.677000e-01, 2.896647e+00, 1.950762e-01, 8.578851e-01, -1.528149e+06, 1.640254e+03, 1.640254e+03, 4.700000e+06, 2.959811e-02, 3.359495e-07, 2.700905e-07, 2.868741e-01, 5.484099e-06, 1.269849e-02, 4.331818e-01, 2.328815e-01, 1.295851e-07, 3.013064e-06, 5.442592e-07, 1.378272e-04, 1.887878e-08, 1.538101e-04, 3.035675e-08, 7.095004e-06, 1.810687e-06, 3.902079e-08, 4.455469e-03, 2.955690e-08, 1.911136e-02, 6.586331e+00, 1.555510e+04, 1.555914e+04
7.800000e-03, 3.996424e-02, 2.896647e+00, 6.677000e-01, 2.896647e+00, 1.950737e-01, 8.578851e-01, -1.525128e+06, 1.640200e+03, 1.640200e+03, 4.700000e+06, 2.960112e-02, 3.357880e-07, 2.698847e-07, 2.868659e-01, 5.477429e-06, 1.269043e-02, 4.332000e-01, 2.328773e-01, 1.295490e-07, 3.012886e-06, 5.436155e-07, 1.374843e-04, 1.882968e-08, 1.535088e-04, 3.029391e-08, 7.084079e-06, 1.808539e-06, 3.890817e-08, 4.455469e-03, 2.953387e-08, 1.911097e-02, 6.586413e+00, 1.554425e+04, 1.554828e+04
7.900000e-03, 4.047687e-02, 2.896647e+00, 6.677000e-01, 2.896647e+00, 1.950713e-01, 8.578851e-01, -1.522014e+06, 1.640147e+03, 1.640147e+03, 4.700000e+06, 2.960413e-02, 3.356268e-07, 2.696794e-07, 2.868577e-01, 5.470777e-06, 1.268238e-02, 4.332181e-01, 2.328731e-01, 1.295130e-07, 3.012709e-06, 5.429737e-07, 1.371430e-04, 1.878080e-08, 1.532087e-04, 3.023132e-08, 7.073189e-06, 1.806397e-06, 3.879609e-08, 4.455469e-03, 2.951090e-08, 1.911058e-02, 6.586496e+00, 1.553342e+04, 1.553745e+04
8.000000e-03, 4.098951e-02, 2.896647e+00, 6.677000e-01, 2.896647e+00, 1.950689e-01, 8.578851e-01, -1.519079e+06, 1.640093e+03, 1.640093e+03, 4.700000e+06, 2.960714e-02, 3.354660e-07, 2.694745e-07, 2.868496e-01, 5.464141e-06, 1.267435e-02, 4.332362e-01, 2.328688e-01, 1.294770e-07, 3.012532e-06, 5.423334e-07, 1.368028e-04, 1.873208e-08, 1.529094e-04, 3.016891e-08, 7.062324e-06, 1.804260e-06, 3.868443e-08, 4.455469e-03, 2.948798e-08, 1.911019e-02, 6.586578e+00, 1.552261e+04, 1.552663e+04
8.100000e-03, 4.150215e-02, 2.896647e+00, 6.677000e-01, 2.896647e+00, 1.950664e-01, 8.578851e-01, -1.516680e+06, 1.640039e+03, 1.640039e+03, 4.700000e+06, 2.961014e-02, 3.353054e-07, 2.692701e-07, 2.868414e-01, 5.457519e-06, 1.266633e-02, 4.332542e-01, 2.328646e-01, 1.294411e-07, 3.012357e-06, 5.416944e-07, 1.364631e-04, 1.868346e-08, 1.526105e-04, 3.010660e-08, 7.051473e-06, 1.802128e-06, 3.857301e-08, 4.455469e-03, 2.946508e-08, 1.910981e-02, 6.586660e+00, 1.551181e+04, 1.551584e+04
8.200000e-03, 4.201480e-02, 2.896647e+00, 6.677000e-01, 2.896647e+00, 1.950640e-01, 8.578851e-01, -1.514308e+06, 1.639986e+03, 1.639986e+03, 4.700000e+06, 2.961314e-02, 3.351451e-07, 2.690661e-07, 2.868333e-01, 5.450914e-06, 1.265833e-02, 4.332723e-01, 2.328604e-01, 1.294052e-07, 3.012182e-06, 5.410572e-07, 1.361248e-04, 1.863504e-08, 1.523125e-04, 3.004449e-08, 7.040652e-06, 1.800001e-06, 3.846206e-08, 4.455469e-03, 2.944224e-08, 1.910942e-02, 6.586742e+00, 1.550104e+04, 1.550506e+04
8.300000e-03, 4.252745e-02, 2.896647e+00, 6.677000e-01, 2.896647e+00, 1.950616e-01, 8.578851e-01, -1.511953e+06, 1.639932e+03, 1.639932e+03, 4.700000e+06, 2.961612e-02, 3.349852e-07, 2.688627e-07, 2.868252e-01, 5.444326e-06, 1.265034e-02, 4.332903e-01, 2.328562e-01, 1.293695e-07, 3.012007e-06, 5.404217e-07, 1.357877e-04, 1.858680e-08, 1.520155e-04, 2.998259e-08, 7.029860e-06, 1.797880e-06, 3.835158e-08, 4.455469e-03, 2.941945e-08, 1.910903e-02, 6.586824e+00, 1.549028e+04, 1.549430e+04
8.400000e-03, 4.304011e-02, 2.896647e+00, 6.677000e-01, 2.896647e+00, 1.950591e-01, 8.578851e-01, -1.509603e+06, 1.639879e+03, 1.639879e+03, 4.700000e+06, 2.961911e-02, 3.348257e-07, 2.686598e-07, 2.868171e-01, 5.437756e-06, 1.264236e-02, 4.333082e-01, 2.328519e-01, 1.293338e-07, 3.011834e-06, 5.397879e-07, 1.354520e-04, 1.853876e-08, 1.517194e-04, 2.992090e-08, 7.019097e-06, 1.795765e-06, 3.824158e-08, 4.455469e-03, 2.939671e-08, 1.910865e-02, 6.586906e+00, 1.547955e+04, 1.548357e+04
8.500000e-03, 4.355278e-02, 2.896647e+00, 6.677000e-01, 2.896647e+00, 1.950567e-01, 8.578851e-01, -1.507248e+06, 1.639825e+03, 1.639825e+03, 4.700000e+06, 2.962209e-02, 3.346665e-07, 2.684573e-07, 2.868090e-01, 5.431203e-06, 1.263440e-02, 4.333261e-01, 2.328477e-01, 1.292981e-07, 3.011662e-06, 5.391558e-07, 1.351175e-04, 1.849090e-08, 1.514243e-04, 2.985942e-08, 7.008363e-06, 1.793656e-06, 3.813205e-08, 4.455469e-03, 2.937402e-08, 1.910826e-02, 6.586987e+00, 1.546884e+04, 1.547286e+04
8.600000e-03, 4.406545e-02, 2.896647e+00, 6.677000e-01, 2.896647e+00, 1.950543e-01, 8.578851e-01, -1.504877e+06, 1.639772e+03, 1.639772e+03, 4.700000e+06, 2.962506e-02, 3.345076e-07, 2.682554e-07, 2.868009e-01, 5.424668e-06, 1.262645e-02, 4.333440e-01, 2.328435e-01, 1.292625e-07, 3.011490e-06, 5.385254e-07, 1.347843e-04, 1.844324e-08, 1.511301e-04, 2.979814e-08, 6.997659e-06, 1.791552e-06, 3.802300e-08, 4.455469e-03, 2.935138e-08, 1.910788e-02, 6.587069e+00, 1.545815e+04, 1.546216e+04
8.700000e-03, 4.457813e-02, 2.896647e+00, 6.677000e-01, 2.896647e+00, 1.950519e-01, 8.578851e-01, -1.502480e+06, 1.639719e+03, 1.639719e+03, 4.700000e+06, 2.962803e-02, 3.343492e-07, 2.680540e-07, 2.867929e-01, 5.418150e-06, 1.261851e-02, 4.333619e-01, 2.328394e-01, 1.292270e-07, 3.011319e-06, 5.378967e-07, 1.344525e-04, 1.839577e-08, 1.508369e-04, 2.973707e-08, 6.986984e-06, 1.789454e-06, 3.791442e-08, 4.455469e-03, 2.932878e-08, 1.910750e-02, 6.587150e+00, 1.544748e+04, 1.545149e+04
8.800000e-03, 4.509082e-02, 2.896647e+00, 6.677000e-01, 2.896647e+00, 1.950495e-01, 8.578851e-01, -1.500046e+06, 1.639666e+03, 1.639666e+03, 4.700000e+06, 2.963099e-02, 3.341910e-07, 2.678532e-07, 2.867848e-01, 5.411650e-06, 1.261059e-02, 4.333797e-01, 2.328352e-01, 1.291916e-07, 3.011149e-06, 5.372697e-07, 1.341219e-04, 1.834849e-08, 1.505447e-04, 2.967621e-08, 6.976338e-06, 1.787362e-06, 3.780632e-08, 4.455469e-03, 2.930624e-08, 1.910712e-02, 6.587231e+00, 1.543684e+04, 1.544084e+04
8.900000e-03, 4.560351e-02, 2.896647e+00, 6.677000e-01, 2.896647e+00, 1.950471e-01, 8.578851e-01, -1.497563e+06, 1.639613e+03, 1.639613e+03, 4.700000e+06, 2.963394e-02, 3.340332e-07, 2.676528e-07, 2.867768e-01, 5.405166e-06, 1.260269e-02, 4.333975e-01, 2.328310e-01, 1.291562e-07, 3.010980e-06, 5.366445e-07, 1.337926e-04, 1.830141e-08, 1.502534e-04, 2.961555e-08, 6.965721e-06, 1.785276e-06, 3.769869e-08, 4.455469e-03, 2.928375e-08, 1.910674e-02, 6.587312e+00, 1.542621e+04, 1.543022e+04
9.000000e-03, 4.611621e-02, 2.896647e+00, 6.677000e-01, 2.896647e+00, 1.950447e-01, 8.578851e-01, -1.495023e+06, 1.639560e+03, 1.639560e+03, 4.700000e+06, 2.963689e-02, 3.338758e-07, 2.674529e-07, 2.867688e-01, 5.398701e-06, 1.259480e-02, 4.334152e-01, 2.328269e-01, 1.291209e-07, 3.010811e-06, 5.360209e-07, 1.334646e-04, 1.825451e-08, 1.499630e-04, 2.955511e-08, 6.955134e-06, 1.783196e-06, 3.759154e-08, 4.455469e-03, 2.926131e-08, 1.910635e-02, 6.587393e+00, 1.541561e+04, 1.541961e+04
9.100000e-03, 4.662891e-02, 2.896647e+00, 6.677000e-01, 2.896647e+00, 1.950423e-01, 8.578851e-01, -1.492413e+06, 1.639508e+03, 1.639508e+03, 4.700000e+06, 2.963984e-02, 3.337187e-07, 2.672536e-07, 2.867608e-01, 5.392252e-06, 1.258692e-02, 4.334329e-01, 2.328227e-01, 1.290857e-07, 3.010644e-06, 5.353991e-07, 1.331379e-04, 1.820781e-08, 1.496736e-04, 2.949487e-08, 6.944576e-06, 1.781122e-06, 3.748486e-08, 4.455469e-03, 2.923892e-08, 1.910598e-02, 6.587474e+00, 1.540502e+04, 1.540902e+04
9.200000e-03, 4.714162e-02, 2.896647e+00, 6.677000e-01, 2.896647e+00, 1.950399e-01, 8.578851e-01, -1.489724e+06, 1.639455e+03, 1.639455e+03, 4.700000e+06, 2.964278e-02, 3.335619e-07, 2.670547e-07, 2.867528e-01, 5.385821e-06, 1.257905e-02, 4.334506e-01, 2.328186e-01, 1.290506e-07, 3.010477e-06, 5.347790e-07, 1.328124e-04, 1.816130e-08, 1.493852e-04, 2.943484e-08, 6.934047e-06, 1.779053e-06, 3.737866e-08, 4.455469e-03, 2.921658e-08, 1.910560e-02, 6.587555e+00, 1.539446e+04, 1.539846e+04
9.300000e-03, 4.765434e-02, 2.896647e+00, 6.677000e-01, 2.896647e+00, 1.950375e-01, 8.578851e-01, -1.486945e+06, 1.639403e+03, 1.639403e+03, 4.700000e+06, 2.964571e-02, 3.334055e-07, 2.668564e-07, 2.867449e-01, 5.379407e-06, 1.257121e-02, 4.334682e-01, 2.328144e-01, 1.290155e-07, 3.010311e-06, 5.341606e-07, 1.324883e-04, 1.811498e-08, 1.490977e-04, 2.937501e-08, 6.923547e-06, 1.776990e-06, 3.727293e-08, 4.455469e-03, 2.919430e-08, 1.910522e-02, 6.587635e+00, 1.538392e+04, 1.538791e+04
9.400000e-03, 4.816707e-02, 2.896647e+00, 6.677000e-01, 2.896647e+00, 1.950352e-01, 8.578851e-01, -1.484065e+06, 1.639350e+03, 1.639350e+03, 4.700000e+06, 2.964864e-02, 3.332495e-07, 2.666586e-07, 2.867369e-01, 5.373011e-06, 1.256337e-02, 4.334858e-01, 2.328103e-01, 1.289805e-07, 3.010145e-06, 5.335439e-07, 1.321655e-04, 1.806885e-08, 1.488111e-04, 2.931540e-08, 6.913077e-06, 1.774933e-06, 3.716767e-08, 4.455469e-03, 2.917206e-08, 1.910484e-02, 6.587716e+00, 1.537340e+04, 1.537739e+04
9.500000e-03, 4.867980e-02, 2.896647e+00, 6.677000e-01, 2.896647e+00, 1.950328e-01, 8.578851e-01, -1.481075e+06, 1.639298e+03, 1.639298e+03, 4.700000e+06, 2.965156e-02, 3.330938e-07, 2.664613e-07, 2.867290e-01, 5.366632e-06, 1.255555e-02, 4.335034e-01, 2.328062e-01, 1.289455e-07, 3.009981e-06, 5.329289e-07, 1.318440e-04, 1.802291e-08, 1.485255e-04, 2.925599e-08, 6.902635e-06, 1.772882e-06, 3.706289e-08, 4.455469e-03, 2.914987e-08, 1.910446e-02, 6.587796e+00, 1.536290e+04, 1.536689e+04
9.600000e-03, 4.919253e-02, 2.896647e+00, 6.677000e-01, 2.896647e+00, 1.950304e-01, 8.578851e-01, -1.477963e+06, 1.639246e+03, 1.639246e+03, 4.700000e+06, 2.965448e-02, 3.329385e-07, 2.662645e-07, 2.867211e-01, 5.360271e-06, 1.254774e-02, 4.335210e-01, 2.328021e-01, 1.289106e-07, 3.009817e-06, 5.323156e-07, 1.315237e-04, 1.797717e-08, 1.482409e-04, 2.919679e-08, 6.892223e-06, 1.770836e-06, 3.695859e-08, 4.455469e-03, 2.912773e-08, 1.910409e-02, 6.587876e+00, 1.535242e+04, 1.535641e+04
9.700000e-03, 4.970528e-02, 2.896647e+00, 6.677000e-01, 2.896647e+00, 1.950280e-01, 8.578851e-01, -1.474719e+06, 1.639194e+03, 1.639194e+03, 4.700000e+06, 2.965739e-02, 3.327835e-07, 2.660682e-07, 2.867132e-01, 5.353927e-06, 1.253995e-02, 4.335385e-01, 2.327980e-01, 1.288758e-07, 3.009654e-06, 5.317041e-07, 1.312048e-04, 1.793161e-08, 1.479572e-04, 2.913780e-08, 6.881841e-06, 1.768797e-06, 3.685476e-08, 4.455469e-03, 2.910564e-08, 1.910371e-02, 6.587956e+00, 1.534197e+04, 1.534595e+04
9.800000e-03, 5.021802e-02, 2.896647e+00, 6.677000e-01, 2.896647e+00, 1.950257e-01, 8.578851e-01, -1.471334e+06, 1.639142e+03, 1.639142e+03, 4.700000e+06, 2.966030e-02, 3.326288e-07, 2.658724e-07, 2.867053e-01, 5.347600e-06, 1.253217e-02, 4.335559e-01, 2.327939e-01, 1.288411e-07, 3.009492e-06, 5.310942e-07, 1.308871e-04, 1.788625e-08, 1.476745e-04, 2.907901e-08, 6.871487e-06, 1.766763e-06, 3.675140e-08, 4.455469e-03, 2.908360e-08, 1.910334e-02, 6.588036e+00, 1.533153e+04, 1.533551e+04
9.900000e-03, 5.073078e-02, 2.896647e+00, 6.677000e-01, 2.896647e+00, 1.950233e-01, 8.578851e-01, -1.467795e+06, 1.639090e+03, 1.639090e+03, 4.700000e+06, 2.966320e-02, 3.324745e-07, 2.656771e-07, 2.866974e-01, 5.341291e-06, 1.252441e-02, 4.335733e-01, 2.327899e-01, 1.288064e-07, 3.009331e-06, 5.304861e-07, 1.305707e-04, 1.784108e-08, 1.473927e-04, 2.902043e-08, 6.861163e-06, 1.764735e-06, 3.664852e-08, 4.455469e-03, 2.906162e-08, 1.910296e-02, 6.588116e+00, 1.532111e+04, 1.532509e+04
1.000000e-02, 5.124354e-02, 2.896647e+00, 6.677000e-01, 2.896647e+00, 1.950209e-01, 8.578851e-01, -1.464094e+06, 1.639038e+03, 1.639038e+03, 4.700000e+06, 2.966610e-02, 3.323206e-07, 2.654824e-07, 2.866896e-01, 5.334999e-06, 1.251666e-02, 4.335907e-01, 2.327858e-01, 1.287718e-07, 3.009171e-06, 5.298796e-07, 1.302557e-04, 1.779610e-08, 1.471119e-04, 2.896206e-08, 6.850868e-06, 1.762713e-06, 3.654611e-08, 4.455469e-03, 2.903968e-08, 1.910259e-02, 6.588196e+00, 1.531072e+04, 1.531470e+04
