Distance_PFRC4_(m), Plug_flow_residence_time_PFRC4_(sec), Internal_surface_area_per_unit_distance_PFRC4_(m), Cross-section_area_PFRC4_(m2), External_surface_area_per_unit_distance_PFRC4_(m), Velocity_PFRC4_(m/sec), Exit_mass_flow_rate_PFRC4_(kg/sec), Volumetric_heat_production_rate_PFRC4_(J/m3-sec), Surface_temperature_PFRC4_(K), Heat_loss_rate_PFRC4_(J/m-sec), Temperature_PFRC4_(K), Pressure_PFRC4_(Pa), Mole_fraction_N2_PFRC4_(), Mole_fraction_H2_PFRC4_(), Mole_fraction_H_PFRC4_(), Mole_fraction_O2_PFRC4_(), Mole_fraction_H2O_PFRC4_(), Mole_fraction_OH_PFRC4_(), Mole_fraction_CO_PFRC4_(), Mole_fraction_CO2_PFRC4_(), Mole_fraction_CH4_PFRC4_(), Mole_fraction_CH3_PFRC4_(), Mole_fraction_CH3OH_PFRC4_(), Mole_fraction_CH2O_PFRC4_(), Mole_fraction_HCO_PFRC4_(), Mole_fraction_HOCHO_PFRC4_(), Mole_fraction_C2H6_PFRC4_(), Mole_fraction_C2H5_PFRC4_(), Mole_fraction_C2H4_PFRC4_(), Mole_fraction_C2H3_PFRC4_(), Mole_fraction_CHCHO_PFRC4_(), Mole_fraction_C2H2_PFRC4_(), Mole_fraction_CH3CHO_PFRC4_(), Mole_fraction_C2H3OH_PFRC4_(), Mole_fraction_CH2CO_PFRC4_(), Mole_fraction_HCCOH_PFRC4_(), Mole_fraction_C3H6_PFRC4_(), Mole_fraction_C3H4-P_PFRC4_(), Mole_fraction_C3H4-A_PFRC4_(), Mole_fraction_C3H3_PFRC4_(), Mole_fraction_CCYCCO-T1_PFRC4_(), Mole_fraction_C4H4_PFRC4_(), Mole_fraction_C4H2_PFRC4_(), Mole_fraction_C6H6_PFRC4_(), Mole_fraction_OC5H7O_PFRC4_(), Molecular_weight_PFRC4_(kg/mole), Mass_density_PFRC4_(kg/m3), Unburned_hydrocarbons_PFRC4_(ppm), Volatile_organic_compounds_PFRC4_(ppm)
0.000000e+00, 0.000000e+00, 2.896647e+00, 6.677000e-01, 2.896647e+00, 1.709830e-01, 5.192595e-01, -4.796764e+06, 1.740658e+03, 0.000000e+00, 1.740658e+03, 4.700000e+06, 3.541893e-03, 4.761357e-01, 2.160282e-05, 1.080341e-08, 1.965241e-01, 5.884519e-07, 2.763706e-01, 3.217233e-02, 1.491880e-02, 1.385978e-05, 7.083713e-07, 3.000285e-06, 1.993839e-07, 1.549834e-07, 3.687007e-06, 2.737882e-08, 9.789264e-05, 3.971412e-08, 6.674213e-05, 1.242710e-04, 6.806265e-08, 6.078382e-08, 8.802764e-07, 1.825566e-08, 1.487661e-07, 4.175967e-07, 1.635118e-07, 2.352651e-08, 2.648032e-08, 2.432688e-08, 1.009806e-08, 1.833916e-06, 4.025041e-08, 1.400556e-02, 4.548312e+00, 1.539801e+04, 1.553796e+04
1.000000e-04, 5.848683e-04, 2.896647e+00, 6.677000e-01, 2.896647e+00, 1.709746e-01, 5.192595e-01, -6.175852e+06, 1.740396e+03, 2.501106e+04, 1.740396e+03, 4.699982e+06, 3.541547e-03, 4.761361e-01, 2.150117e-05, 1.085288e-08, 1.965304e-01, 5.852546e-07, 2.765042e-01, 3.207619e-02, 1.489801e-02, 1.377483e-05, 7.039424e-07, 2.999045e-06, 1.986893e-07, 1.552830e-07, 3.497580e-06, 2.491134e-08, 8.888621e-05, 3.564450e-08, 6.659950e-05, 1.115290e-04, 6.421254e-08, 5.510038e-08, 8.635968e-07, 1.636024e-08, 1.338530e-07, 3.714460e-07, 1.452416e-07, 2.075904e-08, 2.647773e-08, 1.938615e-08, 7.977290e-09, 1.211088e-06, 4.024590e-08, 1.400419e-02, 4.548535e+00, 1.532922e+04, 1.546880e+04
2.000000e-04, 1.169770e-03, 2.896647e+00, 6.677000e-01, 2.896647e+00, 1.709633e-01, 5.192595e-01, -6.882064e+06, 1.740093e+03, 2.501106e+04, 1.740093e+03, 4.699982e+06, 3.541163e-03, 4.761818e-01, 2.141539e-05, 1.081993e-08, 1.965047e-01, 5.823125e-07, 2.766010e-01, 3.201161e-02, 1.486017e-02, 1.368358e-05, 6.994016e-07, 2.997882e-06, 1.981414e-07, 1.554792e-07, 3.379254e-06, 2.342967e-08, 8.349726e-05, 3.319315e-08, 6.645705e-05, 1.038578e-04, 6.185650e-08, 5.167507e-08, 8.516315e-07, 1.520713e-08, 1.246816e-07, 3.427803e-07, 1.338702e-07, 1.902122e-08, 2.647486e-08, 1.662502e-08, 6.784233e-09, 7.868593e-07, 4.024097e-08, 1.400267e-02, 4.548835e+00, 1.526220e+04, 1.540144e+04
3.000000e-04, 1.754713e-03, 2.896647e+00, 6.677000e-01, 2.896647e+00, 1.709510e-01, 5.192595e-01, -7.164833e+06, 1.739768e+03, 2.501106e+04, 1.739768e+03, 4.699982e+06, 3.540758e-03, 4.762573e-01, 2.134009e-05, 1.078506e-08, 1.964571e-01, 5.795500e-07, 2.766724e-01, 3.196910e-02, 1.481237e-02, 1.358953e-05, 6.948203e-07, 2.996728e-06, 1.976828e-07, 1.556076e-07, 3.303225e-06, 2.253180e-08, 8.026357e-05, 3.170128e-08, 6.631512e-05, 9.921160e-05, 6.038887e-08, 4.958993e-08, 8.424972e-07, 1.449708e-08, 1.189620e-07, 3.247368e-07, 1.267019e-07, 1.791342e-08, 2.647184e-08, 1.503606e-08, 6.091700e-09, 5.075377e-07, 4.023580e-08, 1.400107e-02, 4.549163e+00, 1.519660e+04, 1.533552e+04
4.000000e-04, 2.339698e-03, 2.896647e+00, 6.677000e-01, 2.896647e+00, 1.709383e-01, 5.192595e-01, -7.226889e+06, 1.739435e+03, 2.501106e+04, 1.739435e+03, 4.699982e+06, 3.540344e-03, 4.763510e-01, 2.127138e-05, 1.074931e-08, 1.963956e-01, 5.769099e-07, 2.767274e-01, 3.194104e-02, 1.475921e-02, 1.349470e-05, 6.902444e-07, 2.995583e-06, 1.972774e-07, 1.556949e-07, 3.251072e-06, 2.196147e-08, 7.824301e-05, 3.074765e-08, 6.617389e-05, 9.626832e-05, 5.942100e-08, 4.825726e-08, 8.349802e-07, 1.403651e-08, 1.152026e-07, 3.127853e-07, 1.219520e-07, 1.717024e-08, 2.646874e-08, 1.406906e-08, 5.666145e-09, 3.271877e-07, 4.023052e-08, 1.399944e-02, 4.549501e+00, 1.513215e+04, 1.527076e+04
5.000000e-04, 2.924726e-03, 2.896647e+00, 6.677000e-01, 2.896647e+00, 1.709255e-01, 5.192595e-01, -7.195244e+06, 1.739101e+03, 2.501106e+04, 1.739101e+03, 4.699982e+06, 3.539928e-03, 4.764550e-01, 2.120667e-05, 1.071319e-08, 1.963260e-01, 5.743533e-07, 2.767721e-01, 3.192200e-02, 1.470358e-02, 1.340026e-05, 6.857011e-07, 2.994445e-06, 1.969015e-07, 1.557590e-07, 3.211237e-06, 2.155968e-08, 7.684542e-05, 3.007203e-08, 6.603345e-05, 9.420339e-05, 5.871032e-08, 4.731219e-08, 8.283278e-07, 1.370518e-08, 1.124709e-07, 3.040827e-07, 1.184982e-07, 1.662538e-08, 2.646563e-08, 1.342788e-08, 5.381649e-09, 2.118785e-07, 4.022523e-08, 1.399779e-02, 4.549841e+00, 1.506867e+04, 1.520697e+04
6.000000e-04, 3.509798e-03, 2.896647e+00, 6.677000e-01, 2.896647e+00, 1.709129e-01, 5.192595e-01, -7.123954e+06, 1.738768e+03, 2.501106e+04, 1.738768e+03, 4.699982e+06, 3.539512e-03, 4.765647e-01, 2.114458e-05, 1.067700e-08, 1.962515e-01, 5.718597e-07, 2.768103e-01, 3.190869e-02, 1.464693e-02, 1.330677e-05, 6.812052e-07, 2.993318e-06, 1.965433e-07, 1.558095e-07, 3.177996e-06, 2.124740e-08, 7.577774e-05, 2.954485e-08, 6.589386e-05, 9.260679e-05, 5.813650e-08, 4.657337e-08, 8.221668e-07, 1.344321e-08, 1.102987e-07, 2.971849e-07, 1.157684e-07, 1.619310e-08, 2.646252e-08, 1.296499e-08, 5.175390e-09, 1.401357e-07, 4.021994e-08, 1.399615e-02, 4.550178e+00, 1.500606e+04, 1.514406e+04
7.000000e-04, 4.094913e-03, 2.896647e+00, 6.677000e-01, 2.896647e+00, 1.709004e-01, 5.192595e-01, -7.036486e+06, 1.738439e+03, 2.501106e+04, 1.738439e+03, 4.699982e+06, 3.539100e-03, 4.766770e-01, 2.108424e-05, 1.064096e-08, 1.961748e-01, 5.694167e-07, 2.768447e-01, 3.189869e-02, 1.459017e-02, 1.321456e-05, 6.767682e-07, 2.992206e-06, 1.961959e-07, 1.558526e-07, 3.147938e-06, 2.097642e-08, 7.486275e-05, 2.908598e-08, 6.575513e-05, 9.122710e-05, 5.762652e-08, 4.592969e-08, 8.162677e-07, 1.321346e-08, 1.083927e-07, 2.911672e-07, 1.133943e-07, 1.581693e-08, 2.645944e-08, 1.257777e-08, 5.003160e-09, 9.524117e-08, 4.021470e-08, 1.399452e-02, 4.550510e+00, 1.494425e+04, 1.508196e+04
8.000000e-04, 4.680070e-03, 2.896647e+00, 6.677000e-01, 2.896647e+00, 1.708881e-01, 5.192595e-01, -6.948702e+06, 1.738113e+03, 2.501106e+04, 1.738113e+03, 4.699982e+06, 3.538692e-03, 4.767899e-01, 2.102513e-05, 1.060519e-08, 1.960972e-01, 5.670159e-07, 2.768769e-01, 3.189047e-02, 1.453373e-02, 1.312372e-05, 6.723936e-07, 2.991112e-06, 1.958553e-07, 1.558920e-07, 3.119400e-06, 2.072453e-08, 7.401661e-05, 2.865949e-08, 6.561728e-05, 8.994833e-05, 5.714637e-08, 4.533049e-08, 8.105269e-07, 1.299929e-08, 1.066187e-07, 2.856029e-07, 1.112048e-07, 1.547099e-08, 2.645639e-08, 1.223062e-08, 4.849249e-09, 6.595772e-08, 4.020950e-08, 1.399290e-02, 4.550837e+00, 1.488321e+04, 1.502061e+04
9.000000e-04, 5.265269e-03, 2.896647e+00, 6.677000e-01, 2.896647e+00, 1.708759e-01, 5.192595e-01, -6.874316e+06, 1.737792e+03, 2.501106e+04, 1.737792e+03, 4.699982e+06, 3.538288e-03, 4.769020e-01, 2.096681e-05, 1.056975e-08, 1.960200e-01, 5.646498e-07, 2.769082e-01, 3.188288e-02, 1.447793e-02, 1.303429e-05, 6.680822e-07, 2.990037e-06, 1.955184e-07, 1.559305e-07, 3.091075e-06, 2.047515e-08, 7.317592e-05, 2.823946e-08, 6.548028e-05, 8.868507e-05, 5.667059e-08, 4.473855e-08, 8.048687e-07, 1.278885e-08, 1.048803e-07, 2.801923e-07, 1.090790e-07, 1.513766e-08, 2.645337e-08, 1.190072e-08, 4.703860e-09, 4.343966e-08, 4.020436e-08, 1.399131e-02, 4.551161e+00, 1.482288e+04, 1.495999e+04
1.000000e-03, 5.850539e-03, 2.896647e+00, 6.677000e-01, 2.896647e+00, 1.708640e-01, 5.192595e-01, -6.771528e+06, 1.737476e+03, 2.501106e+04, 1.737476e+03, 4.699982e+06, 3.537893e-03, 4.770131e-01, 2.090998e-05, 1.053482e-08, 1.959434e-01, 5.623424e-07, 2.769378e-01, 3.187643e-02, 1.442304e-02, 1.294701e-05, 6.638715e-07, 2.988992e-06, 1.951894e-07, 1.559667e-07, 3.063878e-06, 2.023873e-08, 7.238002e-05, 2.784250e-08, 6.534473e-05, 8.749193e-05, 5.621612e-08, 4.417768e-08, 7.993807e-07, 1.259002e-08, 1.032409e-07, 2.751310e-07, 1.070949e-07, 1.482817e-08, 2.645041e-08, 1.160121e-08, 4.572729e-09, 3.161898e-08, 4.019931e-08, 1.398974e-02, 4.551477e+00, 1.476377e+04, 1.490059e+04
1.100000e-03, 6.435837e-03, 2.896647e+00, 6.677000e-01, 2.896647e+00, 1.708522e-01, 5.192595e-01, -6.731676e+06, 1.737163e+03, 2.501106e+04, 1.737163e+03, 4.699982e+06, 3.537500e-03, 4.771236e-01, 2.085373e-05, 1.050010e-08, 1.958671e-01, 5.600581e-07, 2.769669e-01, 3.187030e-02, 1.436851e-02, 1.286058e-05, 6.597012e-07, 2.987959e-06, 1.948637e-07, 1.560019e-07, 3.037192e-06, 2.000801e-08, 7.160446e-05, 2.745535e-08, 6.520977e-05, 8.632944e-05, 5.577114e-08, 4.363033e-08, 7.939626e-07, 1.239606e-08, 1.016418e-07, 2.702041e-07, 1.051647e-07, 1.452728e-08, 2.644747e-08, 1.131219e-08, 4.446431e-09, 2.271108e-08, 4.019430e-08, 1.398819e-02, 4.551792e+00, 1.470514e+04, 1.484168e+04
1.200000e-03, 7.021185e-03, 2.896647e+00, 6.677000e-01, 2.896647e+00, 1.708406e-01, 5.192595e-01, -6.582581e+06, 1.736854e+03, 2.501106e+04, 1.736854e+03, 4.699982e+06, 3.537112e-03, 4.772330e-01, 2.079847e-05, 1.046581e-08, 1.957916e-01, 5.578196e-07, 2.769953e-01, 3.186454e-02, 1.431464e-02, 1.277596e-05, 6.556154e-07, 2.986957e-06, 1.945430e-07, 1.560363e-07, 3.011239e-06, 1.978570e-08, 7.085652e-05, 2.708427e-08, 6.507581e-05, 8.521396e-05, 5.534007e-08, 4.310415e-08, 7.886762e-07, 1.221066e-08, 1.001123e-07, 2.655226e-07, 1.033321e-07, 1.424326e-08, 2.644458e-08, 1.104283e-08, 4.329464e-09, 1.689097e-08, 4.018935e-08, 1.398666e-02, 4.552103e+00, 1.464735e+04, 1.478359e+04
1.300000e-03, 7.606600e-03, 2.896647e+00, 6.677000e-01, 2.896647e+00, 1.708291e-01, 5.192595e-01, -6.457694e+06, 1.736551e+03, 2.501106e+04, 1.736551e+03, 4.699982e+06, 3.536731e-03, 4.773404e-01, 2.074438e-05, 1.043200e-08, 1.957174e-01, 5.556292e-07, 2.770230e-01, 3.185902e-02, 1.426172e-02, 1.269316e-05, 6.516175e-07, 2.985982e-06, 1.942289e-07, 1.560696e-07, 2.986017e-06, 1.957088e-08, 7.013410e-05, 2.672636e-08, 6.494321e-05, 8.413826e-05, 5.492210e-08, 4.259600e-08, 7.835180e-07, 1.203193e-08, 9.863728e-08, 2.610191e-07, 1.015701e-07, 1.397059e-08, 2.644173e-08, 1.078639e-08, 4.218338e-09, 1.282030e-08, 4.018448e-08, 1.398515e-02, 4.552408e+00, 1.459064e+04, 1.472661e+04
1.400000e-03, 8.192082e-03, 2.896647e+00, 6.677000e-01, 2.896647e+00, 1.708178e-01, 5.192595e-01, -6.352068e+06, 1.736253e+03, 2.501106e+04, 1.736253e+03, 4.699982e+06, 3.536358e-03, 4.774461e-01, 2.069142e-05, 1.039869e-08, 1.956444e-01, 5.534860e-07, 2.770500e-01, 3.185376e-02, 1.420973e-02, 1.261217e-05, 6.477057e-07, 2.985032e-06, 1.939212e-07, 1.561020e-07, 2.961513e-06, 1.936341e-08, 6.943673e-05, 2.638138e-08, 6.481193e-05, 8.310159e-05, 5.451698e-08, 4.210554e-08, 7.784856e-07, 1.185976e-08, 9.721560e-08, 2.566904e-07, 9.987711e-08, 1.370907e-08, 2.643894e-08, 1.054263e-08, 4.112944e-09, 1.046688e-08, 4.017970e-08, 1.398367e-02, 4.552708e+00, 1.453501e+04, 1.467070e+04
1.500000e-03, 8.777564e-03, 2.896647e+00, 6.677000e-01, 2.896647e+00, 1.708065e-01, 5.192595e-01, -6.353527e+06, 1.735955e+03, 2.501106e+04, 1.735955e+03, 4.699982e+06, 3.535985e-03, 4.775518e-01, 2.063847e-05, 1.036538e-08, 1.955714e-01, 5.513434e-07, 2.770770e-01, 3.184850e-02, 1.415775e-02, 1.253119e-05, 6.437948e-07, 2.984082e-06, 1.936136e-07, 1.561344e-07, 2.937015e-06, 1.915598e-08, 6.873952e-05, 2.603646e-08, 6.468067e-05, 8.206514e-05, 5.411196e-08, 4.161518e-08, 7.734542e-07, 1.168763e-08, 9.579422e-08, 2.523625e-07, 9.818452e-08, 1.344760e-08, 2.643615e-08, 1.029892e-08, 4.007573e-09, 8.113967e-09, 4.017492e-08, 1.398220e-02, 4.553009e+00, 1.447940e+04, 1.461480e+04
1.600000e-03, 9.363082e-03, 2.896647e+00, 6.677000e-01, 2.896647e+00, 1.707954e-01, 5.192595e-01, -6.343251e+06, 1.735660e+03, 2.501106e+04, 1.735660e+03, 4.699982e+06, 3.535615e-03, 4.776564e-01, 2.058616e-05, 1.033237e-08, 1.954992e-01, 5.492298e-07, 2.771036e-01, 3.184333e-02, 1.410628e-02, 1.245137e-05, 6.399388e-07, 2.983151e-06, 1.933093e-07, 1.561664e-07, 2.912889e-06, 1.895239e-08, 6.805458e-05, 2.569897e-08, 6.455016e-05, 8.105017e-05, 5.371363e-08, 4.113460e-08, 7.684997e-07, 1.151950e-08, 9.440519e-08, 2.481461e-07, 9.653582e-08, 1.319363e-08, 2.643338e-08, 1.006323e-08, 3.905983e-09, 6.206651e-09, 4.017018e-08, 1.398074e-02, 4.553307e+00, 1.442436e+04, 1.455949e+04
1.700000e-03, 9.948662e-03, 2.896647e+00, 6.677000e-01, 2.896647e+00, 1.707843e-01, 5.192595e-01, -6.237881e+06, 1.735370e+03, 2.501106e+04, 1.735370e+03, 4.699982e+06, 3.535252e-03, 4.777593e-01, 2.053491e-05, 1.029985e-08, 1.954281e-01, 5.471645e-07, 2.771298e-01, 3.183831e-02, 1.405565e-02, 1.237347e-05, 6.361739e-07, 2.982252e-06, 1.930105e-07, 1.561979e-07, 2.889379e-06, 1.875518e-08, 6.739001e-05, 2.537379e-08, 6.442085e-05, 8.007087e-05, 5.332642e-08, 4.067024e-08, 7.636728e-07, 1.135803e-08, 9.306987e-08, 2.441146e-07, 9.496004e-08, 1.295211e-08, 2.643067e-08, 9.840860e-09, 3.810682e-09, 5.042006e-09, 4.016552e-08, 1.397930e-02, 4.553600e+00, 1.437029e+04, 1.450513e+04
1.800000e-03, 1.053424e-02, 2.896647e+00, 6.677000e-01, 2.896647e+00, 1.707733e-01, 5.192595e-01, -6.233033e+06, 1.735080e+03, 2.501106e+04, 1.735080e+03, 4.699982e+06, 3.534888e-03, 4.778622e-01, 2.048367e-05, 1.026733e-08, 1.953570e-01, 5.450996e-07, 2.771559e-01, 3.183329e-02, 1.400503e-02, 1.229559e-05, 6.324097e-07, 2.981354e-06, 1.927117e-07, 1.562293e-07, 2.865874e-06, 1.855801e-08, 6.672558e-05, 2.504867e-08, 6.429156e-05, 7.909176e-05, 5.293929e-08, 4.020598e-08, 7.588469e-07, 1.119659e-08, 9.173483e-08, 2.400840e-07, 9.338459e-08, 1.271064e-08, 2.642795e-08, 9.618538e-09, 3.715400e-09, 3.877602e-09, 4.016086e-08, 1.397786e-02, 4.553894e+00, 1.431622e+04, 1.445079e+04
1.900000e-03, 1.111990e-02, 2.896647e+00, 6.677000e-01, 2.896647e+00, 1.707625e-01, 5.192596e-01, -6.139182e+06, 1.734796e+03, 2.501106e+04, 1.734796e+03, 4.699982e+06, 3.534533e-03, 4.779628e-01, 2.043370e-05, 1.023542e-08, 1.952875e-01, 5.430914e-07, 2.771814e-01, 3.182842e-02, 1.395548e-02, 1.221994e-05, 6.287524e-07, 2.980490e-06, 1.924198e-07, 1.562600e-07, 2.843105e-06, 1.836818e-08, 6.608504e-05, 2.473729e-08, 6.416382e-05, 7.815291e-05, 5.256520e-08, 3.976010e-08, 7.541691e-07, 1.104245e-08, 9.045857e-08, 2.362502e-07, 9.188650e-08, 1.248206e-08, 2.642529e-08, 9.409882e-09, 3.626450e-09, 3.144157e-09, 4.015630e-08, 1.397646e-02, 4.554181e+00, 1.426336e+04, 1.439767e+04
2.000000e-03, 1.170559e-02, 2.896647e+00, 6.677000e-01, 2.896647e+00, 1.707518e-01, 5.192596e-01, -6.080121e+06, 1.734514e+03, 2.501106e+04, 1.734514e+03, 4.699982e+06, 3.534180e-03, 4.780628e-01, 2.038415e-05, 1.020370e-08, 1.952185e-01, 5.411016e-07, 2.772066e-01, 3.182360e-02, 1.390628e-02, 1.214502e-05, 6.251296e-07, 2.979637e-06, 1.921301e-07, 1.562905e-07, 2.820573e-06, 1.818072e-08, 6.545219e-05, 2.443032e-08, 6.403660e-05, 7.722698e-05, 5.219530e-08, 3.932012e-08, 7.495391e-07, 1.089064e-08, 8.920118e-08, 2.324796e-07, 9.041320e-08, 1.225761e-08, 2.642266e-08, 9.205598e-09, 3.539524e-09, 2.547816e-09, 4.015176e-08, 1.397506e-02, 4.554468e+00, 1.421090e+04, 1.434493e+04
2.100000e-03, 1.229129e-02, 2.896647e+00, 6.677000e-01, 2.896647e+00, 1.707411e-01, 5.192596e-01, -6.079734e+06, 1.734232e+03, 2.501106e+04, 1.734232e+03, 4.699982e+06, 3.533829e-03, 4.781624e-01, 2.033481e-05, 1.017209e-08, 1.951498e-01, 5.391215e-07, 2.772318e-01, 3.181881e-02, 1.385726e-02, 1.207049e-05, 6.215253e-07, 2.978791e-06, 1.918415e-07, 1.563209e-07, 2.798164e-06, 1.799449e-08, 6.482331e-05, 2.412566e-08, 6.390964e-05, 7.630779e-05, 5.182759e-08, 3.888323e-08, 7.449343e-07, 1.074006e-08, 8.795370e-08, 2.287420e-07, 8.895289e-08, 1.203532e-08, 2.642003e-08, 9.003549e-09, 3.453628e-09, 1.993790e-09, 4.014724e-08, 1.397367e-02, 4.554753e+00, 1.415864e+04, 1.429240e+04
2.200000e-03, 1.287707e-02, 2.896647e+00, 6.677000e-01, 2.896647e+00, 1.707306e-01, 5.192596e-01, -5.957813e+06, 1.733957e+03, 2.501106e+04, 1.733957e+03, 4.699982e+06, 3.533485e-03, 4.782598e-01, 2.028675e-05, 1.014108e-08, 1.950825e-01, 5.371983e-07, 2.772564e-01, 3.181414e-02, 1.380928e-02, 1.199820e-05, 6.180281e-07, 2.977981e-06, 1.915597e-07, 1.563506e-07, 2.776477e-06, 1.781547e-08, 6.421769e-05, 2.383456e-08, 6.378421e-05, 7.542822e-05, 5.147261e-08, 3.846443e-08, 7.404771e-07, 1.059670e-08, 8.676454e-08, 2.251996e-07, 8.756919e-08, 1.182579e-08, 2.641746e-08, 8.814732e-09, 3.373832e-09, 1.693533e-09, 4.014282e-08, 1.397231e-02, 4.555033e+00, 1.410756e+04, 1.424105e+04
2.300000e-03, 1.346284e-02, 2.896647e+00, 6.677000e-01, 2.896647e+00, 1.707201e-01, 5.192596e-01, -5.924684e+06, 1.733682e+03, 2.501106e+04, 1.733682e+03, 4.699982e+06, 3.533141e-03, 4.783572e-01, 2.023869e-05, 1.011007e-08, 1.950153e-01, 5.352754e-07, 2.772809e-01, 3.180948e-02, 1.376132e-02, 1.192594e-05, 6.145316e-07, 2.977170e-06, 1.912780e-07, 1.563802e-07, 2.754794e-06, 1.763648e-08, 6.361219e-05, 2.354352e-08, 6.365881e-05, 7.454883e-05, 5.111771e-08, 3.804571e-08, 7.360208e-07, 1.045338e-08, 8.557561e-08, 2.216578e-07, 8.618575e-08, 1.161631e-08, 2.641489e-08, 8.625952e-09, 3.294052e-09, 1.393335e-09, 4.013839e-08, 1.397096e-02, 4.555313e+00, 1.405648e+04, 1.418971e+04
2.400000e-03, 1.404864e-02, 2.896647e+00, 6.677000e-01, 2.896647e+00, 1.707096e-01, 5.192596e-01, -5.910719e+06, 1.733408e+03, 2.501106e+04, 1.733408e+03, 4.699982e+06, 3.532800e-03, 4.784540e-01, 2.019098e-05, 1.007924e-08, 1.949485e-01, 5.333684e-07, 2.773053e-01, 3.180485e-02, 1.371363e-02, 1.185430e-05, 6.110651e-07, 2.976371e-06, 1.909981e-07, 1.564097e-07, 2.733309e-06, 1.745947e-08, 6.301305e-05, 2.325627e-08, 6.353383e-05, 7.368046e-05, 5.076630e-08, 3.763203e-08, 7.316056e-07, 1.031209e-08, 8.440311e-08, 2.181712e-07, 8.482393e-08, 1.141042e-08, 2.641234e-08, 8.440845e-09, 3.215961e-09, 1.124064e-09, 4.013399e-08, 1.396961e-02, 4.555591e+00, 1.400572e+04, 1.413868e+04
2.500000e-03, 1.463448e-02, 2.896647e+00, 6.677000e-01, 2.896647e+00, 1.706993e-01, 5.192596e-01, -5.856663e+06, 1.733138e+03, 2.501106e+04, 1.733138e+03, 4.699982e+06, 3.532462e-03, 4.785499e-01, 2.014390e-05, 1.004870e-08, 1.948824e-01, 5.314901e-07, 2.773295e-01, 3.180028e-02, 1.366643e-02, 1.178381e-05, 6.076525e-07, 2.975590e-06, 1.907214e-07, 1.564389e-07, 2.712179e-06, 1.728607e-08, 6.242538e-05, 2.297589e-08, 6.340959e-05, 7.283206e-05, 5.042118e-08, 3.722744e-08, 7.272646e-07, 1.017449e-08, 8.326034e-08, 2.147843e-07, 8.350126e-08, 1.121107e-08, 2.640981e-08, 8.262401e-09, 3.140935e-09, 9.110777e-10, 4.012963e-08, 1.396827e-02, 4.555867e+00, 1.395552e+04, 1.408822e+04
2.600000e-03, 1.522035e-02, 2.896647e+00, 6.677000e-01, 2.896647e+00, 1.706890e-01, 5.192596e-01, -5.802671e+06, 1.732869e+03, 2.501106e+04, 1.732869e+03, 4.699982e+06, 3.532127e-03, 4.786450e-01, 2.009724e-05, 1.001838e-08, 1.948168e-01, 5.296309e-07, 2.773534e-01, 3.179575e-02, 1.361957e-02, 1.171408e-05, 6.042760e-07, 2.974822e-06, 1.904470e-07, 1.564679e-07, 2.691287e-06, 1.711506e-08, 6.184537e-05, 2.270009e-08, 6.328586e-05, 7.199694e-05, 5.008027e-08, 3.682891e-08, 7.229731e-07, 1.003933e-08, 8.213735e-08, 2.114639e-07, 8.220464e-08, 1.101607e-08, 2.640730e-08, 8.088387e-09, 3.067946e-09, 7.354372e-10, 4.012531e-08, 1.396694e-02, 4.556142e+00, 1.390569e+04, 1.403813e+04
2.700000e-03, 1.580624e-02, 2.896647e+00, 6.677000e-01, 2.896647e+00, 1.706788e-01, 5.192596e-01, -5.746685e+06, 1.732602e+03, 2.501106e+04, 1.732602e+03, 4.699982e+06, 3.531794e-03, 4.787394e-01, 2.005099e-05, 9.988255e-09, 1.947516e-01, 5.277907e-07, 2.773771e-01, 3.179126e-02, 1.357303e-02, 1.164511e-05, 6.009355e-07, 2.974066e-06, 1.901748e-07, 1.564966e-07, 2.670631e-06, 1.694644e-08, 6.127300e-05, 2.242885e-08, 6.316262e-05, 7.117511e-05, 4.974355e-08, 3.643644e-08, 7.187311e-07, 9.906634e-09, 8.103415e-08, 2.082098e-07, 8.093405e-08, 1.082540e-08, 2.640481e-08, 7.918801e-09, 2.996994e-09, 5.971312e-10, 4.012101e-08, 1.396563e-02, 4.556414e+00, 1.385623e+04, 1.398841e+04
2.800000e-03, 1.639216e-02, 2.896647e+00, 6.677000e-01, 2.896647e+00, 1.706686e-01, 5.192596e-01, -5.686669e+06, 1.732336e+03, 2.501106e+04, 1.732336e+03, 4.699982e+06, 3.531463e-03, 4.788331e-01, 2.000517e-05, 9.958335e-09, 1.946870e-01, 5.259697e-07, 2.774007e-01, 3.178681e-02, 1.352683e-02, 1.157690e-05, 5.976309e-07, 2.973324e-06, 1.899047e-07, 1.565251e-07, 2.650213e-06, 1.678022e-08, 6.070828e-05, 2.216218e-08, 6.303990e-05, 7.036656e-05, 4.941103e-08, 3.605002e-08, 7.145384e-07, 9.776384e-09, 7.995072e-08, 2.050221e-07, 7.968950e-08, 1.063909e-08, 2.640234e-08, 7.753642e-09, 2.928077e-09, 4.961489e-10, 4.011674e-08, 1.396432e-02, 4.556685e+00, 1.380715e+04, 1.393907e+04
2.900000e-03, 1.697811e-02, 2.896647e+00, 6.677000e-01, 2.896647e+00, 1.706586e-01, 5.192596e-01, -5.626805e+06, 1.732073e+03, 2.501106e+04, 1.732073e+03, 4.699982e+06, 3.531135e-03, 4.789261e-01, 1.995981e-05, 9.928640e-09, 1.946229e-01, 5.241693e-07, 2.774240e-01, 3.178240e-02, 1.348100e-02, 1.150950e-05, 5.943653e-07, 2.972594e-06, 1.896372e-07, 1.565534e-07, 2.630058e-06, 1.661660e-08, 6.015200e-05, 2.190035e-08, 6.291775e-05, 6.957218e-05, 4.908312e-08, 3.567010e-08, 7.103991e-07, 9.648686e-09, 7.888795e-08, 2.019023e-07, 7.847159e-08, 1.045714e-08, 2.639989e-08, 7.592950e-09, 2.861184e-09, 4.217431e-10, 4.011251e-08, 1.396302e-02, 4.556955e+00, 1.375850e+04, 1.389016e+04
3.000000e-03, 1.756410e-02, 2.896647e+00, 6.677000e-01, 2.896647e+00, 1.706486e-01, 5.192596e-01, -5.578252e+06, 1.731813e+03, 2.501106e+04, 1.731813e+03, 4.699982e+06, 3.530811e-03, 4.790180e-01, 1.991501e-05, 9.899217e-09, 1.945595e-01, 5.223930e-07, 2.774471e-01, 3.177805e-02, 1.343567e-02, 1.144305e-05, 5.911448e-07, 2.971878e-06, 1.893727e-07, 1.565813e-07, 2.610222e-06, 1.645605e-08, 5.960592e-05, 2.164394e-08, 6.279635e-05, 6.879398e-05, 4.876074e-08, 3.529764e-08, 7.063212e-07, 9.523769e-09, 7.784781e-08, 1.988543e-07, 7.728173e-08, 1.027963e-08, 2.639747e-08, 7.436818e-09, 2.796288e-09, 3.503525e-10, 4.010831e-08, 1.396174e-02, 4.557221e+00, 1.371040e+04, 1.384180e+04
3.100000e-03, 1.815012e-02, 2.896647e+00, 6.677000e-01, 2.896647e+00, 1.706387e-01, 5.192596e-01, -5.526404e+06, 1.731555e+03, 2.501106e+04, 1.731555e+03, 4.699982e+06, 3.530490e-03, 4.791091e-01, 1.987068e-05, 9.870023e-09, 1.944967e-01, 5.206377e-07, 2.774699e-01, 3.177374e-02, 1.339073e-02, 1.137742e-05, 5.879639e-07, 2.971175e-06, 1.891108e-07, 1.566090e-07, 2.590655e-06, 1.629815e-08, 5.906845e-05, 2.139242e-08, 6.267556e-05, 6.803015e-05, 4.844305e-08, 3.493177e-08, 7.022974e-07, 9.401426e-09, 7.682852e-08, 1.958745e-07, 7.611865e-08, 1.010649e-08, 2.639507e-08, 7.285161e-09, 2.733411e-09, 3.030611e-10, 4.010416e-08, 1.396047e-02, 4.557486e+00, 1.366273e+04, 1.379388e+04
3.200000e-03, 1.873617e-02, 2.896647e+00, 6.677000e-01, 2.896647e+00, 1.706288e-01, 5.192596e-01, -5.469020e+06, 1.731299e+03, 2.501106e+04, 1.731299e+03, 4.699982e+06, 3.530172e-03, 4.791994e-01, 1.982682e-05, 9.841058e-09, 1.944344e-01, 5.189034e-07, 2.774925e-01, 3.176948e-02, 1.334619e-02, 1.131262e-05, 5.848224e-07, 2.970485e-06, 1.888513e-07, 1.566364e-07, 2.571355e-06, 1.614289e-08, 5.853959e-05, 2.114579e-08, 6.255536e-05, 6.728069e-05, 4.813007e-08, 3.457248e-08, 6.983276e-07, 9.281657e-09, 7.583007e-08, 1.929631e-07, 7.498234e-08, 9.937728e-09, 2.639269e-08, 7.137976e-09, 2.672552e-09, 2.798623e-10, 4.010003e-08, 1.395921e-02, 4.557748e+00, 1.361551e+04, 1.374640e+04
3.300000e-03, 1.932225e-02, 2.896647e+00, 6.677000e-01, 2.896647e+00, 1.706191e-01, 5.192596e-01, -5.403885e+06, 1.731046e+03, 2.501106e+04, 1.731046e+03, 4.699982e+06, 3.529856e-03, 4.792889e-01, 1.978344e-05, 9.812323e-09, 1.943727e-01, 5.171901e-07, 2.775149e-01, 3.176526e-02, 1.330203e-02, 1.124865e-05, 5.817204e-07, 2.969808e-06, 1.885945e-07, 1.566636e-07, 2.552325e-06, 1.599028e-08, 5.801935e-05, 2.090406e-08, 6.243575e-05, 6.654559e-05, 4.782178e-08, 3.421978e-08, 6.944118e-07, 9.164461e-09, 7.485246e-08, 1.901200e-07, 7.387278e-08, 9.773337e-09, 2.639033e-08, 6.995262e-09, 2.613712e-09, 2.807496e-10, 4.009595e-08, 1.395797e-02, 4.558008e+00, 1.356872e+04, 1.369936e+04
3.400000e-03, 1.990837e-02, 2.896647e+00, 6.677000e-01, 2.896647e+00, 1.706094e-01, 5.192596e-01, -5.331569e+06, 1.730794e+03, 2.501106e+04, 1.730794e+03, 4.699982e+06, 3.529544e-03, 4.793776e-01, 1.974052e-05, 9.783815e-09, 1.943116e-01, 5.154976e-07, 2.775371e-01, 3.176108e-02, 1.325827e-02, 1.118550e-05, 5.786574e-07, 2.969144e-06, 1.883401e-07, 1.566905e-07, 2.533559e-06, 1.584027e-08, 5.750758e-05, 2.066710e-08, 6.231675e-05, 6.582457e-05, 4.751812e-08, 3.387353e-08, 6.905493e-07, 9.049776e-09, 7.389520e-08, 1.873434e-07, 7.278928e-08, 9.613191e-09, 2.638799e-08, 6.856864e-09, 2.556814e-09, 3.027440e-10, 4.009189e-08, 1.395673e-02, 4.558267e+00, 1.352237e+04, 1.365276e+04
3.500000e-03, 2.049452e-02, 2.896647e+00, 6.677000e-01, 2.896647e+00, 1.705998e-01, 5.192596e-01, -5.297718e+06, 1.730545e+03, 2.501106e+04, 1.730545e+03, 4.699982e+06, 3.529234e-03, 4.794655e-01, 1.969802e-05, 9.755515e-09, 1.942511e-01, 5.138223e-07, 2.775591e-01, 3.175694e-02, 1.321489e-02, 1.112300e-05, 5.756264e-07, 2.968488e-06, 1.880881e-07, 1.567172e-07, 2.515008e-06, 1.569210e-08, 5.700202e-05, 2.043312e-08, 6.219835e-05, 6.511254e-05, 4.721791e-08, 3.353156e-08, 6.867276e-07, 8.936542e-09, 7.295004e-08, 1.846022e-07, 7.171960e-08, 9.455098e-09, 2.638568e-08, 6.720112e-09, 2.500571e-09, 2.942765e-10, 4.008787e-08, 1.395551e-02, 4.558523e+00, 1.347644e+04, 1.360658e+04
3.600000e-03, 2.108070e-02, 2.896647e+00, 6.677000e-01, 2.896647e+00, 1.705903e-01, 5.192596e-01, -5.266502e+06, 1.730298e+03, 2.501106e+04, 1.730298e+03, 4.699982e+06, 3.528927e-03, 4.795526e-01, 1.965598e-05, 9.727436e-09, 1.941911e-01, 5.121668e-07, 2.775808e-01, 3.175285e-02, 1.317190e-02, 1.106128e-05, 5.726322e-07, 2.967845e-06, 1.878386e-07, 1.567436e-07, 2.496707e-06, 1.554629e-08, 5.650426e-05, 2.020338e-08, 6.208055e-05, 6.441309e-05, 4.692197e-08, 3.319541e-08, 6.829554e-07, 8.825507e-09, 7.202281e-08, 1.819183e-07, 7.067236e-08, 9.300606e-09, 2.638338e-08, 6.586890e-09, 2.445891e-09, 2.917929e-10, 4.008389e-08, 1.395429e-02, 4.558777e+00, 1.343094e+04, 1.356083e+04
3.700000e-03, 2.166692e-02, 2.896647e+00, 6.677000e-01, 2.896647e+00, 1.705809e-01, 5.192596e-01, -5.235851e+06, 1.730053e+03, 2.501106e+04, 1.730053e+03, 4.699982e+06, 3.528623e-03, 4.796388e-01, 1.961438e-05, 9.699579e-09, 1.941316e-01, 5.105309e-07, 2.776024e-01, 3.174880e-02, 1.312929e-02, 1.100034e-05, 5.696749e-07, 2.967212e-06, 1.875916e-07, 1.567698e-07, 2.478657e-06, 1.540286e-08, 5.601431e-05, 1.997789e-08, 6.196335e-05, 6.372621e-05, 4.663030e-08, 3.286506e-08, 6.792328e-07, 8.716669e-09, 7.111349e-08, 1.792918e-07, 6.964757e-08, 9.149712e-09, 2.638111e-08, 6.457199e-09, 2.392774e-09, 2.952917e-10, 4.007994e-08, 1.395309e-02, 4.559030e+00, 1.338588e+04, 1.351552e+04
3.800000e-03, 2.225316e-02, 2.896647e+00, 6.677000e-01, 2.896647e+00, 1.705715e-01, 5.192596e-01, -5.203723e+06, 1.729811e+03, 2.501106e+04, 1.729811e+03, 4.699982e+06, 3.528322e-03, 4.797243e-01, 1.957324e-05, 9.671943e-09, 1.940727e-01, 5.089148e-07, 2.776237e-01, 3.174479e-02, 1.308708e-02, 1.094016e-05, 5.667545e-07, 2.966592e-06, 1.873470e-07, 1.567957e-07, 2.460856e-06, 1.526180e-08, 5.553216e-05, 1.975664e-08, 6.184675e-05, 6.305189e-05, 4.634291e-08, 3.254052e-08, 6.755597e-07, 8.610029e-09, 7.022209e-08, 1.767225e-07, 6.864521e-08, 9.002415e-09, 2.637886e-08, 6.331035e-09, 2.341220e-09, 3.047713e-10, 4.007602e-08, 1.395190e-02, 4.559280e+00, 1.334124e+04, 1.347063e+04
3.900000e-03, 2.283944e-02, 2.896647e+00, 6.677000e-01, 2.896647e+00, 1.705622e-01, 5.192596e-01, -5.168099e+06, 1.729570e+03, 2.501106e+04, 1.729570e+03, 4.699982e+06, 3.528024e-03, 4.798090e-01, 1.953255e-05, 9.644528e-09, 1.940144e-01, 5.073184e-07, 2.776448e-01, 3.174082e-02, 1.304526e-02, 1.088075e-05, 5.638710e-07, 2.965983e-06, 1.871049e-07, 1.568214e-07, 2.443306e-06, 1.512312e-08, 5.505780e-05, 1.953963e-08, 6.173075e-05, 6.239013e-05, 4.605979e-08, 3.222178e-08, 6.719361e-07, 8.505584e-09, 6.934858e-08, 1.742106e-07, 6.766528e-08, 8.858714e-09, 2.637663e-08, 6.208399e-09, 2.291229e-09, 3.202302e-10, 4.007214e-08, 1.395072e-02, 4.559528e+00, 1.329703e+04, 1.342618e+04
4.000000e-03, 2.342575e-02, 2.896647e+00, 6.677000e-01, 2.896647e+00, 1.705530e-01, 5.192596e-01, -5.144483e+06, 1.729331e+03, 2.501106e+04, 1.729331e+03, 4.699982e+06, 3.527727e-03, 4.798931e-01, 1.949216e-05, 9.617282e-09, 1.939565e-01, 5.057355e-07, 2.776658e-01, 3.173688e-02, 1.300370e-02, 1.082189e-05, 5.610135e-07, 2.965382e-06, 1.868644e-07, 1.568469e-07, 2.425914e-06, 1.498591e-08, 5.458817e-05, 1.932535e-08, 6.161522e-05, 6.173628e-05, 4.577938e-08, 3.190674e-08, 6.683465e-07, 8.402563e-09, 6.848688e-08, 1.717366e-07, 6.670020e-08, 8.717407e-09, 2.637441e-08, 6.088097e-09, 2.242276e-09, 3.234253e-10, 4.006828e-08, 1.394955e-02, 4.559775e+00, 1.325312e+04, 1.338203e+04
4.100000e-03, 2.401209e-02, 2.896647e+00, 6.677000e-01, 2.896647e+00, 1.705438e-01, 5.192596e-01, -5.123869e+06, 1.729094e+03, 2.501106e+04, 1.729094e+03, 4.699982e+06, 3.527433e-03, 4.799766e-01, 1.945214e-05, 9.590226e-09, 1.938990e-01, 5.041688e-07, 2.776866e-01, 3.173298e-02, 1.296247e-02, 1.076366e-05, 5.581866e-07, 2.964791e-06, 1.866259e-07, 1.568723e-07, 2.408721e-06, 1.485056e-08, 5.412459e-05, 1.911443e-08, 6.150023e-05, 6.109234e-05, 4.550234e-08, 3.159628e-08, 6.647975e-07, 8.301298e-09, 6.763960e-08, 1.693089e-07, 6.575323e-08, 8.579011e-09, 2.637221e-08, 5.970643e-09, 2.194586e-09, 3.222244e-10, 4.006445e-08, 1.394838e-02, 4.560020e+00, 1.320957e+04, 1.333823e+04
4.200000e-03, 2.459846e-02, 2.896647e+00, 6.677000e-01, 2.896647e+00, 1.705347e-01, 5.192596e-01, -5.101579e+06, 1.728859e+03, 2.501106e+04, 1.728859e+03, 4.699982e+06, 3.527142e-03, 4.800593e-01, 1.941252e-05, 9.563369e-09, 1.938421e-01, 5.026193e-07, 2.777072e-01, 3.172911e-02, 1.292158e-02, 1.070611e-05, 5.553923e-07, 2.964210e-06, 1.863895e-07, 1.568974e-07, 2.391742e-06, 1.471723e-08, 5.366758e-05, 1.890715e-08, 6.138579e-05, 6.045911e-05, 4.522894e-08, 3.129079e-08, 6.612919e-07, 8.201920e-09, 6.680779e-08, 1.669307e-07, 6.482567e-08, 8.443731e-09, 2.637003e-08, 5.856239e-09, 2.148248e-09, 3.197519e-10, 4.006065e-08, 1.394723e-02, 4.560264e+00, 1.316639e+04, 1.329482e+04
4.300000e-03, 2.518486e-02, 2.896647e+00, 6.677000e-01, 2.896647e+00, 1.705257e-01, 5.192596e-01, -5.075917e+06, 1.728626e+03, 2.501106e+04, 1.728626e+03, 4.699982e+06, 3.526853e-03, 4.801413e-01, 1.937328e-05, 9.536713e-09, 1.937856e-01, 5.010871e-07, 2.777277e-01, 3.172528e-02, 1.288104e-02, 1.064925e-05, 5.526304e-07, 2.963639e-06, 1.861552e-07, 1.569224e-07, 2.374976e-06, 1.458592e-08, 5.321713e-05, 1.870350e-08, 6.127190e-05, 5.983658e-05, 4.495919e-08, 3.099025e-08, 6.578294e-07, 8.104429e-09, 6.599143e-08, 1.646021e-07, 6.391749e-08, 8.311565e-09, 2.636787e-08, 5.744884e-09, 2.103263e-09, 3.160079e-10, 4.005687e-08, 1.394609e-02, 4.560505e+00, 1.312360e+04, 1.325178e+04
4.400000e-03, 2.577129e-02, 2.896647e+00, 6.677000e-01, 2.896647e+00, 1.705167e-01, 5.192596e-01, -5.045206e+06, 1.728395e+03, 2.501106e+04, 1.728395e+03, 4.699982e+06, 3.526566e-03, 4.802227e-01, 1.933444e-05, 9.510256e-09, 1.937296e-01, 4.995720e-07, 2.777479e-01, 3.172149e-02, 1.284083e-02, 1.059306e-05, 5.499011e-07, 2.963079e-06, 1.859230e-07, 1.569471e-07, 2.358424e-06, 1.445661e-08, 5.277325e-05, 1.850347e-08, 6.115855e-05, 5.922474e-05, 4.469309e-08, 3.069467e-08, 6.544103e-07, 8.008823e-09, 6.519052e-08, 1.623229e-07, 6.302870e-08, 8.182512e-09, 2.636573e-08, 5.636578e-09, 2.059630e-09, 3.109930e-10, 4.005313e-08, 1.394496e-02, 4.560745e+00, 1.308118e+04, 1.320912e+04
4.500000e-03, 2.635775e-02, 2.896647e+00, 6.677000e-01, 2.896647e+00, 1.705078e-01, 5.192596e-01, -5.007791e+06, 1.728165e+03, 2.501106e+04, 1.728165e+03, 4.699982e+06, 3.526282e-03, 4.803033e-01, 1.929599e-05, 9.483998e-09, 1.936741e-01, 4.980742e-07, 2.777680e-01, 3.171773e-02, 1.280096e-02, 1.053755e-05, 5.472042e-07, 2.962529e-06, 1.856930e-07, 1.569717e-07, 2.342085e-06, 1.432932e-08, 5.233593e-05, 1.830708e-08, 6.104576e-05, 5.862359e-05, 4.443062e-08, 3.040404e-08, 6.510343e-07, 7.915103e-09, 6.440506e-08, 1.600933e-07, 6.215929e-08, 8.056571e-09, 2.636361e-08, 5.531319e-09, 2.017348e-09, 3.047072e-10, 4.004942e-08, 1.394383e-02, 4.560983e+00, 1.303913e+04, 1.316684e+04
4.600000e-03, 2.694424e-02, 2.896647e+00, 6.677000e-01, 2.896647e+00, 1.704990e-01, 5.192596e-01, -4.962033e+06, 1.727938e+03, 2.501106e+04, 1.727938e+03, 4.699982e+06, 3.526001e-03, 4.803832e-01, 1.925793e-05, 9.457940e-09, 1.936191e-01, 4.965936e-07, 2.777878e-01, 3.171401e-02, 1.276144e-02, 1.048272e-05, 5.445398e-07, 2.961989e-06, 1.854650e-07, 1.569960e-07, 2.325959e-06, 1.420404e-08, 5.190517e-05, 1.811432e-08, 6.093352e-05, 5.803312e-05, 4.417179e-08, 3.011836e-08, 6.477016e-07, 7.823268e-09, 6.363504e-08, 1.579132e-07, 6.130925e-08, 7.933742e-09, 2.636150e-08, 5.429107e-09, 1.976417e-09, 2.971511e-10, 4.004574e-08, 1.394272e-02, 4.561219e+00, 1.299746e+04, 1.312494e+04
4.700000e-03, 2.753077e-02, 2.896647e+00, 6.677000e-01, 2.896647e+00, 1.704902e-01, 5.192596e-01, -4.906317e+06, 1.727712e+03, 2.501106e+04, 1.727712e+03, 4.699982e+06, 3.525722e-03, 4.804624e-01, 1.922026e-05, 9.432080e-09, 1.935646e-01, 4.951302e-07, 2.778075e-01, 3.171033e-02, 1.272226e-02, 1.042856e-05, 5.419078e-07, 2.961459e-06, 1.852392e-07, 1.570202e-07, 2.310047e-06, 1.408077e-08, 5.148097e-05, 1.792518e-08, 6.082182e-05, 5.745334e-05, 4.391659e-08, 2.983763e-08, 6.444120e-07, 7.733316e-09, 6.288046e-08, 1.557826e-07, 6.047858e-08, 7.814024e-09, 2.635942e-08, 5.329940e-09, 1.936837e-09, 2.883247e-10, 4.004209e-08, 1.394162e-02, 4.561454e+00, 1.295617e+04, 1.308341e+04
4.800000e-03, 2.811732e-02, 2.896647e+00, 6.677000e-01, 2.896647e+00, 1.704815e-01, 5.192596e-01, -4.839045e+06, 1.727488e+03, 2.501106e+04, 1.727488e+03, 4.699982e+06, 3.525445e-03, 4.805410e-01, 1.918299e-05, 9.406421e-09, 1.935105e-01, 4.936840e-07, 2.778270e-01, 3.170668e-02, 1.268341e-02, 1.037508e-05, 5.393082e-07, 2.960940e-06, 1.850154e-07, 1.570441e-07, 2.294348e-06, 1.395951e-08, 5.106332e-05, 1.773966e-08, 6.071067e-05, 5.688424e-05, 4.366504e-08, 2.956184e-08, 6.411656e-07, 7.645248e-09, 6.214130e-08, 1.537014e-07, 5.966727e-08, 7.697414e-09, 2.635735e-08, 5.233818e-09, 1.898607e-09, 2.782285e-10, 4.003847e-08, 1.394052e-02, 4.561687e+00, 1.291526e+04, 1.304226e+04
4.900000e-03, 2.870390e-02, 2.896647e+00, 6.677000e-01, 2.896647e+00, 1.704729e-01, 5.192596e-01, -4.758637e+06, 1.727267e+03, 2.501106e+04, 1.727267e+03, 4.699982e+06, 3.525171e-03, 4.806188e-01, 1.914610e-05, 9.380960e-09, 1.934570e-01, 4.922549e-07, 2.778463e-01, 3.170307e-02, 1.264491e-02, 1.032228e-05, 5.367411e-07, 2.960430e-06, 1.847938e-07, 1.570679e-07, 2.278862e-06, 1.384026e-08, 5.065222e-05, 1.755777e-08, 6.060007e-05, 5.632581e-05, 4.341711e-08, 2.929101e-08, 6.379624e-07, 7.559062e-09, 6.141757e-08, 1.516696e-07, 5.887531e-08, 7.583913e-09, 2.635530e-08, 5.140739e-09, 1.861726e-09, 2.668627e-10, 4.003488e-08, 1.393944e-02, 4.561918e+00, 1.287472e+04, 1.300150e+04
5.000000e-03, 2.929052e-02, 2.896647e+00, 6.677000e-01, 2.896647e+00, 1.704643e-01, 5.192596e-01, -4.695838e+06, 1.727047e+03, 2.501106e+04, 1.727047e+03, 4.699982e+06, 3.524899e-03, 4.806960e-01, 1.910953e-05, 9.355659e-09, 1.934039e-01, 4.908390e-07, 2.778655e-01, 3.169949e-02, 1.260669e-02, 1.026998e-05, 5.341980e-07, 2.959928e-06, 1.845740e-07, 1.570914e-07, 2.263536e-06, 1.372242e-08, 5.024589e-05, 1.737822e-08, 6.048994e-05, 5.577447e-05, 4.317182e-08, 2.902350e-08, 6.347904e-07, 7.474030e-09, 6.070348e-08, 1.496663e-07, 5.809446e-08, 7.472054e-09, 2.635327e-08, 5.049089e-09, 1.825410e-09, 2.569019e-10, 4.003131e-08, 1.393836e-02, 4.562147e+00, 1.283449e+04, 1.296103e+04
5.100000e-03, 2.987716e-02, 2.896647e+00, 6.677000e-01, 2.896647e+00, 1.704558e-01, 5.192596e-01, -4.684405e+06, 1.726828e+03, 2.501106e+04, 1.726828e+03, 4.699982e+06, 3.524629e-03, 4.807728e-01, 1.907321e-05, 9.330478e-09, 1.933510e-01, 4.894320e-07, 2.778845e-01, 3.169593e-02, 1.256869e-02, 1.021800e-05, 5.316701e-07, 2.959428e-06, 1.843557e-07, 1.571148e-07, 2.248314e-06, 1.360536e-08, 4.984240e-05, 1.719963e-08, 6.038022e-05, 5.522634e-05, 4.292808e-08, 2.875758e-08, 6.316368e-07, 7.389363e-09, 5.999278e-08, 1.476688e-07, 5.731582e-08, 7.360252e-09, 2.635125e-08, 4.957118e-09, 1.788808e-09, 2.512390e-10, 4.002777e-08, 1.393730e-02, 4.562375e+00, 1.279449e+04, 1.292080e+04
5.200000e-03, 3.046382e-02, 2.896647e+00, 6.677000e-01, 2.896647e+00, 1.704474e-01, 5.192596e-01, -4.672141e+06, 1.726611e+03, 2.501106e+04, 1.726611e+03, 4.699982e+06, 3.524361e-03, 4.808490e-01, 1.903723e-05, 9.305477e-09, 1.932986e-01, 4.880401e-07, 2.779034e-01, 3.169241e-02, 1.253100e-02, 1.016661e-05, 5.291702e-07, 2.958938e-06, 1.841394e-07, 1.571379e-07, 2.233278e-06, 1.349001e-08, 4.944455e-05, 1.702401e-08, 6.027100e-05, 5.468707e-05, 4.268747e-08, 2.849579e-08, 6.285202e-07, 7.306209e-09, 5.929456e-08, 1.457102e-07, 5.655236e-08, 7.250816e-09, 2.634924e-08, 4.867374e-09, 1.753157e-09, 2.456577e-10, 4.002425e-08, 1.393623e-02, 4.562602e+00, 1.275483e+04, 1.288091e+04
5.300000e-03, 3.105052e-02, 2.896647e+00, 6.677000e-01, 2.896647e+00, 1.704390e-01, 5.192596e-01, -4.657660e+06, 1.726395e+03, 2.501106e+04, 1.726395e+03, 4.699982e+06, 3.524095e-03, 4.809245e-01, 1.900161e-05, 9.280654e-09, 1.932467e-01, 4.866633e-07, 2.779221e-01, 3.168891e-02, 1.249361e-02, 1.011581e-05, 5.266986e-07, 2.958455e-06, 1.839250e-07, 1.571608e-07, 2.218428e-06, 1.337636e-08, 4.905235e-05, 1.685137e-08, 6.016229e-05, 5.415664e-05, 4.244998e-08, 2.823813e-08, 6.254407e-07, 7.224567e-09, 5.860884e-08, 1.437903e-07, 5.580408e-08, 7.143745e-09, 2.634725e-08, 4.779854e-09, 1.718458e-09, 2.401577e-10, 4.002075e-08, 1.393518e-02, 4.562827e+00, 1.271551e+04, 1.284136e+04
5.400000e-03, 3.163724e-02, 2.896647e+00, 6.677000e-01, 2.896647e+00, 1.704306e-01, 5.192596e-01, -4.639590e+06, 1.726182e+03, 2.501106e+04, 1.726182e+03, 4.699982e+06, 3.523831e-03, 4.809994e-01, 1.896634e-05, 9.256011e-09, 1.931952e-01, 4.853017e-07, 2.779406e-01, 3.168545e-02, 1.245654e-02, 1.006560e-05, 5.242551e-07, 2.957981e-06, 1.837126e-07, 1.571835e-07, 2.203765e-06, 1.326442e-08, 4.866579e-05, 1.668169e-08, 6.005410e-05, 5.363507e-05, 4.221561e-08, 2.798459e-08, 6.223983e-07, 7.144438e-09, 5.793560e-08, 1.419092e-07, 5.507096e-08, 7.039039e-09, 2.634528e-08, 4.694559e-09, 1.684711e-09, 2.347392e-10, 4.001729e-08, 1.393414e-02, 4.563050e+00, 1.267653e+04, 1.280216e+04
5.500000e-03, 3.222400e-02, 2.896647e+00, 6.677000e-01, 2.896647e+00, 1.704224e-01, 5.192596e-01, -4.616577e+06, 1.725970e+03, 2.501106e+04, 1.725970e+03, 4.699982e+06, 3.523570e-03, 4.810736e-01, 1.893142e-05, 9.231547e-09, 1.931441e-01, 4.839552e-07, 2.779590e-01, 3.168202e-02, 1.241978e-02, 1.001597e-05, 5.218398e-07, 2.957516e-06, 1.835021e-07, 1.572061e-07, 2.189287e-06, 1.315419e-08, 4.828487e-05, 1.651499e-08, 5.994641e-05, 5.312234e-05, 4.198437e-08, 2.773517e-08, 6.193930e-07, 7.065820e-09, 5.727484e-08, 1.400669e-07, 5.435300e-08, 6.936696e-09, 2.634333e-08, 4.611487e-09, 1.651915e-09, 2.294021e-10, 4.001385e-08, 1.393311e-02, 4.563271e+00, 1.263789e+04, 1.276329e+04
5.600000e-03, 3.281078e-02, 2.896647e+00, 6.677000e-01, 2.896647e+00, 1.704142e-01, 5.192596e-01, -4.587283e+06, 1.725760e+03, 2.501106e+04, 1.725760e+03, 4.699982e+06, 3.523311e-03, 4.811472e-01, 1.889686e-05, 9.207262e-09, 1.930935e-01, 4.826238e-07, 2.779772e-01, 3.167863e-02, 1.238332e-02, 9.966932e-06, 5.194526e-07, 2.957059e-06, 1.832936e-07, 1.572284e-07, 2.174996e-06, 1.304566e-08, 4.790958e-05, 1.635125e-08, 5.983923e-05, 5.261846e-05, 4.175624e-08, 2.748988e-08, 6.164247e-07, 6.988714e-09, 5.662655e-08, 1.382634e-07, 5.365021e-08, 6.836716e-09, 2.634139e-08, 4.530639e-09, 1.620070e-09, 2.241463e-10, 4.001044e-08, 1.393208e-02, 4.563491e+00, 1.259959e+04, 1.272477e+04
5.700000e-03, 3.339760e-02, 2.896647e+00, 6.677000e-01, 2.896647e+00, 1.704060e-01, 5.192596e-01, -4.550383e+06, 1.725552e+03, 2.501106e+04, 1.725552e+03, 4.699982e+06, 3.523054e-03, 4.812202e-01, 1.886265e-05, 9.183156e-09, 1.930433e-01, 4.813075e-07, 2.779953e-01, 3.167527e-02, 1.234718e-02, 9.918482e-06, 5.170935e-07, 2.956611e-06, 1.830870e-07, 1.572505e-07, 2.160891e-06, 1.293884e-08, 4.753994e-05, 1.619049e-08, 5.973256e-05, 5.212341e-05, 4.153124e-08, 2.724871e-08, 6.134934e-07, 6.913118e-09, 5.599074e-08, 1.364986e-07, 5.296257e-08, 6.739099e-09, 2.633947e-08, 4.452012e-09, 1.589176e-09, 2.189718e-10, 4.000705e-08, 1.393107e-02, 4.563709e+00, 1.256163e+04, 1.268658e+04
5.800000e-03, 3.398444e-02, 2.896647e+00, 6.677000e-01, 2.896647e+00, 1.703979e-01, 5.192596e-01, -4.504569e+06, 1.725345e+03, 2.501106e+04, 1.725345e+03, 4.699982e+06, 3.522799e-03, 4.812925e-01, 1.882879e-05, 9.159230e-09, 1.929936e-01, 4.800063e-07, 2.780131e-01, 3.167194e-02, 1.231135e-02, 9.870620e-06, 5.147625e-07, 2.956171e-06, 1.828824e-07, 1.572724e-07, 2.146971e-06, 1.283372e-08, 4.717592e-05, 1.603269e-08, 5.962640e-05, 5.163721e-05, 4.130935e-08, 2.701165e-08, 6.105991e-07, 6.839032e-09, 5.536740e-08, 1.347726e-07, 5.229009e-08, 6.643843e-09, 2.633757e-08, 4.375608e-09, 1.559232e-09, 2.138787e-10, 4.000369e-08, 1.393006e-02, 4.563926e+00, 1.252401e+04, 1.264874e+04
5.900000e-03, 3.457131e-02, 2.896647e+00, 6.677000e-01, 2.896647e+00, 1.703899e-01, 5.192596e-01, -4.448549e+06, 1.725140e+03, 2.501106e+04, 1.725140e+03, 4.699982e+06, 3.522547e-03, 4.813642e-01, 1.879529e-05, 9.135481e-09, 1.929443e-01, 4.787202e-07, 2.780309e-01, 3.166864e-02, 1.227582e-02, 9.823345e-06, 5.124597e-07, 2.955739e-06, 1.826797e-07, 1.572941e-07, 2.133237e-06, 1.273031e-08, 4.681754e-05, 1.587786e-08, 5.952075e-05, 5.115984e-05, 4.109059e-08, 2.677871e-08, 6.077419e-07, 6.766456e-09, 5.475652e-08, 1.330853e-07, 5.163275e-08, 6.550948e-09, 2.633568e-08, 4.301425e-09, 1.530238e-09, 2.088668e-10, 4.000036e-08, 1.392906e-02, 4.564140e+00, 1.248673e+04, 1.261124e+04
6.000000e-03, 3.515821e-02, 2.896647e+00, 6.677000e-01, 2.896647e+00, 1.703820e-01, 5.192596e-01, -4.381043e+06, 1.724937e+03, 2.501106e+04, 1.724937e+03, 4.699982e+06, 3.522297e-03, 4.814353e-01, 1.876213e-05, 9.111912e-09, 1.928955e-01, 4.774492e-07, 2.780484e-01, 3.166538e-02, 1.224061e-02, 9.776658e-06, 5.101849e-07, 2.955316e-06, 1.824790e-07, 1.573156e-07, 2.119689e-06, 1.262860e-08, 4.646478e-05, 1.572600e-08, 5.941561e-05, 5.069130e-05, 4.087493e-08, 2.654989e-08, 6.049216e-07, 6.695389e-09, 5.415810e-08, 1.314367e-07, 5.099055e-08, 6.460413e-09, 2.633381e-08, 4.229462e-09, 1.502194e-09, 2.039361e-10, 3.999706e-08, 1.392807e-02, 4.564353e+00, 1.244978e+04, 1.257407e+04
6.100000e-03, 3.574514e-02, 2.896647e+00, 6.677000e-01, 2.896647e+00, 1.703740e-01, 5.192595e-01, -4.367280e+06, 1.724735e+03, 2.501106e+04, 1.724735e+03, 4.699982e+06, 3.522047e-03, 4.815061e-01, 1.872907e-05, 9.088411e-09, 1.928468e-01, 4.761813e-07, 2.780659e-01, 3.166212e-02, 1.220550e-02, 9.730080e-06, 5.079159e-07, 2.954894e-06, 1.822789e-07, 1.573371e-07, 2.106172e-06, 1.252696e-08, 4.611242e-05, 1.557403e-08, 5.931073e-05, 5.022259e-05, 4.065959e-08, 2.632110e-08, 6.021067e-07, 6.624197e-09, 5.355894e-08, 1.297833e-07, 5.034641e-08, 6.369458e-09, 2.633195e-08, 4.156850e-09, 1.473835e-09, 1.994032e-10, 3.999377e-08, 1.392709e-02, 4.564566e+00, 1.241295e+04, 1.253702e+04
6.200000e-03, 3.633208e-02, 2.896647e+00, 6.677000e-01, 2.896647e+00, 1.703662e-01, 5.192595e-01, -4.359798e+06, 1.724534e+03, 2.501106e+04, 1.724534e+03, 4.699982e+06, 3.521800e-03, 4.815765e-01, 1.869627e-05, 9.065055e-09, 1.927984e-01, 4.749249e-07, 2.780832e-01, 3.165889e-02, 1.217064e-02, 9.683949e-06, 5.056683e-07, 2.954477e-06, 1.820802e-07, 1.573584e-07, 2.092795e-06, 1.242655e-08, 4.576414e-05, 1.542411e-08, 5.920630e-05, 4.976004e-05, 4.044653e-08, 2.609522e-08, 5.993195e-07, 6.554030e-09, 5.296835e-08, 1.281557e-07, 4.971237e-08, 6.280039e-09, 2.633009e-08, 4.085609e-09, 1.446052e-09, 1.950451e-10, 3.999049e-08, 1.392611e-02, 4.564777e+00, 1.237639e+04, 1.250024e+04
6.300000e-03, 3.691906e-02, 2.896647e+00, 6.677000e-01, 2.896647e+00, 1.703583e-01, 5.192595e-01, -4.350869e+06, 1.724334e+03, 2.501106e+04, 1.724334e+03, 4.699982e+06, 3.521554e-03, 4.816462e-01, 1.866378e-05, 9.041856e-09, 1.927505e-01, 4.736812e-07, 2.781005e-01, 3.165569e-02, 1.213606e-02, 9.638311e-06, 5.034445e-07, 2.954068e-06, 1.818832e-07, 1.573795e-07, 2.079573e-06, 1.232753e-08, 4.542045e-05, 1.527656e-08, 5.910232e-05, 4.930457e-05, 4.023603e-08, 2.587265e-08, 5.965631e-07, 6.485053e-09, 5.238763e-08, 1.265582e-07, 4.909012e-08, 6.192437e-09, 2.632826e-08, 4.016027e-09, 1.418971e-09, 1.908299e-10, 3.998725e-08, 1.392514e-02, 4.564987e+00, 1.234012e+04, 1.246376e+04
6.400000e-03, 3.750606e-02, 2.896647e+00, 6.677000e-01, 2.896647e+00, 1.703506e-01, 5.192595e-01, -4.339422e+06, 1.724136e+03, 2.501106e+04, 1.724136e+03, 4.699982e+06, 3.521311e-03, 4.817155e-01, 1.863159e-05, 9.018814e-09, 1.927029e-01, 4.724503e-07, 2.781175e-01, 3.165252e-02, 1.210174e-02, 9.593167e-06, 5.012443e-07, 2.953665e-06, 1.816879e-07, 1.574005e-07, 2.066506e-06, 1.222989e-08, 4.508137e-05, 1.513137e-08, 5.899881e-05, 4.885616e-05, 4.002810e-08, 2.565339e-08, 5.938375e-07, 6.417264e-09, 5.181679e-08, 1.249910e-07, 4.847967e-08, 6.106650e-09, 2.632644e-08, 3.948104e-09, 1.392592e-09, 1.867575e-10, 3.998402e-08, 1.392417e-02, 4.565195e+00, 1.230415e+04, 1.242757e+04
6.500000e-03, 3.809309e-02, 2.896647e+00, 6.677000e-01, 2.896647e+00, 1.703429e-01, 5.192595e-01, -4.324392e+06, 1.723940e+03, 2.501106e+04, 1.723940e+03, 4.699982e+06, 3.521069e-03, 4.817841e-01, 1.859970e-05, 8.995929e-09, 1.926557e-01, 4.712320e-07, 2.781345e-01, 3.164938e-02, 1.206769e-02, 9.548517e-06, 4.990679e-07, 2.953269e-06, 1.814943e-07, 1.574213e-07, 2.053594e-06, 1.213363e-08, 4.474689e-05, 1.498855e-08, 5.889575e-05, 4.841481e-05, 3.982273e-08, 2.543746e-08, 5.911426e-07, 6.350664e-09, 5.125582e-08, 1.234539e-07, 4.788102e-08, 6.022677e-09, 2.632463e-08, 3.881839e-09, 1.366915e-09, 1.828281e-10, 3.998082e-08, 1.392322e-02, 4.565402e+00, 1.226847e+04, 1.239167e+04
6.600000e-03, 3.868015e-02, 2.896647e+00, 6.677000e-01, 2.896647e+00, 1.703352e-01, 5.192595e-01, -4.304730e+06, 1.723745e+03, 2.501106e+04, 1.723745e+03, 4.699982e+06, 3.520829e-03, 4.818523e-01, 1.856810e-05, 8.973200e-09, 1.926089e-01, 4.700265e-07, 2.781512e-01, 3.164626e-02, 1.203391e-02, 9.504359e-06, 4.969151e-07, 2.952881e-06, 1.813024e-07, 1.574419e-07, 2.040838e-06, 1.203875e-08, 4.441701e-05, 1.484808e-08, 5.879316e-05, 4.798053e-05, 3.961992e-08, 2.522483e-08, 5.884785e-07, 6.285252e-09, 5.070471e-08, 1.219469e-07, 4.729414e-08, 5.940519e-09, 2.632284e-08, 3.817231e-09, 1.341940e-09, 1.790414e-10, 3.997764e-08, 1.392227e-02, 4.565607e+00, 1.223309e+04, 1.235608e+04
6.700000e-03, 3.926723e-02, 2.896647e+00, 6.677000e-01, 2.896647e+00, 1.703276e-01, 5.192595e-01, -4.279396e+06, 1.723552e+03, 2.501106e+04, 1.723552e+03, 4.699982e+06, 3.520592e-03, 4.819198e-01, 1.853681e-05, 8.950628e-09, 1.925625e-01, 4.688338e-07, 2.781679e-01, 3.164317e-02, 1.200040e-02, 9.460694e-06, 4.947860e-07, 2.952499e-06, 1.811121e-07, 1.574624e-07, 2.028237e-06, 1.194526e-08, 4.409172e-05, 1.470998e-08, 5.869103e-05, 4.755330e-05, 3.941968e-08, 2.501551e-08, 5.858452e-07, 6.221028e-09, 5.016347e-08, 1.204702e-07, 4.671906e-08, 5.860175e-09, 2.632106e-08, 3.754280e-09, 1.317666e-09, 1.753976e-10, 3.997449e-08, 1.392133e-02, 4.565811e+00, 1.219800e+04, 1.232077e+04
6.800000e-03, 3.985434e-02, 2.896647e+00, 6.677000e-01, 2.896647e+00, 1.703201e-01, 5.192595e-01, -4.247362e+06, 1.723360e+03, 2.501106e+04, 1.723360e+03, 4.699982e+06, 3.520356e-03, 4.819868e-01, 1.850582e-05, 8.928213e-09, 1.925165e-01, 4.676537e-07, 2.781844e-01, 3.164011e-02, 1.196716e-02, 9.417522e-06, 4.926806e-07, 2.952123e-06, 1.809235e-07, 1.574826e-07, 2.015791e-06, 1.185316e-08, 4.377103e-05, 1.457424e-08, 5.858935e-05, 4.713313e-05, 3.922200e-08, 2.480951e-08, 5.832426e-07, 6.157991e-09, 4.963210e-08, 1.190235e-07, 4.615575e-08, 5.781643e-09, 2.631930e-08, 3.692986e-09, 1.294094e-09, 1.718965e-10, 3.997136e-08, 1.392040e-02, 4.566014e+00, 1.216320e+04, 1.228576e+04
6.900000e-03, 4.044148e-02, 2.896647e+00, 6.677000e-01, 2.896647e+00, 1.703126e-01, 5.192595e-01, -4.207611e+06, 1.723170e+03, 2.501106e+04, 1.723170e+03, 4.699982e+06, 3.520122e-03, 4.820533e-01, 1.847512e-05, 8.905954e-09, 1.924708e-01, 4.664863e-07, 2.782007e-01, 3.163708e-02, 1.193419e-02, 9.374842e-06, 4.905988e-07, 2.951755e-06, 1.807365e-07, 1.575027e-07, 2.003500e-06, 1.176243e-08, 4.345493e-05, 1.444085e-08, 5.848814e-05, 4.672002e-05, 3.902687e-08, 2.460681e-08, 5.806708e-07, 6.096141e-09, 4.911058e-08, 1.176070e-07, 4.560423e-08, 5.704925e-09, 2.631755e-08, 3.633348e-09, 1.271223e-09, 1.685381e-10, 3.996825e-08, 1.391947e-02, 4.566215e+00, 1.212869e+04, 1.225104e+04
7.000000e-03, 4.102865e-02, 2.896647e+00, 6.677000e-01, 2.896647e+00, 1.703051e-01, 5.192595e-01, -4.159136e+06, 1.722981e+03, 2.501106e+04, 1.722981e+03, 4.699982e+06, 3.519890e-03, 4.821192e-01, 1.844473e-05, 8.883852e-09, 1.924255e-01, 4.653316e-07, 2.782169e-01, 3.163408e-02, 1.190149e-02, 9.332655e-06, 4.885407e-07, 2.951394e-06, 1.805512e-07, 1.575227e-07, 1.991363e-06, 1.167308e-08, 4.314342e-05, 1.430983e-08, 5.838738e-05, 4.631396e-05, 3.883431e-08, 2.440743e-08, 5.781296e-07, 6.035477e-09, 4.859892e-08, 1.162206e-07, 4.506448e-08, 5.630019e-09, 2.631582e-08, 3.575366e-09, 1.249054e-09, 1.653224e-10, 3.996517e-08, 1.391856e-02, 4.566414e+00, 1.209448e+04, 1.221662e+04
7.100000e-03, 4.161584e-02, 2.896647e+00, 6.677000e-01, 2.896647e+00, 1.702977e-01, 5.192595e-01, -4.124078e+06, 1.722793e+03, 2.501106e+04, 1.722793e+03, 4.699982e+06, 3.519660e-03, 4.821847e-01, 1.841453e-05, 8.861862e-09, 1.923805e-01, 4.641851e-07, 2.782330e-01, 3.163109e-02, 1.186898e-02, 9.290783e-06, 4.864978e-07, 2.951037e-06, 1.803670e-07, 1.575425e-07, 1.979325e-06, 1.158455e-08, 4.283465e-05, 1.418010e-08, 5.828699e-05, 4.591184e-05, 3.864329e-08, 2.420993e-08, 5.756077e-07, 5.975444e-09, 4.809261e-08, 1.148496e-07, 4.453072e-08, 5.555979e-09, 2.631409e-08, 3.518113e-09, 1.227166e-09, 1.621119e-10, 3.996210e-08, 1.391765e-02, 4.566612e+00, 1.206047e+04, 1.218240e+04
7.200000e-03, 4.220305e-02, 2.896647e+00, 6.677000e-01, 2.896647e+00, 1.702904e-01, 5.192595e-01, -4.115524e+06, 1.722606e+03, 2.501106e+04, 1.722606e+03, 4.699982e+06, 3.519430e-03, 4.822500e-01, 1.838447e-05, 8.839958e-09, 1.923357e-01, 4.630441e-07, 2.782491e-01, 3.162812e-02, 1.183661e-02, 9.249121e-06, 4.844651e-07, 2.950682e-06, 1.801836e-07, 1.575623e-07, 1.967349e-06, 1.149648e-08, 4.252749e-05, 1.405105e-08, 5.818690e-05, 4.551181e-05, 3.845323e-08, 2.401347e-08, 5.730981e-07, 5.915709e-09, 4.758900e-08, 1.134853e-07, 4.399954e-08, 5.482247e-09, 2.631238e-08, 3.461039e-09, 1.205312e-09, 1.588249e-10, 3.995905e-08, 1.391674e-02, 4.566810e+00, 1.202661e+04, 1.214833e+04
7.300000e-03, 4.279028e-02, 2.896647e+00, 6.677000e-01, 2.896647e+00, 1.702830e-01, 5.192595e-01, -4.105608e+06, 1.722421e+03, 2.501106e+04, 1.722421e+03, 4.699982e+06, 3.519202e-03, 4.823148e-01, 1.835466e-05, 8.818192e-09, 1.922913e-01, 4.619138e-07, 2.782650e-01, 3.162518e-02, 1.180447e-02, 9.207876e-06, 4.824525e-07, 2.950332e-06, 1.800017e-07, 1.575819e-07, 1.955503e-06, 1.140956e-08, 4.222414e-05, 1.392392e-08, 5.808722e-05, 4.511752e-05, 3.826530e-08, 2.381972e-08, 5.706143e-07, 5.856927e-09, 4.709335e-08, 1.121448e-07, 4.347771e-08, 5.409928e-09, 2.631067e-08, 3.405230e-09, 1.183982e-09, 1.556229e-10, 3.995601e-08, 1.391584e-02, 4.567007e+00, 1.199301e+04, 1.211452e+04
7.400000e-03, 4.337755e-02, 2.896647e+00, 6.677000e-01, 2.896647e+00, 1.702758e-01, 5.192595e-01, -4.093483e+06, 1.722236e+03, 2.501106e+04, 1.722236e+03, 4.699982e+06, 3.518976e-03, 4.823790e-01, 1.832511e-05, 8.796564e-09, 1.922471e-01, 4.607944e-07, 2.782808e-01, 3.162226e-02, 1.177257e-02, 9.167049e-06, 4.804600e-07, 2.949989e-06, 1.798211e-07, 1.576014e-07, 1.943789e-06, 1.132378e-08, 4.192459e-05, 1.379869e-08, 5.798797e-05, 4.472896e-05, 3.807950e-08, 2.362868e-08, 5.681564e-07, 5.799096e-09, 4.660566e-08, 1.108283e-07, 4.296521e-08, 5.339024e-09, 2.630898e-08, 3.350687e-09, 1.163177e-09, 1.525056e-10, 3.995300e-08, 1.391494e-02, 4.567202e+00, 1.195965e+04, 1.208096e+04
7.500000e-03, 4.396483e-02, 2.896647e+00, 6.677000e-01, 2.896647e+00, 1.702685e-01, 5.192595e-01, -4.078308e+06, 1.722053e+03, 2.501106e+04, 1.722053e+03, 4.699982e+06, 3.518752e-03, 4.824428e-01, 1.829582e-05, 8.775074e-09, 1.922033e-01, 4.596857e-07, 2.782965e-01, 3.161936e-02, 1.174090e-02, 9.126639e-06, 4.784876e-07, 2.949651e-06, 1.796420e-07, 1.576208e-07, 1.932205e-06, 1.123913e-08, 4.162885e-05, 1.367538e-08, 5.788913e-05, 4.434615e-05, 3.789584e-08, 2.344034e-08, 5.657243e-07, 5.742216e-09, 4.612592e-08, 1.095357e-07, 4.246205e-08, 5.269533e-09, 2.630730e-08, 3.297409e-09, 1.142896e-09, 1.494731e-10, 3.995000e-08, 1.391405e-02, 4.567396e+00, 1.192656e+04, 1.204766e+04
7.600000e-03, 4.455215e-02, 2.896647e+00, 6.677000e-01, 2.896647e+00, 1.702614e-01, 5.192595e-01, -4.059255e+06, 1.721872e+03, 2.501106e+04, 1.721872e+03, 4.699982e+06, 3.518529e-03, 4.825062e-01, 1.826678e-05, 8.753721e-09, 1.921598e-01, 4.585878e-07, 2.783120e-01, 3.161648e-02, 1.170947e-02, 9.086646e-06, 4.765353e-07, 2.949318e-06, 1.794643e-07, 1.576400e-07, 1.920751e-06, 1.115563e-08, 4.133691e-05, 1.355398e-08, 5.779070e-05, 4.396907e-05, 3.771430e-08, 2.325471e-08, 5.633181e-07, 5.686288e-09, 4.565414e-08, 1.082669e-07, 4.196822e-08, 5.201454e-09, 2.630564e-08, 3.245395e-09, 1.123139e-09, 1.465254e-10, 3.994703e-08, 1.391317e-02, 4.567588e+00, 1.189372e+04, 1.201461e+04
7.700000e-03, 4.513948e-02, 2.896647e+00, 6.677000e-01, 2.896647e+00, 1.702542e-01, 5.192595e-01, -4.035499e+06, 1.721692e+03, 2.501106e+04, 1.721692e+03, 4.699982e+06, 3.518308e-03, 4.825690e-01, 1.823800e-05, 8.732506e-09, 1.921167e-01, 4.575006e-07, 2.783274e-01, 3.161363e-02, 1.167827e-02, 9.047070e-06, 4.746030e-07, 2.948992e-06, 1.792881e-07, 1.576590e-07, 1.909428e-06, 1.107326e-08, 4.104877e-05, 1.343449e-08, 5.769270e-05, 4.359772e-05, 3.753490e-08, 2.307179e-08, 5.609377e-07, 5.631311e-09, 4.519031e-08, 1.070221e-07, 4.148373e-08, 5.134789e-09, 2.630399e-08, 3.194645e-09, 1.103907e-09, 1.436625e-10, 3.994408e-08, 1.391230e-02, 4.567779e+00, 1.186113e+04, 1.198182e+04
7.800000e-03, 4.572685e-02, 2.896647e+00, 6.677000e-01, 2.896647e+00, 1.702472e-01, 5.192595e-01, -4.006228e+06, 1.721513e+03, 2.501106e+04, 1.721513e+03, 4.699982e+06, 3.518089e-03, 4.826314e-01, 1.820948e-05, 8.711428e-09, 1.920739e-01, 4.564242e-07, 2.783427e-01, 3.161081e-02, 1.164730e-02, 9.007910e-06, 4.726908e-07, 2.948671e-06, 1.791132e-07, 1.576780e-07, 1.898235e-06, 1.099203e-08, 4.076443e-05, 1.331691e-08, 5.759511e-05, 4.323210e-05, 3.735763e-08, 2.289157e-08, 5.585831e-07, 5.577284e-09, 4.473443e-08, 1.058011e-07, 4.100856e-08, 5.069536e-09, 2.630235e-08, 3.145160e-09, 1.085199e-09, 1.408843e-10, 3.994115e-08, 1.391143e-02, 4.567969e+00, 1.182879e+04, 1.194928e+04
7.900000e-03, 4.631424e-02, 2.896647e+00, 6.677000e-01, 2.896647e+00, 1.702401e-01, 5.192595e-01, -3.970636e+06, 1.721335e+03, 2.501106e+04, 1.721335e+03, 4.699982e+06, 3.517871e-03, 4.826933e-01, 1.818120e-05, 8.690488e-09, 1.920314e-01, 4.553586e-07, 2.783579e-01, 3.160801e-02, 1.161657e-02, 8.969168e-06, 4.707987e-07, 2.948356e-06, 1.789398e-07, 1.576967e-07, 1.887172e-06, 1.091194e-08, 4.048390e-05, 1.320124e-08, 5.749793e-05, 4.287222e-05, 3.718248e-08, 2.271405e-08, 5.562543e-07, 5.524207e-09, 4.428650e-08, 1.046040e-07, 4.054272e-08, 5.005694e-09, 2.630072e-08, 3.096938e-09, 1.067014e-09, 1.381909e-10, 3.993824e-08, 1.391057e-02, 4.568158e+00, 1.179672e+04, 1.191700e+04
8.000000e-03, 4.690165e-02, 2.896647e+00, 6.677000e-01, 2.896647e+00, 1.702331e-01, 5.192595e-01, -3.927925e+06, 1.721159e+03, 2.501106e+04, 1.721159e+03, 4.699982e+06, 3.517655e-03, 4.827547e-01, 1.815319e-05, 8.669685e-09, 1.919892e-01, 4.543038e-07, 2.783729e-01, 3.160523e-02, 1.158608e-02, 8.930842e-06, 4.689266e-07, 2.948046e-06, 1.787679e-07, 1.577154e-07, 1.876240e-06, 1.083299e-08, 4.020715e-05, 1.308747e-08, 5.740117e-05, 4.251806e-05, 3.700947e-08, 2.253924e-08, 5.539513e-07, 5.472081e-09, 4.384652e-08, 1.034308e-07, 4.008620e-08, 4.943265e-09, 2.629911e-08, 3.049979e-09, 1.049353e-09, 1.355821e-10, 3.993535e-08, 1.390972e-02, 4.568346e+00, 1.176489e+04, 1.188498e+04
8.100000e-03, 4.748909e-02, 2.896647e+00, 6.677000e-01, 2.896647e+00, 1.702262e-01, 5.192595e-01, -3.877306e+06, 1.720984e+03, 2.501106e+04, 1.720984e+03, 4.699982e+06, 3.517441e-03, 4.828156e-01, 1.812543e-05, 8.649019e-09, 1.919474e-01, 4.532597e-07, 2.783878e-01, 3.160248e-02, 1.155582e-02, 8.892932e-06, 4.670745e-07, 2.947742e-06, 1.785973e-07, 1.577339e-07, 1.865438e-06, 1.075518e-08, 3.993421e-05, 1.297562e-08, 5.730483e-05, 4.216963e-05, 3.683858e-08, 2.236713e-08, 5.516740e-07, 5.420905e-09, 4.341447e-08, 1.022815e-07, 3.963901e-08, 4.882246e-09, 2.629750e-08, 3.004283e-09, 1.032216e-09, 1.330580e-10, 3.993248e-08, 1.390887e-02, 4.568532e+00, 1.173332e+04, 1.185321e+04
8.200000e-03, 4.807655e-02, 2.896647e+00, 6.677000e-01, 2.896647e+00, 1.702193e-01, 5.192595e-01, -3.847853e+06, 1.720810e+03, 2.501106e+04, 1.720810e+03, 4.699982e+06, 3.517228e-03, 4.828762e-01, 1.809781e-05, 8.628438e-09, 1.919058e-01, 4.522211e-07, 2.784027e-01, 3.159974e-02, 1.152570e-02, 8.855231e-06, 4.652326e-07, 2.947440e-06, 1.784276e-07, 1.577523e-07, 1.854701e-06, 1.067785e-08, 3.966297e-05, 1.286446e-08, 5.720878e-05, 4.182336e-05, 3.666868e-08, 2.219609e-08, 5.494092e-07, 5.370033e-09, 4.298509e-08, 1.011387e-07, 3.919437e-08, 4.821540e-09, 2.629591e-08, 2.958767e-09, 1.015123e-09, 1.305313e-10, 3.992962e-08, 1.390803e-02, 4.568717e+00, 1.170190e+04, 1.182159e+04
8.300000e-03, 4.866404e-02, 2.896647e+00, 6.677000e-01, 2.896647e+00, 1.702124e-01, 5.192595e-01, -3.818335e+06, 1.720637e+03, 2.501106e+04, 1.720637e+03, 4.699982e+06, 3.517016e-03, 4.829364e-01, 1.807041e-05, 8.607978e-09, 1.918645e-01, 4.511917e-07, 2.784174e-01, 3.159702e-02, 1.149578e-02, 8.817883e-06, 4.634076e-07, 2.947143e-06, 1.782591e-07, 1.577706e-07, 1.844074e-06, 1.060146e-08, 3.939488e-05, 1.275482e-08, 5.711312e-05, 4.148173e-05, 3.650055e-08, 2.202724e-08, 5.471660e-07, 5.319912e-09, 4.256203e-08, 1.000145e-07, 3.875698e-08, 4.761907e-09, 2.629433e-08, 2.914181e-09, 9.984056e-10, 1.280623e-10, 3.992678e-08, 1.390719e-02, 4.568901e+00, 1.167070e+04, 1.179019e+04
8.400000e-03, 4.925155e-02, 2.896647e+00, 6.677000e-01, 2.896647e+00, 1.702056e-01, 5.192595e-01, -3.788067e+06, 1.720465e+03, 2.501106e+04, 1.720465e+03, 4.699982e+06, 3.516806e-03, 4.829962e-01, 1.804323e-05, 8.587638e-09, 1.918234e-01, 4.501714e-07, 2.784321e-01, 3.159433e-02, 1.146608e-02, 8.780886e-06, 4.615997e-07, 2.946851e-06, 1.780919e-07, 1.577887e-07, 1.833557e-06, 1.052601e-08, 3.912995e-05, 1.264672e-08, 5.701783e-05, 4.114472e-05, 3.633419e-08, 2.186060e-08, 5.449444e-07, 5.270544e-09, 4.214529e-08, 9.890885e-08, 3.832683e-08, 4.703349e-09, 2.629275e-08, 2.870525e-09, 9.820647e-10, 1.256513e-10, 3.992396e-08, 1.390636e-02, 4.569085e+00, 1.163972e+04, 1.175901e+04
8.500000e-03, 4.983908e-02, 2.896647e+00, 6.677000e-01, 2.896647e+00, 1.701988e-01, 5.192595e-01, -3.757123e+06, 1.720294e+03, 2.501106e+04, 1.720294e+03, 4.699982e+06, 3.516597e-03, 4.830556e-01, 1.801627e-05, 8.567419e-09, 1.917827e-01, 4.491601e-07, 2.784466e-01, 3.159165e-02, 1.143657e-02, 8.744237e-06, 4.598085e-07, 2.946563e-06, 1.779259e-07, 1.578068e-07, 1.823149e-06, 1.045148e-08, 3.886812e-05, 1.254012e-08, 5.692292e-05, 4.081225e-05, 3.616959e-08, 2.169611e-08, 5.427442e-07, 5.221910e-09, 4.173474e-08, 9.782133e-08, 3.790375e-08, 4.645836e-09, 2.629119e-08, 2.827773e-09, 9.660884e-10, 1.232959e-10, 3.992115e-08, 1.390553e-02, 4.569267e+00, 1.160897e+04, 1.172806e+04
8.600000e-03, 5.042664e-02, 2.896647e+00, 6.677000e-01, 2.896647e+00, 1.701921e-01, 5.192595e-01, -3.725595e+06, 1.720125e+03, 2.501106e+04, 1.720125e+03, 4.699982e+06, 3.516389e-03, 4.831146e-01, 1.798952e-05, 8.547317e-09, 1.917422e-01, 4.481577e-07, 2.784610e-01, 3.158900e-02, 1.140727e-02, 8.707930e-06, 4.580337e-07, 2.946279e-06, 1.777611e-07, 1.578247e-07, 1.812847e-06, 1.037785e-08, 3.860934e-05, 1.243500e-08, 5.682838e-05, 4.048424e-05, 3.600670e-08, 2.153374e-08, 5.405650e-07, 5.173996e-09, 4.133025e-08, 9.675151e-08, 3.748758e-08, 4.589343e-09, 2.628964e-08, 2.785897e-09, 9.504645e-10, 1.209941e-10, 3.991837e-08, 1.390471e-02, 4.569448e+00, 1.157843e+04, 1.169732e+04
8.700000e-03, 5.101422e-02, 2.896647e+00, 6.677000e-01, 2.896647e+00, 1.701854e-01, 5.192595e-01, -3.693588e+06, 1.719956e+03, 2.501106e+04, 1.719956e+03, 4.699982e+06, 3.516184e-03, 4.831731e-01, 1.796298e-05, 8.527333e-09, 1.917021e-01, 4.471641e-07, 2.784753e-01, 3.158636e-02, 1.137816e-02, 8.671960e-06, 4.562753e-07, 2.946000e-06, 1.775975e-07, 1.578425e-07, 1.802651e-06, 1.030511e-08, 3.835355e-05, 1.233131e-08, 5.673422e-05, 4.016059e-05, 3.584550e-08, 2.137344e-08, 5.384063e-07, 5.126786e-09, 4.093168e-08, 9.569895e-08, 3.707815e-08, 4.533841e-09, 2.628810e-08, 2.744871e-09, 9.351813e-10, 1.187437e-10, 3.991560e-08, 1.390390e-02, 4.569627e+00, 1.154810e+04, 1.166680e+04
8.800000e-03, 5.160182e-02, 2.896647e+00, 6.677000e-01, 2.896647e+00, 1.701787e-01, 5.192595e-01, -3.661226e+06, 1.719789e+03, 2.501106e+04, 1.719789e+03, 4.699982e+06, 3.515979e-03, 4.832313e-01, 1.793665e-05, 8.507464e-09, 1.916621e-01, 4.461791e-07, 2.784895e-01, 3.158375e-02, 1.134926e-02, 8.636321e-06, 4.545328e-07, 2.945725e-06, 1.774351e-07, 1.578601e-07, 1.792558e-06, 1.023324e-08, 3.810071e-05, 1.222904e-08, 5.664041e-05, 3.984121e-05, 3.568596e-08, 2.121518e-08, 5.362681e-07, 5.080263e-09, 4.053890e-08, 9.466324e-08, 3.667529e-08, 4.479304e-09, 2.628657e-08, 2.704667e-09, 9.202268e-10, 1.165424e-10, 3.991285e-08, 1.390309e-02, 4.569806e+00, 1.151799e+04, 1.163649e+04
8.900000e-03, 5.218945e-02, 2.896647e+00, 6.677000e-01, 2.896647e+00, 1.701721e-01, 5.192595e-01, -3.628646e+06, 1.719623e+03, 2.501106e+04, 1.719623e+03, 4.699982e+06, 3.515776e-03, 4.832891e-01, 1.791053e-05, 8.487709e-09, 1.916225e-01, 4.452025e-07, 2.785036e-01, 3.158115e-02, 1.132054e-02, 8.601009e-06, 4.528060e-07, 2.945454e-06, 1.772738e-07, 1.578777e-07, 1.782567e-06, 1.016223e-08, 3.785076e-05, 1.212815e-08, 5.654698e-05, 3.952602e-05, 3.552805e-08, 2.105892e-08, 5.341497e-07, 5.034411e-09, 4.015179e-08, 9.364394e-08, 3.627883e-08, 4.425704e-09, 2.628506e-08, 2.665260e-09, 9.055891e-10, 1.143883e-10, 3.991011e-08, 1.390229e-02, 4.569984e+00, 1.148808e+04, 1.160639e+04
9.000000e-03, 5.277710e-02, 2.896647e+00, 6.677000e-01, 2.896647e+00, 1.701656e-01, 5.192595e-01, -3.596002e+06, 1.719457e+03, 2.501106e+04, 1.719457e+03, 4.699982e+06, 3.515574e-03, 4.833465e-01, 1.788461e-05, 8.468067e-09, 1.915832e-01, 4.442343e-07, 2.785177e-01, 3.157858e-02, 1.129202e-02, 8.566018e-06, 4.510948e-07, 2.945187e-06, 1.771137e-07, 1.578951e-07, 1.772676e-06, 1.009206e-08, 3.760365e-05, 1.202861e-08, 5.645390e-05, 3.921493e-05, 3.537174e-08, 2.090461e-08, 5.320510e-07, 4.989214e-09, 3.977021e-08, 9.264061e-08, 3.588860e-08, 4.373014e-09, 2.628355e-08, 2.626621e-09, 8.912564e-10, 1.122790e-10, 3.990739e-08, 1.390149e-02, 4.570161e+00, 1.145839e+04, 1.157650e+04
9.100000e-03, 5.336477e-02, 2.896647e+00, 6.677000e-01, 2.896647e+00, 1.701590e-01, 5.192595e-01, -3.563462e+06, 1.719293e+03, 2.501106e+04, 1.719293e+03, 4.699982e+06, 3.515374e-03, 4.834035e-01, 1.785888e-05, 8.448536e-09, 1.915441e-01, 4.432744e-07, 2.785316e-01, 3.157602e-02, 1.126369e-02, 8.531342e-06, 4.493988e-07, 2.944925e-06, 1.769547e-07, 1.579125e-07, 1.762883e-06, 1.002271e-08, 3.735932e-05, 1.193038e-08, 5.636118e-05, 3.890784e-05, 3.521701e-08, 2.075221e-08, 5.299716e-07, 4.944656e-09, 3.939403e-08, 9.165284e-08, 3.550444e-08, 4.321206e-09, 2.628205e-08, 2.588725e-09, 8.772168e-10, 1.102124e-10, 3.990469e-08, 1.390070e-02, 4.570336e+00, 1.142889e+04, 1.154682e+04
9.200000e-03, 5.395247e-02, 2.896647e+00, 6.677000e-01, 2.896647e+00, 1.701525e-01, 5.192595e-01, -3.531208e+06, 1.719130e+03, 2.501106e+04, 1.719130e+03, 4.699982e+06, 3.515175e-03, 4.834601e-01, 1.783336e-05, 8.429116e-09, 1.915052e-01, 4.423225e-07, 2.785454e-01, 3.157349e-02, 1.123555e-02, 8.496977e-06, 4.477177e-07, 2.944666e-06, 1.767969e-07, 1.579297e-07, 1.753188e-06, 9.954165e-09, 3.711773e-05, 1.183345e-08, 5.626881e-05, 3.860467e-05, 3.506383e-08, 2.060168e-08, 5.279112e-07, 4.900722e-09, 3.902312e-08, 9.068018e-08, 3.512618e-08, 4.270254e-09, 2.628056e-08, 2.551544e-09, 8.634583e-10, 1.081864e-10, 3.990201e-08, 1.389991e-02, 4.570511e+00, 1.139960e+04, 1.151733e+04
9.300000e-03, 5.454019e-02, 2.896647e+00, 6.677000e-01, 2.896647e+00, 1.701460e-01, 5.192595e-01, -3.499439e+06, 1.718968e+03, 2.501106e+04, 1.718968e+03, 4.699982e+06, 3.514977e-03, 4.835163e-01, 1.780803e-05, 8.409805e-09, 1.914667e-01, 4.413786e-07, 2.785591e-01, 3.157097e-02, 1.120759e-02, 8.462918e-06, 4.460515e-07, 2.944411e-06, 1.766402e-07, 1.579468e-07, 1.743588e-06, 9.886413e-09, 3.687883e-05, 1.173778e-08, 5.617680e-05, 3.830534e-05, 3.491216e-08, 2.045299e-08, 5.258694e-07, 4.857394e-09, 3.865734e-08, 8.972222e-08, 3.475365e-08, 4.220130e-09, 2.627908e-08, 2.515051e-09, 8.499691e-10, 1.061987e-10, 3.989934e-08, 1.389913e-02, 4.570685e+00, 1.137050e+04, 1.148805e+04
9.400000e-03, 5.512793e-02, 2.896647e+00, 6.677000e-01, 2.896647e+00, 1.701396e-01, 5.192595e-01, -3.468364e+06, 1.718807e+03, 2.501106e+04, 1.718807e+03, 4.699982e+06, 3.514781e-03, 4.835722e-01, 1.778289e-05, 8.390601e-09, 1.914283e-01, 4.404425e-07, 2.785727e-01, 3.156847e-02, 1.117981e-02, 8.429159e-06, 4.443997e-07, 2.944160e-06, 1.764845e-07, 1.579638e-07, 1.734082e-06, 9.819435e-09, 3.664255e-05, 1.164333e-08, 5.608514e-05, 3.800974e-05, 3.476199e-08, 2.030609e-08, 5.238459e-07, 4.814657e-09, 3.829657e-08, 8.877853e-08, 3.438668e-08, 4.170807e-09, 2.627762e-08, 2.479221e-09, 8.367374e-10, 1.042474e-10, 3.989668e-08, 1.389835e-02, 4.570857e+00, 1.134160e+04, 1.145896e+04
9.500000e-03, 5.571569e-02, 2.896647e+00, 6.677000e-01, 2.896647e+00, 1.701332e-01, 5.192595e-01, -3.438212e+06, 1.718647e+03, 2.501106e+04, 1.718647e+03, 4.699982e+06, 3.514586e-03, 4.836277e-01, 1.775794e-05, 8.371503e-09, 1.913903e-01, 4.395141e-07, 2.785862e-01, 3.156599e-02, 1.115222e-02, 8.395694e-06, 4.427622e-07, 2.943912e-06, 1.763299e-07, 1.579807e-07, 1.724667e-06, 9.753215e-09, 3.640885e-05, 1.155008e-08, 5.599382e-05, 3.771780e-05, 3.461327e-08, 2.016093e-08, 5.218403e-07, 4.772496e-09, 3.794068e-08, 8.784866e-08, 3.402510e-08, 4.122257e-09, 2.627616e-08, 2.444024e-09, 8.237513e-10, 1.023301e-10, 3.989405e-08, 1.389758e-02, 4.571029e+00, 1.131290e+04, 1.143006e+04
9.600000e-03, 5.630348e-02, 2.896647e+00, 6.677000e-01, 2.896647e+00, 1.701269e-01, 5.192595e-01, -3.409220e+06, 1.718489e+03, 2.501106e+04, 1.718489e+03, 4.699982e+06, 3.514392e-03, 4.836828e-01, 1.773317e-05, 8.352510e-09, 1.913525e-01, 4.385933e-07, 2.785997e-01, 3.156353e-02, 1.112480e-02, 8.362520e-06, 4.411387e-07, 2.943668e-06, 1.761764e-07, 1.579974e-07, 1.715343e-06, 9.687736e-09, 3.617768e-05, 1.145801e-08, 5.590284e-05, 3.742942e-05, 3.446598e-08, 2.001749e-08, 5.198524e-07, 4.730893e-09, 3.758952e-08, 8.693221e-08, 3.366875e-08, 4.074454e-09, 2.627471e-08, 2.409436e-09, 8.109988e-10, 1.004447e-10, 3.989142e-08, 1.389682e-02, 4.571200e+00, 1.128438e+04, 1.140136e+04
9.700000e-03, 5.689129e-02, 2.896647e+00, 6.677000e-01, 2.896647e+00, 1.701206e-01, 5.192595e-01, -3.381642e+06, 1.718331e+03, 2.501106e+04, 1.718331e+03, 4.699982e+06, 3.514200e-03, 4.837376e-01, 1.770858e-05, 8.333620e-09, 1.913149e-01, 4.376800e-07, 2.786130e-01, 3.156108e-02, 1.109755e-02, 8.329631e-06, 4.395290e-07, 2.943428e-06, 1.760240e-07, 1.580141e-07, 1.706108e-06, 9.622984e-09, 3.594898e-05, 1.136706e-08, 5.581220e-05, 3.714451e-05, 3.432010e-08, 1.987571e-08, 5.178817e-07, 4.689833e-09, 3.724298e-08, 8.602873e-08, 3.331745e-08, 4.027369e-09, 2.627327e-08, 2.375429e-09, 7.984682e-10, 9.858908e-11, 3.988882e-08, 1.389605e-02, 4.571370e+00, 1.125606e+04, 1.137284e+04
9.800000e-03, 5.747912e-02, 2.896647e+00, 6.677000e-01, 2.896647e+00, 1.701143e-01, 5.192595e-01, -3.355745e+06, 1.718174e+03, 2.501106e+04, 1.718174e+03, 4.699982e+06, 3.514008e-03, 4.837920e-01, 1.768418e-05, 8.314833e-09, 1.912776e-01, 4.367739e-07, 2.786263e-01, 3.155866e-02, 1.107049e-02, 8.297020e-06, 4.379327e-07, 2.943191e-06, 1.758725e-07, 1.580307e-07, 1.696960e-06, 9.558940e-09, 3.572271e-05, 1.127723e-08, 5.572190e-05, 3.686300e-05, 3.417559e-08, 1.973556e-08, 5.159280e-07, 4.649300e-09, 3.690092e-08, 8.513781e-08, 3.297105e-08, 3.980977e-09, 2.627184e-08, 2.341977e-09, 7.861475e-10, 9.676108e-11, 3.988623e-08, 1.389530e-02, 4.571538e+00, 1.122792e+04, 1.134451e+04
9.900000e-03, 5.806697e-02, 2.896647e+00, 6.677000e-01, 2.896647e+00, 1.701080e-01, 5.192595e-01, -3.331809e+06, 1.718018e+03, 2.501106e+04, 1.718018e+03, 4.699982e+06, 3.513818e-03, 4.838461e-01, 1.765995e-05, 8.296146e-09, 1.912405e-01, 4.358750e-07, 2.786395e-01, 3.155625e-02, 1.104359e-02, 8.264684e-06, 4.363497e-07, 2.942957e-06, 1.757221e-07, 1.580471e-07, 1.687897e-06, 9.495590e-09, 3.549880e-05, 1.118847e-08, 5.563193e-05, 3.658478e-05, 3.403242e-08, 1.959700e-08, 5.139910e-07, 4.609278e-09, 3.656321e-08, 8.425900e-08, 3.262937e-08, 3.935249e-09, 2.627042e-08, 2.309052e-09, 7.740250e-10, 9.495852e-11, 3.988365e-08, 1.389455e-02, 4.571706e+00, 1.119996e+04, 1.131637e+04
1.000000e-02, 5.865484e-02, 2.896647e+00, 6.677000e-01, 2.896647e+00, 1.701018e-01, 5.192595e-01, -3.310127e+06, 1.717863e+03, 2.501106e+04, 1.717863e+03, 4.699982e+06, 3.513629e-03, 4.838998e-01, 1.763589e-05, 8.277559e-09, 1.912037e-01, 4.349831e-07, 2.786525e-01, 3.155386e-02, 1.101686e-02, 8.232618e-06, 4.347798e-07, 2.942727e-06, 1.755727e-07, 1.580635e-07, 1.678918e-06, 9.432917e-09, 3.527721e-05, 1.110076e-08, 5.554229e-05, 3.630977e-05, 3.389058e-08, 1.945998e-08, 5.120701e-07, 4.569751e-09, 3.622972e-08, 8.339189e-08, 3.229225e-08, 3.890159e-09, 2.626901e-08, 2.276628e-09, 7.620887e-10, 9.317926e-11, 3.988109e-08, 1.389380e-02, 4.571873e+00, 1.117218e+04, 1.128841e+04
