Distance_PFRC2_(m), Plug_flow_residence_time_PFRC2_(sec), Internal_surface_area_per_unit_distance_PFRC2_(m), Cross-section_area_PFRC2_(m2), External_surface_area_per_unit_distance_PFRC2_(m), Velocity_PFRC2_(m/sec), Exit_mass_flow_rate_PFRC2_(kg/sec), Volumetric_heat_production_rate_PFRC2_(J/m3-sec), Surface_temperature_PFRC2_(K), Heat_loss_rate_PFRC2_(J/m-sec), Temperature_PFRC2_(K), Pressure_PFRC2_(Pa), Mole_fraction_C2H2_PFRC2_(), Mole_fraction_C2H3_PFRC2_(), Mole_fraction_C2H3OH_PFRC2_(), Mole_fraction_C2H4_PFRC2_(), Mole_fraction_C2H5_PFRC2_(), Mole_fraction_C2H6_PFRC2_(), Mole_fraction_C3H3_PFRC2_(), Mole_fraction_C3H4-A_PFRC2_(), Mole_fraction_C3H4-P_PFRC2_(), Mole_fraction_C3H5-A_PFRC2_(), Mole_fraction_C3H6_PFRC2_(), Mole_fraction_C4H2_PFRC2_(), Mole_fraction_C4H4_PFRC2_(), Mole_fraction_C5H6-L_PFRC2_(), Mole_fraction_CH2CO_PFRC2_(), Mole_fraction_CH2O_PFRC2_(), Mole_fraction_CH3_PFRC2_(), Mole_fraction_CH3CHO_PFRC2_(), Mole_fraction_CH3COCHO_PFRC2_(), Mole_fraction_CH3OH_PFRC2_(), Mole_fraction_CH4_PFRC2_(), Mole_fraction_CO_PFRC2_(), Mole_fraction_CO2_PFRC2_(), Mole_fraction_H_PFRC2_(), Mole_fraction_H2_PFRC2_(), Mole_fraction_H2O_PFRC2_(), Mole_fraction_HCCOH_PFRC2_(), Mole_fraction_HCO_PFRC2_(), Mole_fraction_HO2_PFRC2_(), Mole_fraction_HOCHO_PFRC2_(), Mole_fraction_N2_PFRC2_(), Mole_fraction_NH3_PFRC2_(), Mole_fraction_O2_PFRC2_(), Mole_fraction_OH_PFRC2_(), Molecular_weight_PFRC2_(kg/mole), Mass_density_PFRC2_(kg/m3), Unburned_hydrocarbons_PFRC2_(ppm), Volatile_organic_compounds_PFRC2_(ppm)
1.350000e-01, 0.000000e+00, 1.130973e+00, 1.017876e-01, 1.130973e+00, 2.931665e-01, 1.766800e-01, 3.675728e+07, 1.816416e+03, 0.000000e+00, 1.816416e+03, 4.700000e+06, 3.075840e-04, 9.185087e-08, 2.944076e-07, 8.798252e-05, 2.431113e-08, 2.263364e-06, 1.426496e-07, 4.792818e-07, 1.206727e-06, 1.349823e-08, 2.776104e-07, 9.979803e-08, 8.433429e-08, 4.531463e-06, 1.702582e-06, 1.902946e-06, 2.191328e-05, 8.569360e-08, 7.763262e-08, 7.820839e-07, 9.379744e-03, 3.109025e-01, 8.941878e-02, 3.187518e-05, 2.773340e-01, 3.094547e-01, 6.326675e-08, 2.674411e-07, 4.210954e-08, 5.045810e-07, 3.026906e-03, 2.859366e-08, 1.622645e-05, 2.792604e-06, 1.902525e-02, 5.920769e+00, 1.022745e+04, 1.023550e+04
1.350226e-01, 7.723816e-05, 1.130973e+00, 1.017876e-01, 1.130973e+00, 2.931785e-01, 1.766800e-01, -2.922507e+07, 1.816370e+03, 2.501106e+04, 1.816370e+03, 4.700011e+06, 3.066698e-04, 9.007669e-08, 2.900604e-07, 8.731628e-05, 2.363552e-08, 2.153910e-06, 1.405199e-07, 4.772936e-07, 1.201139e-06, 1.322710e-08, 2.733835e-07, 9.945933e-08, 8.412022e-08, 4.531895e-06, 1.679746e-06, 1.887878e-06, 2.148870e-05, 8.435120e-08, 7.763231e-08, 7.659282e-07, 9.339876e-03, 3.109381e-01, 8.939887e-02, 3.138540e-05, 2.773969e-01, 3.094335e-01, 6.302284e-08, 2.634076e-07, 4.162301e-09, 5.047526e-07, 3.026699e-03, 2.859706e-08, 1.619080e-06, 2.747421e-06, 1.902394e-02, 5.920527e+00, 1.018373e+04, 1.019168e+04
1.353582e-01, 1.221898e-03, 1.130973e+00, 1.017876e-01, 1.130973e+00, 2.930393e-01, 1.766800e-01, -3.023917e+07, 1.813503e+03, 2.501106e+04, 1.813503e+03, 4.700011e+06, 2.759186e-04, 8.052637e-08, 2.609224e-07, 8.005594e-05, 2.143968e-08, 1.927954e-06, 1.161596e-07, 4.023658e-07, 1.013189e-06, 1.116883e-08, 2.349084e-07, 8.020742e-08, 6.934694e-08, 4.531446e-06, 1.544549e-06, 1.858726e-06, 1.976977e-05, 7.762052e-08, 7.754713e-08, 7.062225e-07, 8.820400e-03, 3.113620e-01, 8.912097e-02, 3.069255e-05, 2.785636e-01, 3.086866e-01, 5.569711e-08, 2.599243e-07, 5.097995e-13, 5.061688e-07, 3.023357e-03, 2.864904e-08, 7.518922e-11, 2.652127e-06, 1.900294e-02, 5.923340e+00, 9.584886e+03, 9.592387e+03
1.381734e-01, 1.084232e-02, 1.130973e+00, 1.017876e-01, 1.130973e+00, 2.923034e-01, 1.766800e-01, -1.376824e+07, 1.798722e+03, 2.501106e+04, 1.798722e+03, 4.700011e+06, 1.129325e-04, 3.228166e-08, 1.091249e-07, 3.690053e-05, 9.595465e-09, 9.170197e-07, 2.888349e-08, 1.104115e-07, 2.789417e-07, 3.134380e-09, 7.241180e-08, 1.301521e-08, 1.273056e-08, 4.300068e-06, 9.144474e-07, 1.743147e-06, 1.216225e-05, 3.988797e-08, 7.710863e-08, 4.408056e-07, 6.180968e-03, 3.133390e-01, 8.789476e-02, 2.749982e-05, 2.847269e-01, 3.046505e-01, 2.081063e-08, 2.438977e-07, 4.045334e-13, 5.131544e-07, 3.006264e-03, 2.923351e-08, 6.812346e-11, 2.220647e-06, 1.889550e-02, 5.938252e+00, 6.517822e+03, 6.523196e+03
1.470000e-01, 4.109907e-02, 1.130973e+00, 1.017876e-01, 1.130973e+00, 2.913102e-01, 1.766800e-01, -4.129738e+06, 1.781266e+03, 2.501106e+04, 1.781266e+03, 4.700011e+06, 2.271061e-05, 6.325434e-09, 2.265260e-08, 8.553633e-06, 2.148744e-09, 2.243141e-07, 2.494318e-09, 1.069086e-08, 2.709865e-08, 3.108592e-10, 8.024430e-09, 5.096415e-10, 5.764438e-10, 3.504849e-06, 3.843893e-07, 1.657581e-06, 5.252642e-06, 1.283397e-08, 7.662044e-08, 1.960651e-07, 3.119556e-03, 3.153358e-01, 8.663144e-02, 2.406962e-05, 2.916985e-01, 3.001582e-01, 3.791367e-09, 2.254261e-07, 2.742410e-13, 5.212369e-07, 2.987238e-03, 3.074129e-08, 4.585804e-11, 1.797044e-06, 1.877592e-02, 5.958497e+00, 3.205480e+03, 3.209173e+03
1.590000e-01, 8.233807e-02, 1.130973e+00, 1.017876e-01, 1.130973e+00, 2.907299e-01, 1.766800e-01, -1.632647e+06, 1.772439e+03, 2.501106e+04, 1.772439e+03, 4.700011e+06, 5.702947e-06, 1.566846e-09, 5.834579e-09, 2.307070e-06, 5.692842e-10, 6.217624e-08, 3.194141e-10, 1.423667e-09, 3.601494e-09, 4.142248e-11, 1.124964e-09, 3.206563e-11, 3.904066e-11, 2.742931e-06, 1.877510e-07, 1.632022e-06, 2.577734e-06, 5.250155e-09, 7.639274e-08, 9.984987e-08, 1.657072e-03, 3.161866e-01, 8.609427e-02, 2.247135e-05, 2.950029e-01, 2.980405e-01, 9.204266e-10, 2.163124e-07, 2.252382e-13, 5.252485e-07, 2.978369e-03, 3.191474e-08, 3.752847e-11, 1.614222e-06, 1.872018e-02, 5.970391e+00, 1.689533e+03, 1.692646e+03
1.710000e-01, 1.236391e-01, 1.130973e+00, 1.017876e-01, 1.130973e+00, 2.903932e-01, 1.766800e-01, -8.479968e+05, 1.767998e+03, 2.501106e+04, 1.767998e+03, 4.700011e+06, 1.930498e-06, 5.265522e-10, 2.023121e-09, 8.088411e-07, 1.976950e-10, 2.202635e-08, 7.157379e-11, 3.084207e-10, 7.708098e-10, 8.661518e-12, 2.367827e-10, 4.025707e-12, 5.028811e-12, 2.186127e-06, 1.077424e-07, 1.623459e-06, 1.478804e-06, 2.741926e-09, 7.628948e-08, 5.997954e-08, 9.890724e-04, 3.165417e-01, 8.587688e-02, 2.170211e-05, 2.965262e-01, 2.970594e-01, 3.124519e-10, 2.117854e-07, 2.042253e-13, 5.272412e-07, 2.974350e-03, 3.268918e-08, 3.396571e-11, 1.530057e-06, 1.869492e-02, 5.977314e+00, 1.007011e+03, 1.009897e+03
1.830000e-01, 1.649802e-01, 1.130973e+00, 1.017876e-01, 1.130973e+00, 2.901530e-01, 1.766800e-01, -1.286319e+06, 1.765237e+03, 2.501106e+04, 1.765237e+03, 4.700011e+06, 7.555653e-07, 2.034094e-10, 8.115249e-10, 3.232058e-07, 7.789430e-11, 8.828155e-09, 2.436426e-11, 9.534796e-11, 2.314205e-10, 2.404010e-12, 6.383912e-11, 8.808525e-13, 1.048191e-12, 1.758856e-06, 6.645785e-08, 1.619718e-06, 9.101632e-07, 1.599838e-09, 7.623322e-08, 3.924774e-08, 6.246708e-04, 3.167156e-01, 8.577707e-02, 2.125912e-05, 2.973733e-01, 2.965081e-01, 1.253343e-10, 2.092174e-07, 1.927817e-13, 5.284677e-07, 2.972164e-03, 3.330355e-08, 3.200509e-11, 1.482181e-06, 1.868118e-02, 5.982263e+00, 6.365524e+02, 6.393240e+02
1.950000e-01, 2.063520e-01, 1.130973e+00, 1.017876e-01, 1.130973e+00, 2.899593e-01, 1.766800e-01, -2.550166e+05, 1.763291e+03, 2.501106e+04, 1.763291e+03, 4.700011e+06, 3.233934e-07, 8.745887e-11, 3.608889e-10, 1.401226e-07, 3.384384e-11, 3.789789e-09, 1.200165e-11, 3.972751e-11, 9.214489e-11, 8.589832e-13, 2.019112e-11, 3.723307e-13, 4.403802e-13, 1.423375e-06, 4.287605e-08, 1.617983e-06, 5.866201e-07, 1.000898e-09, 7.619987e-08, 2.742079e-08, 4.089101e-04, 3.168021e-01, 8.573426e-02, 2.090820e-05, 2.978907e-01, 2.961658e-01, 5.595983e-11, 2.069578e-07, 1.845093e-13, 5.293229e-07, 2.970871e-03, 3.384028e-08, 3.063404e-11, 1.447001e-06, 1.867305e-02, 5.986258e+00, 4.175490e+02, 4.202558e+02
2.070000e-01, 2.477492e-01, 1.130973e+00, 1.017876e-01, 1.130973e+00, 2.897931e-01, 1.766800e-01, -2.031972e+05, 1.761804e+03, 2.501106e+04, 1.761804e+03, 4.700011e+06, 1.492960e-07, 4.020320e-11, 1.737152e-10, 6.520799e-08, 1.565397e-11, 1.734618e-09, 7.702312e-12, 2.270954e-11, 5.053900e-11, 4.131965e-13, 8.242582e-12, 2.387321e-13, 2.768280e-13, 1.156612e-06, 2.849715e-08, 1.617169e-06, 3.890716e-07, 6.526170e-10, 7.617907e-08, 2.018532e-08, 2.747871e-04, 3.168415e-01, 8.572193e-02, 2.066177e-05, 2.982266e-01, 2.959388e-01, 2.737335e-11, 2.054155e-07, 1.788602e-13, 5.299717e-07, 2.970066e-03, 3.433302e-08, 2.968126e-11, 1.422289e-06, 1.866800e-02, 5.989691e+00, 2.813921e+02, 2.840597e+02
2.190000e-01, 2.891689e-01, 1.130973e+00, 1.017876e-01, 1.130973e+00, 2.896428e-01, 1.766800e-01, -8.554336e+04, 1.760584e+03, 2.501106e+04, 1.760584e+03, 4.700011e+06, 7.378764e-08, 1.980459e-11, 9.015967e-11, 3.235793e-08, 7.724963e-12, 8.363761e-10, 5.655770e-12, 1.568068e-11, 3.401503e-11, 2.530186e-13, 4.307971e-12, 1.801380e-13, 2.082174e-13, 9.427503e-07, 1.943136e-08, 1.616866e-06, 2.647525e-07, 4.402408e-10, 7.616569e-08, 1.562934e-08, 1.889339e-04, 3.168532e-01, 8.572766e-02, 2.045682e-05, 2.984554e-01, 2.957796e-01, 1.450904e-11, 2.040962e-07, 1.743643e-13, 5.304994e-07, 2.969551e-03, 3.479823e-08, 2.892863e-11, 1.402344e-06, 1.866476e-02, 5.992800e+00, 1.941266e+02, 1.967696e+02
2.310000e-01, 3.306094e-01, 1.130973e+00, 1.017876e-01, 1.130973e+00, 2.895022e-01, 1.766800e-01, 7.706677e+03, 1.759530e+03, 2.501106e+04, 1.759530e+03, 4.700011e+06, 3.916676e-08, 1.048097e-11, 5.045448e-11, 1.718829e-08, 4.079880e-12, 4.258204e-10, 4.407454e-12, 1.190344e-11, 2.549773e-11, 1.800943e-13, 2.758336e-12, 1.429029e-13, 1.656498e-13, 7.703905e-07, 1.358366e-08, 1.616857e-06, 1.846886e-07, 3.060661e-10, 7.615690e-08, 1.269678e-08, 1.329585e-04, 3.168477e-01, 8.574461e-02, 2.027874e-05, 2.986179e-01, 2.956625e-01, 8.308521e-12, 2.029278e-07, 1.705934e-13, 5.309527e-07, 2.969214e-03, 3.524465e-08, 2.830018e-11, 1.385410e-06, 1.866265e-02, 5.995711e+00, 1.371088e+02, 1.397360e+02
2.430000e-01, 3.720696e-01, 1.130973e+00, 1.017876e-01, 1.130973e+00, 2.893677e-01, 1.766800e-01, -1.229519e+05, 1.758581e+03, 2.501106e+04, 1.758581e+03, 4.700011e+06, 2.277679e-08, 6.044460e-12, 3.073312e-11, 1.000204e-08, 2.347084e-12, 2.359714e-10, 3.516459e-12, 9.404250e-12, 2.001997e-11, 1.374009e-13, 1.977872e-12, 1.149073e-13, 1.336740e-13, 6.309280e-07, 9.739248e-09, 1.617019e-06, 1.320141e-07, 2.187113e-10, 7.615102e-08, 1.077036e-08, 9.592876e-05, 3.168312e-01, 8.576866e-02, 2.012177e-05, 2.987385e-01, 2.955720e-01, 5.168737e-12, 2.018974e-07, 1.673433e-13, 5.313591e-07, 2.968991e-03, 3.567732e-08, 2.775767e-11, 1.370646e-06, 1.866124e-02, 5.998496e+00, 9.928159e+01, 1.018984e+02
2.550000e-01, 4.135487e-01, 1.130973e+00, 1.017876e-01, 1.130973e+00, 2.892372e-01, 1.766800e-01, -3.320201e+05, 1.757700e+03, 2.501106e+04, 1.757700e+03, 4.700011e+06, 1.455673e-08, 3.811507e-12, 2.034363e-11, 6.431578e-09, 1.484454e-12, 1.452896e-10, 2.828055e-12, 7.516988e-12, 1.592930e-11, 1.068271e-13, 1.454263e-12, 9.263642e-14, 1.080665e-13, 5.177351e-07, 7.181014e-09, 1.617290e-06, 9.695607e-08, 1.608680e-10, 7.614703e-08, 9.492782e-09, 7.116456e-05, 3.168077e-01, 8.579733e-02, 1.997646e-05, 2.988318e-01, 2.954987e-01, 3.468069e-12, 2.009351e-07, 1.644015e-13, 5.317353e-07, 2.968841e-03, 3.609932e-08, 2.726761e-11, 1.357161e-06, 1.866031e-02, 6.001202e+00, 7.389257e+01, 7.650245e+01
2.670000e-01, 4.550463e-01, 1.130973e+00, 1.017876e-01, 1.130973e+00, 2.891094e-01, 1.766800e-01, -1.227663e+05, 1.756863e+03, 2.501106e+04, 1.756863e+03, 4.700011e+06, 9.334401e-09, 2.451553e-12, 1.374919e-11, 4.093290e-09, 9.459625e-13, 8.735212e-11, 2.311828e-12, 6.178762e-12, 1.310264e-11, 8.802871e-14, 1.215903e-12, 7.600506e-14, 8.925930e-14, 4.256278e-07, 5.473283e-09, 1.617637e-06, 7.377108e-08, 1.227879e-10, 7.614428e-08, 8.655148e-09, 5.444918e-05, 3.167794e-01, 8.582907e-02, 1.983069e-05, 2.989073e-01, 2.954368e-01, 2.388286e-12, 1.999303e-07, 1.615496e-13, 5.320916e-07, 2.968740e-03, 3.651260e-08, 2.679876e-11, 1.344003e-06, 1.865967e-02, 6.003856e+00, 5.667821e+01, 5.928342e+01
2.790000e-01, 4.965622e-01, 1.130973e+00, 1.017876e-01, 1.130973e+00, 2.889835e-01, 1.766800e-01, -6.542866e+04, 1.756057e+03, 2.501106e+04, 1.756057e+03, 4.700011e+06, 6.594643e-09, 1.730709e-12, 1.006135e-11, 2.874848e-09, 6.618361e-13, 5.757334e-11, 1.892262e-12, 5.077355e-12, 1.076991e-11, 7.237822e-14, 1.003977e-12, 6.221575e-14, 7.344652e-14, 3.504889e-07, 4.311492e-09, 1.618026e-06, 5.797561e-08, 9.691228e-11, 7.614235e-08, 8.090141e-09, 4.305761e-05, 3.167482e-01, 8.586276e-02, 1.969268e-05, 2.989709e-01, 2.953825e-01, 1.769183e-12, 1.989804e-07, 1.588807e-13, 5.324344e-07, 2.968671e-03, 3.691843e-08, 2.635976e-11, 1.331598e-06, 1.865924e-02, 6.006472e+00, 4.488716e+01, 4.748918e+01
2.910000e-01, 5.380960e-01, 1.130973e+00, 1.017876e-01, 1.130973e+00, 2.888588e-01, 1.766800e-01, -2.589948e+04, 1.755271e+03, 2.501106e+04, 1.755271e+03, 4.700011e+06, 4.914879e-09, 1.284590e-12, 7.746552e-12, 2.146349e-09, 4.907707e-13, 4.104816e-11, 1.549176e-12, 4.168970e-12, 8.840976e-12, 5.928028e-14, 8.212952e-13, 5.093821e-14, 6.043805e-14, 2.890909e-07, 3.517250e-09, 1.618442e-06, 4.716646e-08, 7.920359e-11, 7.614098e-08, 7.709767e-09, 3.526499e-05, 3.167148e-01, 8.589785e-02, 1.955926e-05, 2.990266e-01, 2.953332e-01, 1.371350e-12, 1.980595e-07, 1.563353e-13, 5.327686e-07, 2.968623e-03, 3.731766e-08, 2.594086e-11, 1.319667e-06, 1.865894e-02, 6.009065e+00, 3.677187e+01, 3.937170e+01
3.030000e-01, 5.796477e-01, 1.130973e+00, 1.017876e-01, 1.130973e+00, 2.887349e-01, 1.766800e-01, 3.758663e+04, 1.754499e+03, 2.501106e+04, 1.754499e+03, 4.700011e+06, 3.788746e-09, 9.871102e-13, 6.172521e-12, 1.636576e-09, 3.725012e-13, 2.978847e-11, 1.273474e-12, 3.443299e-12, 7.306835e-12, 4.911022e-14, 6.883147e-13, 4.175916e-14, 4.978209e-14, 2.388266e-07, 2.971280e-09, 1.618879e-06, 3.974288e-08, 6.706776e-11, 7.613999e-08, 7.455078e-09, 2.990498e-05, 3.166799e-01, 8.593388e-02, 1.942840e-05, 2.990768e-01, 2.952874e-01, 1.106704e-12, 1.971511e-07, 1.538732e-13, 5.330970e-07, 2.968590e-03, 3.771089e-08, 2.553592e-11, 1.308036e-06, 1.865873e-02, 6.011643e+00, 3.114982e+01, 3.374813e+01
3.150000e-01, 6.212172e-01, 1.130973e+00, 1.017876e-01, 1.130973e+00, 2.886115e-01, 1.766800e-01, 1.337142e+05, 1.753736e+03, 2.501106e+04, 1.753736e+03, 4.700011e+06, 3.060807e-09, 7.940084e-13, 5.152117e-12, 1.333523e-09, 3.009318e-13, 2.314123e-11, 1.047409e-12, 2.836805e-12, 6.018225e-12, 4.040193e-14, 5.626275e-13, 3.430814e-14, 4.112834e-14, 1.976119e-07, 2.594257e-09, 1.619328e-06, 3.461974e-08, 5.875897e-11, 7.613926e-08, 7.286018e-09, 2.620568e-05, 3.166440e-01, 8.597061e-02, 1.929935e-05, 2.991234e-01, 2.952438e-01, 9.259057e-13, 1.962510e-07, 1.514752e-13, 5.334220e-07, 2.968567e-03, 3.809852e-08, 2.514191e-11, 1.296623e-06, 1.865859e-02, 6.014214e+00, 2.723723e+01, 2.983447e+01
3.270000e-01, 6.628045e-01, 1.130973e+00, 1.017876e-01, 1.130973e+00, 2.884882e-01, 1.766800e-01, -9.444391e+04, 1.752978e+03, 2.501106e+04, 1.752978e+03, 4.700011e+06, 2.656206e-09, 6.865194e-13, 4.566151e-12, 1.200330e-09, 2.694112e-13, 2.262284e-11, 8.601258e-13, 2.335477e-12, 4.950461e-12, 3.290590e-14, 4.484154e-13, 2.829004e-14, 3.405571e-14, 1.637636e-07, 2.330571e-09, 1.619783e-06, 3.098204e-08, 5.272210e-11, 7.613871e-08, 7.171580e-09, 2.364522e-05, 3.166074e-01, 8.600784e-02, 1.917333e-05, 2.991676e-01, 2.952018e-01, 8.106960e-13, 1.953771e-07, 1.491375e-13, 5.337448e-07, 2.968551e-03, 3.848085e-08, 2.475789e-11, 1.285467e-06, 1.865849e-02, 6.016783e+00, 2.450281e+01, 2.709930e+01
3.390000e-01, 7.044095e-01, 1.130973e+00, 1.017876e-01, 1.130973e+00, 2.883658e-01, 1.766800e-01, -1.599448e+04, 1.752227e+03, 2.501106e+04, 1.752227e+03, 4.700011e+06, 2.158995e-09, 5.590415e-13, 3.927431e-12, 9.584093e-10, 2.163545e-13, 1.753981e-11, 7.101662e-13, 1.941057e-12, 4.118878e-12, 2.749780e-14, 3.854278e-13, 2.329041e-14, 2.816947e-14, 1.359033e-07, 2.146425e-09, 1.620247e-06, 2.847044e-08, 4.870589e-11, 7.613829e-08, 7.099830e-09, 2.186571e-05, 3.165704e-01, 8.604530e-02, 1.904768e-05, 2.992099e-01, 2.951611e-01, 7.076436e-13, 1.944954e-07, 1.468519e-13, 5.340649e-07, 2.968540e-03, 3.885807e-08, 2.438197e-11, 1.274428e-06, 1.865842e-02, 6.019338e+00, 2.257999e+01, 2.517594e+01
3.510000e-01, 7.460321e-01, 1.130973e+00, 1.017876e-01, 1.130973e+00, 2.882433e-01, 1.766800e-01, -9.186261e+04, 1.751478e+03, 2.501106e+04, 1.751478e+03, 4.700011e+06, 1.923967e-09, 4.964535e-13, 3.605932e-12, 8.798869e-10, 1.975514e-13, 1.706905e-11, 5.859364e-13, 1.605599e-12, 3.405420e-12, 2.259929e-14, 3.117082e-13, 1.925473e-14, 2.339316e-14, 1.129521e-07, 2.017160e-09, 1.620713e-06, 2.667794e-08, 4.581669e-11, 7.613795e-08, 7.054640e-09, 2.063561e-05, 3.165330e-01, 8.608306e-02, 1.892361e-05, 2.992510e-01, 2.951210e-01, 6.452169e-13, 1.936261e-07, 1.446051e-13, 5.343845e-07, 2.968533e-03, 3.923037e-08, 2.401308e-11, 1.263537e-06, 1.865837e-02, 6.021897e+00, 2.123271e+01, 2.382827e+01
3.630000e-01, 7.876724e-01, 1.130973e+00, 1.017876e-01, 1.130973e+00, 2.881208e-01, 1.766800e-01, 3.015031e+05, 1.750731e+03, 2.501106e+04, 1.750731e+03, 4.700011e+06, 1.582545e-09, 4.102537e-13, 3.175366e-12, 6.668938e-10, 1.507459e-13, 9.533618e-12, 4.884597e-13, 1.348014e-12, 2.867402e-12, 1.948274e-14, 2.885306e-13, 1.581436e-14, 1.935570e-14, 9.401428e-08, 1.927560e-09, 1.621190e-06, 2.549154e-08, 4.424318e-11, 7.613768e-08, 7.033343e-09, 1.978970e-05, 3.164952e-01, 8.612109e-02, 1.879828e-05, 2.992914e-01, 2.950814e-01, 5.868325e-13, 1.927341e-07, 1.423900e-13, 5.347040e-07, 2.968527e-03, 3.959788e-08, 2.364858e-11, 1.252636e-06, 1.865834e-02, 6.024457e+00, 2.028980e+01, 2.288506e+01
3.750000e-01, 8.293305e-01, 1.130973e+00, 1.017876e-01, 1.130973e+00, 2.879982e-01, 1.766800e-01, -9.435110e+04, 1.749984e+03, 2.501106e+04, 1.749984e+03, 4.700011e+06, 1.507071e-09, 3.884463e-13, 3.083438e-12, 6.969338e-10, 1.565913e-13, 1.410349e-11, 4.015027e-13, 1.110333e-12, 2.356487e-12, 1.560213e-14, 2.176356e-13, 1.318405e-14, 1.616520e-14, 7.835628e-08, 1.861469e-09, 1.621657e-06, 2.450197e-08, 4.249123e-11, 7.613745e-08, 7.017678e-09, 1.920823e-05, 3.164572e-01, 8.615925e-02, 1.867732e-05, 2.993312e-01, 2.950421e-01, 5.549579e-13, 1.918903e-07, 1.402183e-13, 5.350234e-07, 2.968523e-03, 3.996072e-08, 2.329233e-11, 1.242022e-06, 1.865832e-02, 6.027020e+00, 1.962897e+01, 2.222403e+01
3.870000e-01, 8.710062e-01, 1.130973e+00, 1.017876e-01, 1.130973e+00, 2.878759e-01, 1.766800e-01, 1.236562e+03, 1.749239e+03, 2.501106e+04, 1.749239e+03, 4.700011e+06, 1.344243e-09, 3.465454e-13, 2.888552e-12, 6.167275e-10, 1.386264e-13, 1.198891e-11, 3.339235e-13, 9.273393e-13, 1.969814e-12, 1.312186e-14, 1.865154e-13, 1.091318e-14, 1.345818e-14, 6.540045e-08, 1.816426e-09, 1.622133e-06, 2.387036e-08, 4.166590e-11, 7.613725e-08, 7.016625e-09, 1.882188e-05, 3.164190e-01, 8.619753e-02, 1.855508e-05, 2.993707e-01, 2.950031e-01, 5.232818e-13, 1.910233e-07, 1.380773e-13, 5.353425e-07, 2.968521e-03, 4.031893e-08, 2.294048e-11, 1.231396e-06, 1.865830e-02, 6.029582e+00, 1.917671e+01, 2.177161e+01
3.990000e-01, 9.126997e-01, 1.130973e+00, 1.017876e-01, 1.130973e+00, 2.877538e-01, 1.766800e-01, 2.494667e+05, 1.748496e+03, 2.501106e+04, 1.748496e+03, 4.700011e+06, 1.187050e-09, 3.068758e-13, 2.699058e-12, 5.111967e-10, 1.153638e-13, 7.795259e-12, 2.795397e-13, 7.813468e-13, 1.664453e-12, 1.134645e-14, 1.726440e-13, 8.984424e-15, 1.116800e-14, 5.466019e-08, 1.785039e-09, 1.622612e-06, 2.344124e-08, 4.129782e-11, 7.613708e-08, 7.023617e-09, 1.857307e-05, 3.163808e-01, 8.623585e-02, 1.843329e-05, 2.994098e-01, 2.949643e-01, 4.984506e-13, 1.901542e-07, 1.359742e-13, 5.356612e-07, 2.968519e-03, 4.067262e-08, 2.259439e-11, 1.220853e-06, 1.865829e-02, 6.032140e+00, 1.887323e+01, 2.146801e+01
4.110000e-01, 9.544109e-01, 1.130973e+00, 1.017876e-01, 1.130973e+00, 2.876318e-01, 1.766800e-01, 8.138616e+04, 1.747754e+03, 2.501106e+04, 1.747754e+03, 4.700011e+06, 1.130041e-09, 2.913141e-13, 2.642607e-12, 5.093025e-10, 1.147651e-13, 9.434518e-12, 2.314794e-13, 6.497081e-13, 1.382796e-12, 9.287985e-15, 1.381574e-13, 7.495863e-15, 9.341892e-15, 4.574847e-08, 1.762181e-09, 1.623085e-06, 2.306757e-08, 4.075145e-11, 7.613693e-08, 7.031806e-09, 1.842379e-05, 3.163425e-01, 8.627422e-02, 1.831403e-05, 2.994487e-01, 2.949256e-01, 4.823250e-13, 1.893110e-07, 1.339052e-13, 5.359798e-07, 2.968518e-03, 4.102187e-08, 2.225457e-11, 1.210493e-06, 1.865829e-02, 6.034699e+00, 1.867891e+01, 2.127360e+01
4.230000e-01, 9.961398e-01, 1.130973e+00, 1.017876e-01, 1.130973e+00, 2.875094e-01, 1.766800e-01, -1.931226e+05, 1.747011e+03, 2.501106e+04, 1.747011e+03, 4.700011e+06, 1.106250e-09, 2.835689e-13, 2.630809e-12, 5.464008e-10, 1.220925e-13, 1.302996e-11, 1.911944e-13, 5.368603e-13, 1.138835e-12, 7.412813e-15, 9.990971e-14, 6.332558e-15, 7.894794e-15, 3.834500e-08, 1.746572e-09, 1.623559e-06, 2.278191e-08, 4.027462e-11, 7.613678e-08, 7.043125e-09, 1.834525e-05, 3.163040e-01, 8.631277e-02, 1.819536e-05, 2.994875e-01, 2.948869e-01, 4.691600e-13, 1.884719e-07, 1.318570e-13, 5.362995e-07, 2.968517e-03, 4.136674e-08, 2.191875e-11, 1.200195e-06, 1.865829e-02, 6.037267e+00, 1.856309e+01, 2.115772e+01
4.350000e-01, 1.037886e+00, 1.130973e+00, 1.017876e-01, 1.130973e+00, 2.873871e-01, 1.766800e-01, -5.620035e+04, 1.746267e+03, 2.501106e+04, 1.746267e+03, 4.700011e+06, 1.038466e-09, 2.662520e-13, 2.556819e-12, 5.090784e-10, 1.135482e-13, 1.165693e-11, 1.603322e-13, 4.518349e-13, 9.596522e-13, 6.328628e-15, 8.747633e-14, 5.274819e-15, 6.623438e-15, 3.218480e-08, 1.736614e-09, 1.624039e-06, 2.261954e-08, 4.026991e-11, 7.613665e-08, 7.060118e-09, 1.831891e-05, 3.162654e-01, 8.635142e-02, 1.807603e-05, 2.995263e-01, 2.948482e-01, 4.572779e-13, 1.876180e-07, 1.298426e-13, 5.366197e-07, 2.968517e-03, 4.170730e-08, 2.158756e-11, 1.189914e-06, 1.865829e-02, 6.039838e+00, 1.850558e+01, 2.110016e+01
4.470000e-01, 1.079651e+00, 1.130973e+00, 1.017876e-01, 1.130973e+00, 2.872652e-01, 1.766800e-01, 3.105713e+05, 1.745527e+03, 2.501106e+04, 1.745527e+03, 4.700011e+06, 9.431318e-10, 2.435348e-13, 2.443666e-12, 4.078998e-10, 9.236586e-14, 6.161259e-12, 1.361062e-13, 3.882240e-13, 8.304747e-13, 5.769821e-15, 9.550694e-14, 4.271091e-15, 5.437642e-15, 2.705102e-08, 1.729926e-09, 1.624523e-06, 2.252751e-08, 4.059000e-11, 7.613653e-08, 7.080539e-09, 1.833166e-05, 3.162268e-01, 8.639003e-02, 1.795714e-05, 2.995650e-01, 2.948096e-01, 4.483218e-13, 1.867605e-07, 1.278704e-13, 5.369392e-07, 2.968517e-03, 4.204357e-08, 2.126204e-11, 1.179718e-06, 1.865829e-02, 6.042401e+00, 1.849217e+01, 2.108670e+01
4.590000e-01, 1.121433e+00, 1.130973e+00, 1.017876e-01, 1.130973e+00, 2.871435e-01, 1.766800e-01, 1.796310e+05, 1.744787e+03, 2.501106e+04, 1.744787e+03, 4.700011e+06, 9.172674e-10, 2.365069e-13, 2.427522e-12, 4.036907e-10, 9.176701e-14, 6.747721e-12, 1.132849e-13, 3.253172e-13, 6.959136e-13, 4.767021e-15, 7.952308e-14, 3.555980e-15, 4.536632e-15, 2.277379e-08, 1.725356e-09, 1.625000e-06, 2.240847e-08, 4.055577e-11, 7.613642e-08, 7.098870e-09, 1.837268e-05, 3.161883e-01, 8.642860e-02, 1.784063e-05, 2.996036e-01, 2.947711e-01, 4.417649e-13, 1.859282e-07, 1.259232e-13, 5.372583e-07, 2.968517e-03, 4.237565e-08, 2.094179e-11, 1.169690e-06, 1.865829e-02, 6.044961e+00, 1.851162e+01, 2.110613e+01
4.710000e-01, 1.163233e+00, 1.130973e+00, 1.017876e-01, 1.130973e+00, 2.870213e-01, 1.766800e-01, -7.600801e+04, 1.744045e+03, 2.501106e+04, 1.744045e+03, 4.700011e+06, 9.196290e-10, 2.348344e-13, 2.449938e-12, 4.649290e-10, 1.031591e-13, 1.141881e-11, 9.400401e-14, 2.680535e-13, 5.693768e-13, 3.733946e-15, 5.044057e-14, 3.115139e-15, 3.963160e-15, 1.920505e-08, 1.723827e-09, 1.625473e-06, 2.231323e-08, 4.037602e-11, 7.613630e-08, 7.117541e-09, 1.843331e-05, 3.161496e-01, 8.646733e-02, 1.772473e-05, 2.996422e-01, 2.947325e-01, 4.335156e-13, 1.851013e-07, 1.239915e-13, 5.375789e-07, 2.968518e-03, 4.270359e-08, 2.062554e-11, 1.159719e-06, 1.865829e-02, 6.047534e+00, 1.855445e+01, 2.114894e+01
4.830000e-01, 1.205050e+00, 1.130973e+00, 1.017876e-01, 1.130973e+00, 2.868989e-01, 1.766800e-01, -1.185469e+04, 1.743302e+03, 2.501106e+04, 1.743302e+03, 4.700011e+06, 8.940191e-10, 2.281720e-13, 2.427669e-12, 4.539441e-10, 1.003072e-13, 1.116310e-11, 7.931408e-14, 2.271319e-13, 4.829724e-13, 3.209529e-15, 4.387932e-14, 2.630765e-15, 3.378971e-15, 1.622001e-08, 1.723143e-09, 1.625955e-06, 2.226322e-08, 4.053627e-11, 7.613620e-08, 7.139047e-09, 1.850894e-05, 3.161107e-01, 8.650624e-02, 1.760835e-05, 2.996811e-01, 2.946937e-01, 4.285490e-13, 1.842630e-07, 1.220914e-13, 5.379008e-07, 2.968518e-03, 4.302744e-08, 2.031296e-11, 1.149763e-06, 1.865830e-02, 6.050115e+00, 1.861503e+01, 2.120951e+01
4.950000e-01, 1.246886e+00, 1.130973e+00, 1.017876e-01, 1.130973e+00, 2.867769e-01, 1.766800e-01, 1.298114e+05, 1.742561e+03, 2.501106e+04, 1.742561e+03, 4.700011e+06, 8.647762e-10, 2.216053e-13, 2.401186e-12, 4.071010e-10, 9.173576e-14, 8.263727e-12, 6.689631e-14, 1.946004e-13, 4.163926e-13, 2.815963e-15, 4.667998e-14, 2.107584e-15, 2.724209e-15, 1.371676e-08, 1.722608e-09, 1.626440e-06, 2.222355e-08, 4.082930e-11, 7.613610e-08, 7.161389e-09, 1.859683e-05, 3.160718e-01, 8.654511e-02, 1.749299e-05, 2.997198e-01, 2.946550e-01, 4.267185e-13, 1.834292e-07, 1.202299e-13, 5.382221e-07, 2.968518e-03, 4.334722e-08, 2.000573e-11, 1.139921e-06, 1.865830e-02, 6.052689e+00, 1.869020e+01, 2.128468e+01
5.070000e-01, 1.288739e+00, 1.130973e+00, 1.017876e-01, 1.130973e+00, 2.866550e-01, 1.766800e-01, -4.155334e+04, 1.741820e+03, 2.501106e+04, 1.741820e+03, 4.700011e+06, 8.493793e-10, 2.170336e-13, 2.396699e-12, 4.068347e-10, 9.156048e-14, 8.601616e-12, 5.616013e-14, 1.638546e-13, 3.503565e-13, 2.339363e-15, 3.818190e-14, 1.761971e-15, 2.263371e-15, 1.161590e-08, 1.723678e-09, 1.626920e-06, 2.218755e-08, 4.096259e-11, 7.613600e-08, 7.183298e-09, 1.869337e-05, 3.160330e-01, 8.658398e-02, 1.737854e-05, 2.997585e-01, 2.946163e-01, 4.224417e-13, 1.826038e-07, 1.183825e-13, 5.385434e-07, 2.968519e-03, 4.366301e-08, 1.970200e-11, 1.130154e-06, 1.865830e-02, 6.055263e+00, 1.877617e+01, 2.137065e+01
5.190000e-01, 1.330610e+00, 1.130973e+00, 1.017876e-01, 1.130973e+00, 2.865325e-01, 1.766800e-01, -5.660480e+04, 1.741077e+03, 2.501106e+04, 1.741077e+03, 4.700011e+06, 8.396150e-10, 2.136906e-13, 2.395656e-12, 4.280549e-10, 9.466208e-14, 1.053135e-11, 4.744221e-14, 1.378603e-13, 2.936469e-13, 1.955621e-15, 2.738188e-14, 1.562865e-15, 2.027043e-15, 9.849640e-09, 1.725784e-09, 1.627399e-06, 2.216185e-08, 4.106902e-11, 7.613590e-08, 7.205653e-09, 1.879671e-05, 3.159939e-01, 8.662303e-02, 1.726432e-05, 2.997973e-01, 2.945775e-01, 4.174767e-13, 1.817775e-07, 1.165617e-13, 5.388666e-07, 2.968520e-03, 4.397485e-08, 1.940293e-11, 1.120434e-06, 1.865831e-02, 6.057852e+00, 1.887068e+01, 2.146517e+01
5.310000e-01, 1.372499e+00, 1.130973e+00, 1.017876e-01, 1.130973e+00, 2.864100e-01, 1.766800e-01, -1.423553e+04, 1.740333e+03, 2.501106e+04, 1.740333e+03, 4.700011e+06, 8.294164e-10, 2.110284e-13, 2.392913e-12, 4.202007e-10, 9.305204e-14, 1.012723e-11, 4.013049e-14, 1.176812e-13, 2.513012e-13, 1.689339e-15, 2.521218e-14, 1.311707e-15, 1.724474e-15, 8.361434e-09, 1.727626e-09, 1.627885e-06, 2.214289e-08, 4.130219e-11, 7.613581e-08, 7.228786e-09, 1.890581e-05, 3.159548e-01, 8.666220e-02, 1.715066e-05, 2.998363e-01, 2.945385e-01, 4.154429e-13, 1.809526e-07, 1.147690e-13, 5.391903e-07, 2.968520e-03, 4.428279e-08, 1.910765e-11, 1.110786e-06, 1.865831e-02, 6.060443e+00, 1.897229e+01, 2.156679e+01
5.430000e-01, 1.414406e+00, 1.130973e+00, 1.017876e-01, 1.130973e+00, 2.862877e-01, 1.766800e-01, 8.825562e+03, 1.739590e+03, 2.501106e+04, 1.739590e+03, 4.700011e+06, 8.186466e-10, 2.082096e-13, 2.390828e-12, 4.071067e-10, 9.068490e-14, 9.298719e-12, 3.394175e-14, 1.006459e-13, 2.157037e-13, 1.455568e-15, 2.416145e-14, 1.070992e-15, 1.409703e-15, 7.107480e-09, 1.729762e-09, 1.628370e-06, 2.212788e-08, 4.155049e-11, 7.613571e-08, 7.252150e-09, 1.901971e-05, 3.159156e-01, 8.670137e-02, 1.703782e-05, 2.998753e-01, 2.944996e-01, 4.137152e-13, 1.801320e-07, 1.130041e-13, 5.395141e-07, 2.968521e-03, 4.458685e-08, 1.881685e-11, 1.101226e-06, 1.865832e-02, 6.063032e+00, 1.907985e+01, 2.167436e+01
5.550000e-01, 1.456331e+00, 1.130973e+00, 1.017876e-01, 1.130973e+00, 2.861654e-01, 1.766800e-01, 1.558647e+04, 1.738847e+03, 2.501106e+04, 1.738847e+03, 4.700011e+06, 8.097401e-10, 2.054182e-13, 2.391763e-12, 4.098629e-10, 9.093249e-14, 9.691085e-12, 2.877723e-14, 8.534754e-14, 1.826683e-13, 1.225194e-15, 1.935090e-14, 9.117542e-16, 1.188478e-15, 6.052464e-09, 1.732595e-09, 1.628852e-06, 2.211614e-08, 4.174394e-11, 7.613563e-08, 7.275499e-09, 1.913750e-05, 3.158764e-01, 8.674055e-02, 1.692573e-05, 2.999142e-01, 2.944606e-01, 4.107317e-13, 1.793157e-07, 1.112655e-13, 5.398379e-07, 2.968522e-03, 4.488711e-08, 1.853075e-11, 1.091747e-06, 1.865832e-02, 6.065623e+00, 1.919234e+01, 2.178688e+01
5.670000e-01, 1.498274e+00, 1.130973e+00, 1.017876e-01, 1.130973e+00, 2.860431e-01, 1.766800e-01, 1.483984e+04, 1.738105e+03, 2.501106e+04, 1.738105e+03, 4.700011e+06, 8.037408e-10, 2.035643e-13, 2.394898e-12, 4.106833e-10, 9.089125e-14, 9.868851e-12, 2.447321e-14, 7.293175e-14, 1.561692e-13, 1.049507e-15, 1.648982e-14, 7.773407e-16, 1.017434e-15, 5.166246e-09, 1.735530e-09, 1.629337e-06, 2.210769e-08, 4.196657e-11, 7.613554e-08, 7.299157e-09, 1.925860e-05, 3.158372e-01, 8.677979e-02, 1.681422e-05, 2.999532e-01, 2.944216e-01, 4.086626e-13, 1.785018e-07, 1.095513e-13, 5.401624e-07, 2.968522e-03, 4.518360e-08, 1.824847e-11, 1.082337e-06, 1.865833e-02, 6.068216e+00, 1.930899e+01, 2.190355e+01
5.790000e-01, 1.540235e+00, 1.130973e+00, 1.017876e-01, 1.130973e+00, 2.859208e-01, 1.766800e-01, 7.431882e+03, 1.737362e+03, 2.501106e+04, 1.737362e+03, 4.700011e+06, 8.002680e-10, 2.024861e-13, 2.400062e-12, 4.107276e-10, 9.074956e-14, 9.927192e-12, 2.087633e-14, 6.283821e-14, 1.348896e-13, 9.168642e-16, 1.502706e-14, 6.654524e-16, 8.899020e-16, 4.419562e-09, 1.738552e-09, 1.629822e-06, 2.210167e-08, 4.221021e-11, 7.613545e-08, 7.323068e-09, 1.938240e-05, 3.157979e-01, 8.681909e-02, 1.670333e-05, 2.999923e-01, 2.943826e-01, 4.072764e-13, 1.776906e-07, 1.078613e-13, 5.404873e-07, 2.968523e-03, 4.547637e-08, 1.797003e-11, 1.072997e-06, 1.865834e-02, 6.070812e+00, 1.942904e+01, 2.202364e+01
5.910000e-01, 1.582213e+00, 1.130973e+00, 1.017876e-01, 1.130973e+00, 2.857985e-01, 1.766800e-01, 8.854983e+03, 1.736620e+03, 2.501106e+04, 1.736620e+03, 4.700011e+06, 7.968350e-10, 2.013035e-13, 2.406005e-12, 4.115544e-10, 9.077172e-14, 1.002006e-11, 1.785059e-14, 5.413112e-14, 1.163818e-13, 7.954958e-16, 1.330598e-14, 5.689172e-16, 7.682719e-16, 3.789521e-09, 1.741761e-09, 1.630307e-06, 2.209707e-08, 4.244988e-11, 7.613537e-08, 7.347090e-09, 1.950855e-05, 3.157586e-01, 8.685842e-02, 1.659315e-05, 3.000313e-01, 2.943435e-01, 4.057286e-13, 1.768830e-07, 1.061974e-13, 5.408125e-07, 2.968524e-03, 4.576547e-08, 1.769591e-11, 1.063736e-06, 1.865834e-02, 6.073408e+00, 1.955203e+01, 2.214666e+01
6.030000e-01, 1.624210e+00, 1.130973e+00, 1.017876e-01, 1.130973e+00, 2.856763e-01, 1.766800e-01, 1.898564e+04, 1.735878e+03, 2.501106e+04, 1.735878e+03, 4.700011e+06, 7.937906e-10, 2.002065e-13, 2.412630e-12, 4.113317e-10, 9.064833e-14, 9.998653e-12, 1.526590e-14, 4.668978e-14, 1.006067e-13, 6.905122e-16, 1.203977e-14, 4.797995e-16, 6.504750e-16, 3.249733e-09, 1.745038e-09, 1.630793e-06, 2.209343e-08, 4.269624e-11, 7.613529e-08, 7.371255e-09, 1.963653e-05, 3.157192e-01, 8.689779e-02, 1.648364e-05, 3.000704e-01, 2.943044e-01, 4.043174e-13, 1.760786e-07, 1.045587e-13, 5.411380e-07, 2.968525e-03, 4.605094e-08, 1.742588e-11, 1.054552e-06, 1.865835e-02, 6.076006e+00, 1.967730e+01, 2.227197e+01
6.150000e-01, 1.666224e+00, 1.130973e+00, 1.017876e-01, 1.130973e+00, 2.855541e-01, 1.766800e-01, 1.679536e+04, 1.735136e+03, 2.501106e+04, 1.735136e+03, 4.700011e+06, 7.913436e-10, 1.992693e-13, 2.419790e-12, 4.123489e-10, 9.072922e-14, 1.007233e-11, 1.311565e-14, 4.041800e-14, 8.724944e-14, 6.022090e-16, 1.074739e-14, 4.089754e-16, 5.560092e-16, 2.796430e-09, 1.748439e-09, 1.631279e-06, 2.209092e-08, 4.294224e-11, 7.613521e-08, 7.395549e-09, 1.976639e-05, 3.156798e-01, 8.693721e-02, 1.637477e-05, 3.001096e-01, 2.942652e-01, 4.029294e-13, 1.752773e-07, 1.029435e-13, 5.414639e-07, 2.968525e-03, 4.633282e-08, 1.715970e-11, 1.045438e-06, 1.865835e-02, 6.078606e+00, 1.980490e+01, 2.239961e+01
6.270000e-01, 1.708257e+00, 1.130973e+00, 1.017876e-01, 1.130973e+00, 2.854320e-01, 1.766800e-01, 6.780126e+03, 1.734394e+03, 2.501106e+04, 1.734394e+03, 4.700011e+06, 7.889502e-10, 1.983452e-13, 2.427026e-12, 4.138254e-10, 9.088303e-14, 1.018620e-11, 1.126739e-14, 3.493824e-14, 7.551323e-14, 5.240988e-16, 9.400376e-15, 3.486738e-16, 4.715233e-16, 2.404231e-09, 1.751915e-09, 1.631765e-06, 2.208889e-08, 4.318739e-11, 7.613513e-08, 7.419948e-09, 1.989768e-05, 3.156403e-01, 8.697667e-02, 1.626654e-05, 3.001488e-01, 2.942260e-01, 4.015044e-13, 1.744791e-07, 1.013518e-13, 5.417902e-07, 2.968526e-03, 4.661117e-08, 1.689735e-11, 1.036396e-06, 1.865836e-02, 6.081208e+00, 1.993422e+01, 2.252897e+01
6.390000e-01, 1.750307e+00, 1.130973e+00, 1.017876e-01, 1.130973e+00, 2.853098e-01, 1.766800e-01, -4.850940e+01, 1.733652e+03, 2.501106e+04, 1.733652e+03, 4.700011e+06, 7.871902e-10, 1.975787e-13, 2.434990e-12, 4.155104e-10, 9.108508e-14, 1.029653e-11, 9.752963e-15, 3.044000e-14, 6.588561e-14, 4.601752e-16, 8.322499e-15, 2.991940e-16, 4.022964e-16, 2.080944e-09, 1.755455e-09, 1.632252e-06, 2.208767e-08, 4.343700e-11, 7.613506e-08, 7.444486e-09, 2.003068e-05, 3.156008e-01, 8.701618e-02, 1.615894e-05, 3.001880e-01, 2.941868e-01, 4.001908e-13, 1.736839e-07, 9.978346e-14, 5.421169e-07, 2.968527e-03, 4.688602e-08, 1.663882e-11, 1.027425e-06, 1.865837e-02, 6.083812e+00, 2.006560e+01, 2.266040e+01
6.510000e-01, 1.792376e+00, 1.130973e+00, 1.017876e-01, 1.130973e+00, 2.851876e-01, 1.766800e-01, -4.016219e+03, 1.732910e+03, 2.501106e+04, 1.732910e+03, 4.700011e+06, 7.859212e-10, 1.969328e-13, 2.443520e-12, 4.174371e-10, 9.133638e-14, 1.041148e-11, 8.502215e-15, 2.672559e-14, 5.794150e-14, 4.076395e-16, 7.452694e-15, 2.586933e-16, 3.463172e-16, 1.812901e-09, 1.759045e-09, 1.632739e-06, 2.208700e-08, 4.369025e-11, 7.613498e-08, 7.469152e-09, 2.016519e-05, 3.155612e-01, 8.705575e-02, 1.605196e-05, 3.002273e-01, 2.941475e-01, 3.989584e-13, 1.728916e-07, 9.823822e-14, 5.424441e-07, 2.968528e-03, 4.715741e-08, 1.638404e-11, 1.018524e-06, 1.865837e-02, 6.086419e+00, 2.019877e+01, 2.279363e+01
6.630000e-01, 1.834463e+00, 1.130973e+00, 1.017876e-01, 1.130973e+00, 2.850654e-01, 1.766800e-01, -3.837085e+03, 1.732169e+03, 2.501106e+04, 1.732169e+03, 4.700011e+06, 7.851131e-10, 1.963991e-13, 2.452580e-12, 4.195945e-10, 9.163394e-14, 1.053116e-11, 7.460882e-15, 2.365761e-14, 5.139784e-14, 3.647503e-16, 6.789807e-15, 2.256625e-16, 3.027095e-16, 1.589775e-09, 1.762666e-09, 1.633227e-06, 2.208671e-08, 4.394727e-11, 7.613491e-08, 7.493945e-09, 2.030111e-05, 3.155216e-01, 8.709537e-02, 1.594560e-05, 3.002666e-01, 2.941081e-01, 3.978052e-13, 1.721022e-07, 9.671571e-14, 5.427717e-07, 2.968529e-03, 4.742540e-08, 1.613295e-11, 1.009692e-06, 1.865838e-02, 6.089028e+00, 2.033358e+01, 2.292849e+01
6.750000e-01, 1.876567e+00, 1.130973e+00, 1.017876e-01, 1.130973e+00, 2.849432e-01, 1.766800e-01, 2.154665e+03, 1.731427e+03, 2.501106e+04, 1.731427e+03, 4.700011e+06, 7.847690e-10, 1.959772e-13, 2.462172e-12, 4.219586e-10, 9.197359e-14, 1.065326e-11, 6.579369e-15, 2.111638e-14, 4.601342e-14, 3.300775e-16, 6.350315e-15, 1.986906e-16, 2.709308e-16, 1.402225e-09, 1.766305e-09, 1.633715e-06, 2.208665e-08, 4.420846e-11, 7.613484e-08, 7.518862e-09, 2.043833e-05, 3.154819e-01, 8.713504e-02, 1.583984e-05, 3.003060e-01, 2.940687e-01, 3.967368e-13, 1.713156e-07, 9.521558e-14, 5.430998e-07, 2.968529e-03, 4.769001e-08, 1.588550e-11, 1.000929e-06, 1.865838e-02, 6.091639e+00, 2.046986e+01, 2.306484e+01
6.870000e-01, 1.918690e+00, 1.130973e+00, 1.017876e-01, 1.130973e+00, 2.848210e-01, 1.766800e-01, 1.038989e+04, 1.730685e+03, 2.501106e+04, 1.730685e+03, 4.700011e+06, 7.847182e-10, 1.956264e-13, 2.472121e-12, 4.244526e-10, 9.233989e-14, 1.077628e-11, 5.838087e-15, 1.900583e-14, 4.156157e-14, 3.017626e-16, 6.048765e-15, 1.765205e-16, 2.468902e-16, 1.244726e-09, 1.769962e-09, 1.634204e-06, 2.208677e-08, 4.447261e-11, 7.613477e-08, 7.543895e-09, 2.057677e-05, 3.154422e-01, 8.717477e-02, 1.573469e-05, 3.003454e-01, 2.940293e-01, 3.957188e-13, 1.705320e-07, 9.373753e-14, 5.434283e-07, 2.968530e-03, 4.795129e-08, 1.564165e-11, 9.922347e-07, 1.865839e-02, 6.094253e+00, 2.060752e+01, 2.320256e+01
6.990000e-01, 1.960831e+00, 1.130973e+00, 1.017876e-01, 1.130973e+00, 2.846988e-01, 1.766800e-01, 1.346860e+04, 1.729943e+03, 2.501106e+04, 1.729943e+03, 4.700011e+06, 7.846541e-10, 1.952739e-13, 2.482112e-12, 4.269583e-10, 9.270861e-14, 1.089932e-11, 5.240971e-15, 1.724840e-14, 3.782708e-14, 2.776113e-16, 5.719790e-15, 1.580157e-16, 2.237149e-16, 1.114747e-09, 1.773654e-09, 1.634693e-06, 2.208704e-08, 4.473722e-11, 7.613470e-08, 7.569031e-09, 2.071635e-05, 3.154024e-01, 8.721454e-02, 1.563017e-05, 3.003849e-01, 2.939898e-01, 3.946850e-13, 1.697514e-07, 9.228118e-14, 5.437573e-07, 2.968531e-03, 4.820929e-08, 1.540134e-11, 9.836092e-07, 1.865840e-02, 6.096868e+00, 2.074645e+01, 2.334157e+01
7.110000e-01, 2.002990e+00, 1.130973e+00, 1.017876e-01, 1.130973e+00, 2.845766e-01, 1.766800e-01, 1.620239e+04, 1.729201e+03, 2.501106e+04, 1.729201e+03, 4.700011e+06, 7.846847e-10, 1.949442e-13, 2.492255e-12, 4.294836e-10, 9.308238e-14, 1.101962e-11, 4.720249e-15, 1.571011e-14, 3.455988e-14, 2.564528e-16, 5.441613e-15, 1.416720e-16, 2.030120e-16, 1.000633e-09, 1.777354e-09, 1.635183e-06, 2.208728e-08, 4.500368e-11, 7.613463e-08, 7.594272e-09, 2.085696e-05, 3.153626e-01, 8.725436e-02, 1.552626e-05, 3.004244e-01, 2.939502e-01, 3.936659e-13, 1.689737e-07, 9.084624e-14, 5.440867e-07, 2.968532e-03, 4.846403e-08, 1.516452e-11, 9.750515e-07, 1.865840e-02, 6.099486e+00, 2.088650e+01, 2.348169e+01
7.230000e-01, 2.045167e+00, 1.130973e+00, 1.017876e-01, 1.130973e+00, 2.844544e-01, 1.766800e-01, 1.807552e+04, 1.728459e+03, 2.501106e+04, 1.728459e+03, 4.700011e+06, 7.847402e-10, 1.946198e-13, 2.502476e-12, 4.319824e-10, 9.345231e-14, 1.113522e-11, 4.238934e-15, 1.428121e-14, 3.152486e-14, 2.366770e-16, 5.187869e-15, 1.261429e-16, 1.827477e-16, 8.946476e-10, 1.781053e-09, 1.635673e-06, 2.208738e-08, 4.527172e-11, 7.613457e-08, 7.619615e-09, 2.099852e-05, 3.153227e-01, 8.729424e-02, 1.542295e-05, 3.004640e-01, 2.939106e-01, 3.926502e-13, 1.681989e-07, 8.943238e-14, 5.444165e-07, 2.968533e-03, 4.871558e-08, 1.493114e-11, 9.665610e-07, 1.865841e-02, 6.102106e+00, 2.102754e+01, 2.362280e+01
7.350000e-01, 2.087362e+00, 1.130973e+00, 1.017876e-01, 1.130973e+00, 2.843323e-01, 1.766800e-01, 1.854594e+04, 1.727717e+03, 2.501106e+04, 1.727717e+03, 4.700011e+06, 7.847507e-10, 1.942835e-13, 2.512704e-12, 4.344084e-10, 9.380949e-14, 1.124415e-11, 3.760044e-15, 1.285196e-14, 2.848693e-14, 2.166736e-16, 4.932195e-15, 1.100822e-16, 1.608884e-16, 7.890521e-10, 1.784745e-09, 1.636164e-06, 2.208723e-08, 4.554107e-11, 7.613450e-08, 7.645055e-09, 2.114094e-05, 3.152828e-01, 8.733416e-02, 1.532025e-05, 3.005036e-01, 2.938710e-01, 3.916270e-13, 1.674271e-07, 8.803927e-14, 5.447467e-07, 2.968534e-03, 4.896396e-08, 1.470115e-11, 9.581374e-07, 1.865842e-02, 6.104728e+00, 2.116943e+01, 2.376477e+01
7.470000e-01, 2.129575e+00, 1.130973e+00, 1.017876e-01, 1.130973e+00, 2.842101e-01, 1.766800e-01, 1.863104e+04, 1.726975e+03, 2.501106e+04, 1.726975e+03, 4.700011e+06, 7.849728e-10, 1.940027e-13, 2.523185e-12, 4.369947e-10, 9.419621e-14, 1.136144e-11, 3.406297e-15, 1.177706e-14, 2.619893e-14, 2.018253e-16, 4.733656e-15, 9.843469e-17, 1.446014e-16, 7.086003e-10, 1.788465e-09, 1.636655e-06, 2.208729e-08, 4.581245e-11, 7.613444e-08, 7.670614e-09, 2.128462e-05, 3.152428e-01, 8.737414e-02, 1.521813e-05, 3.005433e-01, 2.938313e-01, 3.906352e-13, 1.666580e-07, 8.666653e-14, 5.450774e-07, 2.968535e-03, 4.920920e-08, 1.447448e-11, 9.497786e-07, 1.865842e-02, 6.107353e+00, 2.131272e+01, 2.390814e+01
7.590000e-01, 2.171806e+00, 1.130973e+00, 1.017876e-01, 1.130973e+00, 2.840878e-01, 1.766800e-01, 1.721928e+04, 1.726233e+03, 2.501106e+04, 1.726233e+03, 4.700011e+06, 7.852764e-10, 1.937445e-13, 2.533787e-12, 4.396437e-10, 9.459415e-14, 1.148200e-11, 3.111322e-15, 1.086130e-14, 2.424395e-14, 1.892350e-16, 4.550169e-15, 8.869637e-17, 1.301599e-16, 6.395758e-10, 1.792198e-09, 1.637147e-06, 2.208734e-08, 4.608540e-11, 7.613438e-08, 7.696282e-09, 2.142939e-05, 3.152028e-01, 8.741418e-02, 1.511660e-05, 3.005830e-01, 2.937915e-01, 3.896546e-13, 1.658918e-07, 8.531385e-14, 5.454086e-07, 2.968536e-03, 4.945135e-08, 1.425108e-11, 9.414846e-07, 1.865843e-02, 6.109981e+00, 2.145715e+01, 2.405266e+01
7.710000e-01, 2.214056e+00, 1.130973e+00, 1.017876e-01, 1.130973e+00, 2.839656e-01, 1.766800e-01, 1.351439e+04, 1.725491e+03, 2.501106e+04, 1.725491e+03, 4.700011e+06, 7.855959e-10, 1.934927e-13, 2.544442e-12, 4.423128e-10, 9.499508e-14, 1.160409e-11, 2.840228e-15, 1.000101e-14, 2.239986e-14, 1.773842e-16, 4.356490e-15, 7.960337e-17, 1.156508e-16, 5.746673e-10, 1.795935e-09, 1.637639e-06, 2.208727e-08, 4.635966e-11, 7.613432e-08, 7.722056e-09, 2.157515e-05, 3.151627e-01, 8.745427e-02, 1.501564e-05, 3.006228e-01, 2.937517e-01, 3.886747e-13, 1.651283e-07, 8.398089e-14, 5.457403e-07, 2.968536e-03, 4.969045e-08, 1.403091e-11, 9.332547e-07, 1.865843e-02, 6.112610e+00, 2.160260e+01, 2.419820e+01
7.830000e-01, 2.256324e+00, 1.130973e+00, 1.017876e-01, 1.130973e+00, 2.838434e-01, 1.766800e-01, 6.847914e+03, 1.724749e+03, 2.501106e+04, 1.724749e+03, 4.700011e+06, 7.859036e-10, 1.932410e-13, 2.555119e-12, 4.449920e-10, 9.539673e-14, 1.172795e-11, 2.576715e-15, 9.146605e-15, 2.055950e-14, 1.655685e-16, 4.137320e-15, 7.062421e-17, 1.002320e-16, 5.103456e-10, 1.799674e-09, 1.638132e-06, 2.208706e-08, 4.663509e-11, 7.613426e-08, 7.747936e-09, 2.172189e-05, 3.151225e-01, 8.749442e-02, 1.491525e-05, 3.006626e-01, 2.937119e-01, 3.876909e-13, 1.643675e-07, 8.266732e-14, 5.460724e-07, 2.968537e-03, 4.992654e-08, 1.381390e-11, 9.250883e-07, 1.865844e-02, 6.115243e+00, 2.174902e+01, 2.434472e+01
7.950000e-01, 2.298609e+00, 1.130973e+00, 1.017876e-01, 1.130973e+00, 2.837211e-01, 1.766800e-01, -3.292658e+02, 1.724007e+03, 2.501106e+04, 1.724007e+03, 4.700011e+06, 7.862217e-10, 1.929923e-13, 2.565850e-12, 4.477045e-10, 9.580293e-14, 1.185442e-11, 2.326963e-15, 8.330659e-15, 1.879805e-14, 1.542874e-16, 3.915572e-15, 6.209698e-17, 8.511357e-17, 4.489512e-10, 1.803416e-09, 1.638625e-06, 2.208671e-08, 4.691200e-11, 7.613421e-08, 7.773923e-09, 2.186966e-05, 3.150823e-01, 8.753462e-02, 1.481544e-05, 3.007025e-01, 2.936719e-01, 3.867068e-13, 1.636096e-07, 8.137298e-14, 5.464051e-07, 2.968538e-03, 5.015965e-08, 1.360003e-11, 9.169853e-07, 1.865845e-02, 6.117878e+00, 2.189648e+01, 2.449228e+01
8.070000e-01, 2.340914e+00, 1.130973e+00, 1.017876e-01, 1.130973e+00, 2.835989e-01, 1.766800e-01, -9.851529e+02, 1.723264e+03, 2.501106e+04, 1.723264e+03, 4.700011e+06, 7.866438e-10, 1.927631e-13, 2.576758e-12, 4.505215e-10, 9.622629e-14, 1.198522e-11, 2.129514e-15, 7.704070e-15, 1.745324e-14, 1.457740e-16, 3.769183e-15, 5.561194e-17, 7.446026e-17, 4.012769e-10, 1.807164e-09, 1.639119e-06, 2.208633e-08, 4.719140e-11, 7.613415e-08, 7.800027e-09, 2.201861e-05, 3.150420e-01, 8.757488e-02, 1.471621e-05, 3.007424e-01, 2.936320e-01, 3.857375e-13, 1.628544e-07, 8.009798e-14, 5.467382e-07, 2.968539e-03, 5.038981e-08, 1.338931e-11, 9.089461e-07, 1.865845e-02, 6.120516e+00, 2.204520e+01, 2.464110e+01
8.190000e-01, 2.383236e+00, 1.130973e+00, 1.017876e-01, 1.130973e+00, 2.834766e-01, 1.766800e-01, 6.932197e+02, 1.722522e+03, 2.501106e+04, 1.722522e+03, 4.700011e+06, 7.870890e-10, 1.925372e-13, 2.587744e-12, 4.533972e-10, 9.665802e-14, 1.211993e-11, 1.943992e-15, 7.129220e-15, 1.622261e-14, 1.380341e-16, 3.641917e-15, 4.970603e-17, 6.523184e-17, 3.575054e-10, 1.810913e-09, 1.639613e-06, 2.208582e-08, 4.747264e-11, 7.613410e-08, 7.826242e-09, 2.216864e-05, 3.150017e-01, 8.761520e-02, 1.461755e-05, 3.007824e-01, 2.935919e-01, 3.847698e-13, 1.621019e-07, 7.884177e-14, 5.470718e-07, 2.968540e-03, 5.061706e-08, 1.318166e-11, 9.009696e-07, 1.865846e-02, 6.123156e+00, 2.219502e+01, 2.479102e+01
8.310000e-01, 2.425577e+00, 1.130973e+00, 1.017876e-01, 1.130973e+00, 2.833543e-01, 1.766800e-01, 5.154434e+03, 1.721779e+03, 2.501106e+04, 1.721779e+03, 4.700011e+06, 7.875497e-10, 1.923119e-13, 2.598803e-12, 4.563351e-10, 9.709829e-14, 1.225904e-11, 1.763177e-15, 6.589714e-15, 1.507267e-14, 1.308496e-16, 3.533914e-15, 4.419910e-17, 5.741533e-17, 3.164789e-10, 1.814662e-09, 1.640108e-06, 2.208516e-08, 4.775576e-11, 7.613405e-08, 7.852570e-09, 2.231975e-05, 3.149613e-01, 8.765558e-02, 1.451946e-05, 3.008225e-01, 2.935519e-01, 3.838024e-13, 1.613522e-07, 7.760412e-14, 5.474060e-07, 2.968541e-03, 5.084145e-08, 1.297704e-11, 8.930552e-07, 1.865847e-02, 6.125799e+00, 2.234593e+01, 2.494204e+01
8.430000e-01, 2.467936e+00, 1.130973e+00, 1.017876e-01, 1.130973e+00, 2.832319e-01, 1.766800e-01, 1.280018e+04, 1.721036e+03, 2.501106e+04, 1.721036e+03, 4.700011e+06, 7.880183e-10, 1.920847e-13, 2.609928e-12, 4.593386e-10, 9.754732e-14, 1.240302e-11, 1.579852e-15, 6.069156e-15, 1.396994e-14, 1.240024e-16, 3.445314e-15, 3.891097e-17, 5.099778e-17, 2.770399e-10, 1.818410e-09, 1.640603e-06, 2.208434e-08, 4.804081e-11, 7.613399e-08, 7.879011e-09, 2.247194e-05, 3.149209e-01, 8.769602e-02, 1.442192e-05, 3.008626e-01, 2.935117e-01, 3.828340e-13, 1.606051e-07, 7.638474e-14, 5.477406e-07, 2.968542e-03, 5.106301e-08, 1.277540e-11, 8.852026e-07, 1.865847e-02, 6.128445e+00, 2.249793e+01, 2.509416e+01
8.550000e-01, 2.510313e+00, 1.130973e+00, 1.017876e-01, 1.130973e+00, 2.831096e-01, 1.766800e-01, 1.808417e+04, 1.720294e+03, 2.501106e+04, 1.720294e+03, 4.700011e+06, 7.885226e-10, 1.918675e-13, 2.621137e-12, 4.623588e-10, 9.799911e-14, 1.254683e-11, 1.430754e-15, 5.641350e-15, 1.306305e-14, 1.184091e-16, 3.372981e-15, 3.454179e-17, 4.538954e-17, 2.443955e-10, 1.822164e-09, 1.641099e-06, 2.208347e-08, 4.832760e-11, 7.613394e-08, 7.905560e-09, 2.262522e-05, 3.148804e-01, 8.773651e-02, 1.432496e-05, 3.009027e-01, 2.934715e-01, 3.818715e-13, 1.598610e-07, 7.518353e-14, 5.480757e-07, 2.968543e-03, 5.128175e-08, 1.257674e-11, 8.774126e-07, 1.865848e-02, 6.131093e+00, 2.265106e+01, 2.524740e+01
8.670000e-01, 2.552709e+00, 1.130973e+00, 1.017876e-01, 1.130973e+00, 2.829873e-01, 1.766800e-01, 2.180169e+04, 1.719551e+03, 2.501106e+04, 1.719551e+03, 4.700011e+06, 7.890538e-10, 1.916572e-13, 2.632425e-12, 4.654007e-10, 9.845404e-14, 1.269111e-11, 1.307388e-15, 5.287284e-15, 1.231322e-14, 1.138186e-16, 3.317152e-15, 3.088585e-17, 4.059438e-17, 2.172035e-10, 1.825922e-09, 1.641596e-06, 2.208252e-08, 4.861619e-11, 7.613390e-08, 7.932219e-09, 2.277959e-05, 3.148398e-01, 8.777705e-02, 1.422858e-05, 3.009429e-01, 2.934313e-01, 3.809133e-13, 1.591197e-07, 7.400022e-14, 5.484112e-07, 2.968544e-03, 5.149771e-08, 1.238100e-11, 8.696846e-07, 1.865849e-02, 6.133743e+00, 2.280529e+01, 2.540175e+01
8.790000e-01, 2.595122e+00, 1.130973e+00, 1.017876e-01, 1.130973e+00, 2.828650e-01, 1.766800e-01, 2.482111e+04, 1.718808e+03, 2.501106e+04, 1.718808e+03, 4.700011e+06, 7.896026e-10, 1.914506e-13, 2.643784e-12, 4.684703e-10, 9.891262e-14, 1.283664e-11, 1.200227e-15, 4.985821e-15, 1.167741e-14, 1.099533e-16, 3.278136e-15, 2.771670e-17, 3.662965e-17, 1.939714e-10, 1.829684e-09, 1.642093e-06, 2.208148e-08, 4.890663e-11, 7.613385e-08, 7.958989e-09, 2.293504e-05, 3.147992e-01, 8.781764e-02, 1.413277e-05, 3.009831e-01, 2.933910e-01, 3.799578e-13, 1.583812e-07, 7.283454e-14, 5.487471e-07, 2.968545e-03, 5.171093e-08, 1.218814e-11, 8.620182e-07, 1.865849e-02, 6.136395e+00, 2.296064e+01, 2.555722e+01
8.910000e-01, 2.637555e+00, 1.130973e+00, 1.017876e-01, 1.130973e+00, 2.827426e-01, 1.766800e-01, 2.683569e+04, 1.718066e+03, 2.501106e+04, 1.718066e+03, 4.700011e+06, 7.901665e-10, 1.912472e-13, 2.655211e-12, 4.715635e-10, 9.937417e-14, 1.298308e-11, 1.108434e-15, 4.733663e-15, 1.114858e-14, 1.067599e-16, 3.255598e-15, 2.498200e-17, 3.339867e-17, 1.744658e-10, 1.833448e-09, 1.642590e-06, 2.208035e-08, 4.919893e-11, 7.613380e-08, 7.985869e-09, 2.309160e-05, 3.147586e-01, 8.785828e-02, 1.403753e-05, 3.010234e-01, 2.933507e-01, 3.790048e-13, 1.576455e-07, 7.168626e-14, 5.490835e-07, 2.968546e-03, 5.192145e-08, 1.199812e-11, 8.544131e-07, 1.865850e-02, 6.139050e+00, 2.311710e+01, 2.571381e+01
9.030000e-01, 2.680005e+00, 1.130973e+00, 1.017876e-01, 1.130973e+00, 2.826203e-01, 1.766800e-01, 2.755151e+04, 1.717323e+03, 2.501106e+04, 1.717323e+03, 4.700011e+06, 7.907431e-10, 1.910465e-13, 2.666705e-12, 4.746761e-10, 9.983796e-14, 1.313013e-11, 1.031174e-15, 4.527513e-15, 1.071968e-14, 1.041850e-16, 3.249201e-15, 2.262941e-17, 3.080473e-17, 1.584531e-10, 1.837215e-09, 1.643088e-06, 2.207913e-08, 4.949311e-11, 7.613376e-08, 8.012860e-09, 2.324925e-05, 3.147179e-01, 8.789897e-02, 1.394285e-05, 3.010638e-01, 2.933103e-01, 3.780541e-13, 1.569127e-07, 7.055512e-14, 5.494203e-07, 2.968547e-03, 5.212930e-08, 1.181091e-11, 8.468689e-07, 1.865851e-02, 6.141707e+00, 2.327468e+01, 2.587152e+01
9.150000e-01, 2.722474e+00, 1.130973e+00, 1.017876e-01, 1.130973e+00, 2.824980e-01, 1.766800e-01, 2.668716e+04, 1.716581e+03, 2.501106e+04, 1.716581e+03, 4.700011e+06, 7.913299e-10, 1.908480e-13, 2.678264e-12, 4.778039e-10, 1.003033e-13, 1.327745e-11, 9.676114e-16, 4.364073e-15, 1.038367e-14, 1.021753e-16, 3.258610e-15, 2.060658e-17, 2.875113e-17, 1.457000e-10, 1.840985e-09, 1.643586e-06, 2.207783e-08, 4.978917e-11, 7.613371e-08, 8.039962e-09, 2.340800e-05, 3.146771e-01, 8.793971e-02, 1.384874e-05, 3.011042e-01, 2.932698e-01, 3.771058e-13, 1.561828e-07, 6.944089e-14, 5.497575e-07, 2.968548e-03, 5.233451e-08, 1.162646e-11, 8.393855e-07, 1.865851e-02, 6.144365e+00, 2.343337e+01, 2.603035e+01
9.270000e-01, 2.764961e+00, 1.130973e+00, 1.017876e-01, 1.130973e+00, 2.823758e-01, 1.766800e-01, 2.397327e+04, 1.715838e+03, 2.501106e+04, 1.715838e+03, 4.700011e+06, 7.919245e-10, 1.906514e-13, 2.689884e-12, 4.809427e-10, 1.007695e-13, 1.342473e-11, 9.169104e-16, 4.240045e-15, 1.013353e-14, 1.006775e-16, 3.283489e-15, 1.886119e-17, 2.714117e-17, 1.359729e-10, 1.844758e-09, 1.644085e-06, 2.207644e-08, 5.008712e-11, 7.613367e-08, 8.067175e-09, 2.356786e-05, 3.146363e-01, 8.798050e-02, 1.375520e-05, 3.011446e-01, 2.932294e-01, 3.761597e-13, 1.554557e-07, 6.834332e-14, 5.500952e-07, 2.968549e-03, 5.253712e-08, 1.144474e-11, 8.319625e-07, 1.865852e-02, 6.147026e+00, 2.359319e+01, 2.619031e+01
9.390000e-01, 2.807467e+00, 1.130973e+00, 1.017876e-01, 1.130973e+00, 2.822535e-01, 1.766800e-01, 1.915223e+04, 1.715096e+03, 2.501106e+04, 1.715096e+03, 4.700011e+06, 7.925244e-10, 1.904561e-13, 2.701564e-12, 4.840884e-10, 1.012358e-13, 1.357164e-11, 8.782357e-16, 4.152132e-15, 9.962201e-15, 9.963828e-17, 3.323501e-15, 1.734089e-17, 2.587815e-17, 1.290384e-10, 1.848534e-09, 1.644584e-06, 2.207498e-08, 5.038699e-11, 7.613363e-08, 8.094498e-09, 2.372882e-05, 3.145955e-01, 8.802133e-02, 1.366223e-05, 3.011851e-01, 2.931888e-01, 3.752156e-13, 1.547315e-07, 6.726219e-14, 5.504332e-07, 2.968550e-03, 5.273716e-08, 1.126571e-11, 8.245997e-07, 1.865853e-02, 6.149689e+00, 2.375413e+01, 2.635139e+01
9.510000e-01, 2.849991e+00, 1.130973e+00, 1.017876e-01, 1.130973e+00, 2.821313e-01, 1.766800e-01, 1.197773e+04, 1.714354e+03, 2.501106e+04, 1.714354e+03, 4.700011e+06, 7.931271e-10, 1.902617e-13, 2.713302e-12, 4.872367e-10, 1.017016e-13, 1.371787e-11, 8.507517e-16, 4.097037e-15, 9.862657e-15, 9.900437e-17, 3.378311e-15, 1.599333e-17, 2.486538e-17, 1.246630e-10, 1.852312e-09, 1.645083e-06, 2.207344e-08, 5.068877e-11, 7.613359e-08, 8.121932e-09, 2.389090e-05, 3.145546e-01, 8.806222e-02, 1.356982e-05, 3.012256e-01, 2.931483e-01, 3.742736e-13, 1.540102e-07, 6.619723e-14, 5.507717e-07, 2.968551e-03, 5.293467e-08, 1.108934e-11, 8.172968e-07, 1.865854e-02, 6.152353e+00, 2.391619e+01, 2.651360e+01
9.630000e-01, 2.892534e+00, 1.130973e+00, 1.017876e-01, 1.130973e+00, 2.820090e-01, 1.766800e-01, 7.859775e+03, 1.713612e+03, 2.501106e+04, 1.713612e+03, 4.700011e+06, 7.937335e-10, 1.900676e-13, 2.725088e-12, 4.904344e-10, 1.021739e-13, 1.386879e-11, 8.247654e-16, 4.046451e-15, 9.770138e-15, 9.851219e-17, 3.423683e-15, 1.492450e-17, 2.411585e-17, 1.203844e-10, 1.856087e-09, 1.645584e-06, 2.207168e-08, 5.099212e-11, 7.613355e-08, 8.149486e-09, 2.405409e-05, 3.145136e-01, 8.810317e-02, 1.347792e-05, 3.012662e-01, 2.931076e-01, 3.733292e-13, 1.532913e-07, 6.514809e-14, 5.511107e-07, 2.968552e-03, 5.312965e-08, 1.091554e-11, 8.100495e-07, 1.865854e-02, 6.155021e+00, 2.407936e+01, 2.667692e+01
9.750000e-01, 2.935095e+00, 1.130973e+00, 1.017876e-01, 1.130973e+00, 2.818867e-01, 1.766800e-01, 4.952767e+03, 1.712869e+03, 2.501106e+04, 1.712869e+03, 4.700011e+06, 7.943404e-10, 1.898732e-13, 2.736920e-12, 4.936690e-10, 1.026508e-13, 1.402317e-11, 8.008730e-16, 4.001117e-15, 9.686935e-15, 9.814241e-17, 3.463146e-15, 1.405645e-17, 2.351513e-17, 1.163294e-10, 1.859859e-09, 1.646084e-06, 2.206973e-08, 5.129711e-11, 7.613351e-08, 8.177158e-09, 2.421839e-05, 3.144726e-01, 8.814418e-02, 1.338654e-05, 3.013068e-01, 2.930669e-01, 3.723832e-13, 1.525750e-07, 6.411452e-14, 5.514503e-07, 2.968553e-03, 5.332215e-08, 1.074430e-11, 8.028582e-07, 1.865855e-02, 6.157692e+00, 2.424364e+01, 2.684136e+01
9.870000e-01, 2.977675e+00, 1.130973e+00, 1.017876e-01, 1.130973e+00, 2.817643e-01, 1.766800e-01, 9.798467e+02, 1.712126e+03, 2.501106e+04, 1.712126e+03, 4.700011e+06, 7.949445e-10, 1.896782e-13, 2.748799e-12, 4.969222e-10, 1.031293e-13, 1.417908e-11, 7.807175e-16, 3.964739e-15, 9.622161e-15, 9.790055e-17, 3.503051e-15, 1.329255e-17, 2.293582e-17, 1.128882e-10, 1.863631e-09, 1.646586e-06, 2.206763e-08, 5.160385e-11, 7.613347e-08, 8.204947e-09, 2.438380e-05, 3.144315e-01, 8.818525e-02, 1.329569e-05, 3.013475e-01, 2.930262e-01, 3.714365e-13, 1.518613e-07, 6.309635e-14, 5.517903e-07, 2.968554e-03, 5.351220e-08, 1.057557e-11, 7.957238e-07, 1.865856e-02, 6.160365e+00, 2.440905e+01, 2.700692e+01
9.990000e-01, 3.020273e+00, 1.130973e+00, 1.017876e-01, 1.130973e+00, 2.816420e-01, 1.766800e-01, -4.377642e+03, 1.711383e+03, 2.501106e+04, 1.711383e+03, 4.700011e+06, 7.955437e-10, 1.894822e-13, 2.760722e-12, 5.001928e-10, 1.036092e-13, 1.433655e-11, 7.629301e-16, 3.932513e-15, 9.565300e-15, 9.772063e-17, 3.541622e-15, 1.258999e-17, 2.228784e-17, 1.096931e-10, 1.867402e-09, 1.647088e-06, 2.206537e-08, 5.191233e-11, 7.613344e-08, 8.232852e-09, 2.455034e-05, 3.143904e-01, 8.822638e-02, 1.320537e-05, 3.013883e-01, 2.929854e-01, 3.704888e-13, 1.511502e-07, 6.209330e-14, 5.521309e-07, 2.968555e-03, 5.369983e-08, 1.040932e-11, 7.886456e-07, 1.865856e-02, 6.163042e+00, 2.457558e+01, 2.717361e+01
1.011000e+00, 3.062889e+00, 1.130973e+00, 1.017876e-01, 1.130973e+00, 2.815196e-01, 1.766800e-01, -1.148485e+04, 1.710641e+03, 2.501106e+04, 1.710641e+03, 4.700011e+06, 7.961356e-10, 1.892846e-13, 2.772686e-12, 5.034796e-10, 1.040904e-13, 1.449560e-11, 7.461415e-16, 3.899633e-15, 9.505838e-15, 9.753668e-17, 3.577083e-15, 1.190597e-17, 2.148108e-17, 1.063764e-10, 1.871171e-09, 1.647590e-06, 2.206296e-08, 5.222254e-11, 7.613340e-08, 8.260874e-09, 2.471800e-05, 3.143492e-01, 8.826757e-02, 1.311558e-05, 3.014291e-01, 2.929445e-01, 3.695398e-13, 1.504418e-07, 6.110515e-14, 5.524720e-07, 2.968556e-03, 5.388509e-08, 1.024551e-11, 7.816233e-07, 1.865857e-02, 6.165720e+00, 2.474323e+01, 2.734142e+01
1.023000e+00, 3.105524e+00, 1.130973e+00, 1.017876e-01, 1.130973e+00, 2.813972e-01, 1.766800e-01, -2.075320e+04, 1.709898e+03, 2.501106e+04, 1.709898e+03, 4.700011e+06, 7.967180e-10, 1.890849e-13, 2.784688e-12, 5.067816e-10, 1.045725e-13, 1.465625e-11, 7.289830e-16, 3.861298e-15, 9.433260e-15, 9.728273e-17, 3.607660e-15, 1.119768e-17, 2.042545e-17, 1.025704e-10, 1.874938e-09, 1.648093e-06, 2.206038e-08, 5.253446e-11, 7.613337e-08, 8.289014e-09, 2.488679e-05, 3.143079e-01, 8.830881e-02, 1.302631e-05, 3.014699e-01, 2.929036e-01, 3.685890e-13, 1.497360e-07, 6.013163e-14, 5.528135e-07, 2.968557e-03, 5.406800e-08, 1.008410e-11, 7.746563e-07, 1.865858e-02, 6.168402e+00, 2.491200e+01, 2.751036e+01
1.035000e+00, 3.148178e+00, 1.130973e+00, 1.017876e-01, 1.130973e+00, 2.812749e-01, 1.766800e-01, -3.264017e+04, 1.709155e+03, 2.501106e+04, 1.709155e+03, 4.700011e+06, 7.972886e-10, 1.888828e-13, 2.796727e-12, 5.100977e-10, 1.050554e-13, 1.481853e-11, 7.100855e-16, 3.812701e-15, 9.337052e-15, 9.689280e-17, 3.631578e-15, 1.042232e-17, 1.903085e-17, 9.790739e-11, 1.878703e-09, 1.648596e-06, 2.205762e-08, 5.284810e-11, 7.613334e-08, 8.317272e-09, 2.505671e-05, 3.142666e-01, 8.835012e-02, 1.293755e-05, 3.015109e-01, 2.928626e-01, 3.676362e-13, 1.490328e-07, 5.917250e-14, 5.531556e-07, 2.968558e-03, 5.424860e-08, 9.925044e-12, 7.677441e-07, 1.865859e-02, 6.171086e+00, 2.508190e+01, 2.768044e+01
1.047000e+00, 3.190850e+00, 1.130973e+00, 1.017876e-01, 1.130973e+00, 2.811524e-01, 1.766800e-01, -4.764903e+04, 1.708411e+03, 2.501106e+04, 1.708411e+03, 4.700011e+06, 7.978451e-10, 1.886777e-13, 2.808798e-12, 5.134267e-10, 1.055388e-13, 1.498245e-11, 6.880800e-16, 3.749041e-15, 9.206698e-15, 9.630091e-17, 3.647060e-15, 9.537068e-18, 1.720720e-17, 9.201966e-11, 1.882465e-09, 1.649100e-06, 2.205469e-08, 5.316344e-11, 7.613331e-08, 8.345649e-09, 2.522776e-05, 3.142252e-01, 8.839148e-02, 1.284931e-05, 3.015518e-01, 2.928216e-01, 3.666809e-13, 1.483321e-07, 5.822750e-14, 5.534981e-07, 2.968559e-03, 5.442692e-08, 9.768306e-12, 7.608861e-07, 1.865859e-02, 6.173773e+00, 2.525293e+01, 2.785164e+01
1.059000e+00, 3.233541e+00, 1.130973e+00, 1.017876e-01, 1.130973e+00, 2.810300e-01, 1.766800e-01, -6.632869e+04, 1.707668e+03, 2.501106e+04, 1.707668e+03, 4.700011e+06, 7.983853e-10, 1.884691e-13, 2.820899e-12, 5.167674e-10, 1.060224e-13, 1.514804e-11, 6.615975e-16, 3.665512e-15, 9.031683e-15, 9.544109e-17, 3.652332e-15, 8.499131e-18, 1.486440e-17, 8.453950e-11, 1.886224e-09, 1.649605e-06, 2.205157e-08, 5.348046e-11, 7.613328e-08, 8.374146e-09, 2.539995e-05, 3.141838e-01, 8.843290e-02, 1.276157e-05, 3.015929e-01, 2.927805e-01, 3.657228e-13, 1.476341e-07, 5.729639e-14, 5.538412e-07, 2.968560e-03, 5.460298e-08, 9.613846e-12, 7.540819e-07, 1.865860e-02, 6.176462e+00, 2.542508e+01, 2.802397e+01
1.071000e+00, 3.276250e+00, 1.130973e+00, 1.017876e-01, 1.130973e+00, 2.809075e-01, 1.766800e-01, -7.542717e+04, 1.706925e+03, 2.501106e+04, 1.706925e+03, 4.700011e+06, 7.989325e-10, 1.882612e-13, 2.833057e-12, 5.201453e-10, 1.065104e-13, 1.531647e-11, 6.463427e-16, 3.618664e-15, 8.936188e-15, 9.511101e-17, 3.669216e-15, 7.888212e-18, 1.335917e-17, 7.966078e-11, 1.889977e-09, 1.650110e-06, 2.204825e-08, 5.379934e-11, 7.613325e-08, 8.402772e-09, 2.557331e-05, 3.141423e-01, 8.847440e-02, 1.267434e-05, 3.016340e-01, 2.927393e-01, 3.647645e-13, 1.469384e-07, 5.637951e-14, 5.541849e-07, 2.968561e-03, 5.477677e-08, 9.461714e-12, 7.473310e-07, 1.865861e-02, 6.179155e+00, 2.559843e+01, 2.819750e+01
1.083000e+00, 3.318978e+00, 1.130973e+00, 1.017876e-01, 1.130973e+00, 2.807850e-01, 1.766800e-01, -7.588889e+04, 1.706181e+03, 2.501106e+04, 1.706181e+03, 4.700011e+06, 7.994843e-10, 1.880535e-13, 2.845270e-12, 5.235590e-10, 1.070024e-13, 1.548775e-11, 6.408197e-16, 3.603236e-15, 8.908698e-15, 9.523830e-17, 3.695763e-15, 7.656882e-18, 1.259068e-17, 7.698192e-11, 1.893724e-09, 1.650616e-06, 2.204471e-08, 5.412008e-11, 7.613322e-08, 8.431529e-09, 2.574786e-05, 3.141007e-01, 8.851597e-02, 1.258760e-05, 3.016751e-01, 2.926981e-01, 3.638055e-13, 1.462452e-07, 5.547658e-14, 5.545292e-07, 2.968562e-03, 5.494832e-08, 9.311867e-12, 7.406329e-07, 1.865862e-02, 6.181852e+00, 2.577296e+01, 2.837222e+01
1.095000e+00, 3.361725e+00, 1.130973e+00, 1.017876e-01, 1.130973e+00, 2.806624e-01, 1.766800e-01, -7.459456e+04, 1.705437e+03, 2.501106e+04, 1.705437e+03, 4.700011e+06, 8.000272e-10, 1.878435e-13, 2.857521e-12, 5.269958e-10, 1.074964e-13, 1.566141e-11, 6.361918e-16, 3.587590e-15, 8.879783e-15, 9.537922e-17, 3.719875e-15, 7.490053e-18, 1.183601e-17, 7.414001e-11, 1.897466e-09, 1.651123e-06, 2.204097e-08, 5.444258e-11, 7.613319e-08, 8.460412e-09, 2.592357e-05, 3.140590e-01, 8.855760e-02, 1.250135e-05, 3.017164e-01, 2.926568e-01, 3.628443e-13, 1.455544e-07, 5.458712e-14, 5.548741e-07, 2.968564e-03, 5.511768e-08, 9.164227e-12, 7.339871e-07, 1.865862e-02, 6.184552e+00, 2.594866e+01, 2.854811e+01
1.107000e+00, 3.404491e+00, 1.130973e+00, 1.017876e-01, 1.130973e+00, 2.805398e-01, 1.766800e-01, -7.167536e+04, 1.704692e+03, 2.501106e+04, 1.704692e+03, 4.700011e+06, 8.005603e-10, 1.876310e-13, 2.869809e-12, 5.304559e-10, 1.079923e-13, 1.583751e-11, 6.319749e-16, 3.570103e-15, 8.845910e-15, 9.551256e-17, 3.740999e-15, 7.377188e-18, 1.108006e-17, 7.100381e-11, 1.901202e-09, 1.651630e-06, 2.203701e-08, 5.476683e-11, 7.613317e-08, 8.489422e-09, 2.610045e-05, 3.140173e-01, 8.859930e-02, 1.241559e-05, 3.017576e-01, 2.926154e-01, 3.618807e-13, 1.448661e-07, 5.371090e-14, 5.552196e-07, 2.968565e-03, 5.528489e-08, 9.018757e-12, 7.273929e-07, 1.865863e-02, 6.187255e+00, 2.612553e+01, 2.872517e+01
1.119000e+00, 3.447275e+00, 1.130973e+00, 1.017876e-01, 1.130973e+00, 2.804171e-01, 1.766800e-01, -6.731967e+04, 1.703948e+03, 2.501106e+04, 1.703948e+03, 4.700011e+06, 8.010827e-10, 1.874157e-13, 2.882133e-12, 5.339397e-10, 1.084901e-13, 1.601616e-11, 6.276851e-16, 3.549150e-15, 8.803547e-15, 9.561711e-17, 3.758585e-15, 7.307748e-18, 1.030773e-17, 6.744205e-11, 1.904932e-09, 1.652138e-06, 2.203282e-08, 5.509284e-11, 7.613314e-08, 8.518562e-09, 2.627850e-05, 3.139755e-01, 8.864108e-02, 1.233032e-05, 3.017990e-01, 2.925740e-01, 3.609144e-13, 1.441801e-07, 5.284770e-14, 5.555657e-07, 2.968566e-03, 5.544998e-08, 8.875423e-12, 7.208501e-07, 1.865864e-02, 6.189961e+00, 2.630358e+01, 2.890341e+01
1.131000e+00, 3.490077e+00, 1.130973e+00, 1.017876e-01, 1.130973e+00, 2.802944e-01, 1.766800e-01, -6.177271e+04, 1.703203e+03, 2.501106e+04, 1.703203e+03, 4.700011e+06, 8.015933e-10, 1.871974e-13, 2.894493e-12, 5.374473e-10, 1.089898e-13, 1.619742e-11, 6.228384e-16, 3.523108e-15, 8.749161e-15, 9.567167e-17, 3.772079e-15, 7.271195e-18, 9.503929e-18, 6.332348e-11, 1.908654e-09, 1.652646e-06, 2.202840e-08, 5.542061e-11, 7.613312e-08, 8.547831e-09, 2.645774e-05, 3.139337e-01, 8.868292e-02, 1.224553e-05, 3.018404e-01, 2.925325e-01, 3.599453e-13, 1.434966e-07, 5.199731e-14, 5.559124e-07, 2.968567e-03, 5.561296e-08, 8.734189e-12, 7.143579e-07, 1.865865e-02, 6.192671e+00, 2.648280e+01, 2.908283e+01
1.143000e+00, 3.532899e+00, 1.130973e+00, 1.017876e-01, 1.130973e+00, 2.801717e-01, 1.766800e-01, -5.533620e+04, 1.702457e+03, 2.501106e+04, 1.702457e+03, 4.700011e+06, 8.020913e-10, 1.869758e-13, 2.906886e-12, 5.409791e-10, 1.094915e-13, 1.638138e-11, 6.169509e-16, 3.490353e-15, 8.679219e-15, 9.565503e-17, 3.780931e-15, 7.256989e-18, 8.653551e-18, 5.851684e-11, 1.912369e-09, 1.653156e-06, 2.202375e-08, 5.575014e-11, 7.613309e-08, 8.577231e-09, 2.663816e-05, 3.138917e-01, 8.872484e-02, 1.216121e-05, 3.018819e-01, 2.924909e-01, 3.589731e-13, 1.428154e-07, 5.115950e-14, 5.562597e-07, 2.968568e-03, 5.577389e-08, 8.595018e-12, 7.079159e-07, 1.865865e-02, 6.195385e+00, 2.666320e+01, 2.926344e+01
1.155000e+00, 3.575739e+00, 1.130973e+00, 1.017876e-01, 1.130973e+00, 2.800489e-01, 1.766800e-01, -4.836801e+04, 1.701712e+03, 2.501106e+04, 1.701712e+03, 4.700011e+06, 8.025757e-10, 1.867508e-13, 2.919312e-12, 5.445352e-10, 1.099950e-13, 1.656812e-11, 6.095384e-16, 3.449261e-15, 8.590188e-15, 9.554598e-17, 3.784586e-15, 7.254593e-18, 7.741499e-18, 5.289085e-11, 1.916077e-09, 1.653666e-06, 2.201885e-08, 5.608142e-11, 7.613307e-08, 8.606763e-09, 2.681978e-05, 3.138497e-01, 8.876683e-02, 1.207737e-05, 3.019235e-01, 2.924492e-01, 3.579976e-13, 1.421365e-07, 5.033405e-14, 5.566076e-07, 2.968569e-03, 5.593278e-08, 8.457876e-12, 7.015237e-07, 1.865866e-02, 6.198102e+00, 2.684479e+01, 2.944524e+01
1.167000e+00, 3.618598e+00, 1.130973e+00, 1.017876e-01, 1.130973e+00, 2.799260e-01, 1.766800e-01, -4.128179e+04, 1.700966e+03, 2.501106e+04, 1.700966e+03, 4.700011e+06, 8.030457e-10, 1.865221e-13, 2.931769e-12, 5.481159e-10, 1.105004e-13, 1.675773e-11, 6.001171e-16, 3.398209e-15, 8.478534e-15, 9.532332e-17, 3.782494e-15, 7.253468e-18, 6.752676e-18, 4.631428e-11, 1.919775e-09, 1.654176e-06, 2.201370e-08, 5.641445e-11, 7.613305e-08, 8.636428e-09, 2.700259e-05, 3.138077e-01, 8.880889e-02, 1.199399e-05, 3.019652e-01, 2.924075e-01, 3.570186e-13, 1.414599e-07, 4.952076e-14, 5.569562e-07, 2.968570e-03, 5.608966e-08, 8.322726e-12, 6.951806e-07, 1.865867e-02, 6.200822e+00, 2.702757e+01, 2.962823e+01
1.179000e+00, 3.661476e+00, 1.130973e+00, 1.017876e-01, 1.130973e+00, 2.798032e-01, 1.766800e-01, -2.473282e+04, 1.700220e+03, 2.501106e+04, 1.700220e+03, 4.700011e+06, 8.035067e-10, 1.862912e-13, 2.944266e-12, 5.517126e-10, 1.110066e-13, 1.694880e-11, 5.919046e-16, 3.358915e-15, 8.394363e-15, 9.523700e-17, 3.789527e-15, 7.258840e-18, 6.029636e-18, 4.087064e-11, 1.923470e-09, 1.654687e-06, 2.200842e-08, 5.674935e-11, 7.613303e-08, 8.666207e-09, 2.718656e-05, 3.137655e-01, 8.885099e-02, 1.191118e-05, 3.020068e-01, 2.923658e-01, 3.560396e-13, 1.407864e-07, 4.872076e-14, 5.573050e-07, 2.968571e-03, 5.624451e-08, 8.189762e-12, 6.888939e-07, 1.865868e-02, 6.203544e+00, 2.721152e+01, 2.981239e+01
1.191000e+00, 3.704373e+00, 1.130973e+00, 1.017876e-01, 1.130973e+00, 2.796804e-01, 1.766800e-01, 4.463929e+03, 1.699475e+03, 2.501106e+04, 1.699475e+03, 4.700011e+06, 8.039595e-10, 1.860583e-13, 2.956804e-12, 5.553234e-10, 1.115133e-13, 1.714107e-11, 5.853248e-16, 3.335480e-15, 8.347301e-15, 9.533234e-17, 3.808916e-15, 7.264039e-18, 5.645015e-18, 3.697200e-11, 1.927162e-09, 1.655198e-06, 2.200303e-08, 5.708613e-11, 7.613301e-08, 8.696097e-09, 2.737169e-05, 3.137234e-01, 8.889311e-02, 1.182894e-05, 3.020485e-01, 2.923240e-01, 3.550611e-13, 1.401162e-07, 4.793418e-14, 5.576542e-07, 2.968573e-03, 5.639736e-08, 8.059004e-12, 6.826651e-07, 1.865868e-02, 6.206266e+00, 2.739663e+01, 2.999773e+01
1.203000e+00, 3.747288e+00, 1.130973e+00, 1.017876e-01, 1.130973e+00, 2.795577e-01, 1.766800e-01, 4.072854e+04, 1.698730e+03, 2.501106e+04, 1.698730e+03, 4.700011e+06, 8.043992e-10, 1.858221e-13, 2.969376e-12, 5.589540e-10, 1.120211e-13, 1.733551e-11, 5.776308e-16, 3.312011e-15, 8.301020e-15, 9.542235e-17, 3.830680e-15, 7.248887e-18, 5.365054e-18, 3.313301e-11, 1.930848e-09, 1.655710e-06, 2.199745e-08, 5.742473e-11, 7.613299e-08, 8.726110e-09, 2.755801e-05, 3.136812e-01, 8.893529e-02, 1.174722e-05, 3.020903e-01, 2.922822e-01, 3.540808e-13, 1.394487e-07, 4.715997e-14, 5.580037e-07, 2.968574e-03, 5.654826e-08, 7.930276e-12, 6.764889e-07, 1.865869e-02, 6.208990e+00, 2.758293e+01, 3.018425e+01
1.215000e+00, 3.790223e+00, 1.130973e+00, 1.017876e-01, 1.130973e+00, 2.794350e-01, 1.766800e-01, 8.483138e+04, 1.697985e+03, 2.501106e+04, 1.697985e+03, 4.700011e+06, 8.048251e-10, 1.855825e-13, 2.981982e-12, 5.626040e-10, 1.125300e-13, 1.753212e-11, 5.685592e-16, 3.288274e-15, 8.255185e-15, 9.550198e-17, 3.855185e-15, 7.203786e-18, 5.195975e-18, 2.935444e-11, 1.934526e-09, 1.656222e-06, 2.199168e-08, 5.776515e-11, 7.613297e-08, 8.756248e-09, 2.774551e-05, 3.136389e-01, 8.897753e-02, 1.166602e-05, 3.021321e-01, 2.922403e-01, 3.530987e-13, 1.387840e-07, 4.639797e-14, 5.583537e-07, 2.968575e-03, 5.669724e-08, 7.803557e-12, 6.703652e-07, 1.865870e-02, 6.211717e+00, 2.777042e+01, 3.037197e+01
1.227000e+00, 3.833176e+00, 1.130973e+00, 1.017876e-01, 1.130973e+00, 2.793124e-01, 1.766800e-01, 1.375777e+05, 1.697241e+03, 2.501106e+04, 1.697241e+03, 4.700011e+06, 8.052368e-10, 1.853393e-13, 2.994620e-12, 5.662732e-10, 1.130400e-13, 1.773090e-11, 5.578467e-16, 3.264039e-15, 8.209461e-15, 9.556619e-17, 3.882799e-15, 7.119136e-18, 5.143998e-18, 2.563704e-11, 1.938198e-09, 1.656735e-06, 2.198572e-08, 5.810741e-11, 7.613296e-08, 8.786508e-09, 2.793421e-05, 3.135966e-01, 8.901981e-02, 1.158534e-05, 3.021739e-01, 2.921984e-01, 3.521148e-13, 1.381220e-07, 4.564806e-14, 5.587042e-07, 2.968576e-03, 5.684432e-08, 7.678825e-12, 6.642939e-07, 1.865871e-02, 6.214445e+00, 2.795910e+01, 3.056088e+01
1.239000e+00, 3.876148e+00, 1.130973e+00, 1.017876e-01, 1.130973e+00, 2.791897e-01, 1.766800e-01, 1.998071e+05, 1.696496e+03, 2.501106e+04, 1.696496e+03, 4.700011e+06, 8.056336e-10, 1.850924e-13, 3.007291e-12, 5.699614e-10, 1.135509e-13, 1.793182e-11, 5.452299e-16, 3.239072e-15, 8.163511e-15, 9.560993e-17, 3.913889e-15, 6.985339e-18, 5.215347e-18, 2.198160e-11, 1.941862e-09, 1.657248e-06, 2.197957e-08, 5.845150e-11, 7.613294e-08, 8.816892e-09, 2.812410e-05, 3.135543e-01, 8.906214e-02, 1.150518e-05, 3.022158e-01, 2.921564e-01, 3.511291e-13, 1.374629e-07, 4.491010e-14, 5.590550e-07, 2.968577e-03, 5.698954e-08, 7.556057e-12, 6.582751e-07, 1.865871e-02, 6.217175e+00, 2.814898e+01, 3.075098e+01
1.251000e+00, 3.919139e+00, 1.130973e+00, 1.017876e-01, 1.130973e+00, 2.790671e-01, 1.766800e-01, 2.723931e+05, 1.695752e+03, 2.501106e+04, 1.695752e+03, 4.700011e+06, 8.060152e-10, 1.848418e-13, 3.019993e-12, 5.736681e-10, 1.140626e-13, 1.813490e-11, 5.304455e-16, 3.213141e-15, 8.117002e-15, 9.562816e-17, 3.948823e-15, 6.792796e-18, 5.416242e-18, 1.838887e-11, 1.945519e-09, 1.657761e-06, 2.197323e-08, 5.879743e-11, 7.613293e-08, 8.847400e-09, 2.831519e-05, 3.135119e-01, 8.910451e-02, 1.142555e-05, 3.022577e-01, 2.921144e-01, 3.501417e-13, 1.368066e-07, 4.418395e-14, 5.594063e-07, 2.968578e-03, 5.713291e-08, 7.435232e-12, 6.523087e-07, 1.865872e-02, 6.219907e+00, 2.834005e+01, 3.094229e+01
1.263000e+00, 3.962149e+00, 1.130973e+00, 1.017876e-01, 1.130973e+00, 2.789445e-01, 1.766800e-01, 3.562425e+05, 1.695007e+03, 2.501106e+04, 1.695007e+03, 4.700011e+06, 8.063808e-10, 1.845872e-13, 3.032727e-12, 5.773933e-10, 1.145751e-13, 1.834012e-11, 5.132302e-16, 3.186014e-15, 8.069596e-15, 9.561584e-17, 3.987967e-15, 6.531909e-18, 5.752905e-18, 1.485963e-11, 1.949168e-09, 1.658275e-06, 2.196670e-08, 5.914521e-11, 7.613291e-08, 8.878030e-09, 2.850747e-05, 3.134695e-01, 8.914694e-02, 1.134644e-05, 3.022997e-01, 2.920723e-01, 3.491524e-13, 1.361531e-07, 4.346947e-14, 5.597580e-07, 2.968580e-03, 5.727447e-08, 7.316327e-12, 6.463946e-07, 1.865873e-02, 6.222640e+00, 2.853232e+01, 3.113481e+01
1.275000e+00, 4.005177e+00, 1.130973e+00, 1.017876e-01, 1.130973e+00, 2.788219e-01, 1.766800e-01, 4.522948e+05, 1.694263e+03, 2.501106e+04, 1.694263e+03, 4.700011e+06, 8.067300e-10, 1.843285e-13, 3.045490e-12, 5.811365e-10, 1.150883e-13, 1.854748e-11, 4.933206e-16, 3.157458e-15, 8.020959e-15, 9.556793e-17, 4.031690e-15, 6.193077e-18, 6.231558e-18, 1.139463e-11, 1.952810e-09, 1.658789e-06, 2.195999e-08, 5.949484e-11, 7.613290e-08, 8.908784e-09, 2.870096e-05, 3.134270e-01, 8.918941e-02, 1.126785e-05, 3.023417e-01, 2.920302e-01, 3.481614e-13, 1.355025e-07, 4.276653e-14, 5.601101e-07, 2.968581e-03, 5.741424e-08, 7.199322e-12, 6.405328e-07, 1.865874e-02, 6.225375e+00, 2.872580e+01, 3.132853e+01
1.287000e+00, 4.048225e+00, 1.130973e+00, 1.017876e-01, 1.130973e+00, 2.786994e-01, 1.766800e-01, 4.911556e+05, 1.693520e+03, 2.501106e+04, 1.693520e+03, 4.700011e+06, 8.070694e-10, 1.840681e-13, 3.058298e-12, 5.848801e-10, 1.156003e-13, 1.875483e-11, 4.728645e-16, 3.128933e-15, 7.973980e-15, 9.548663e-17, 4.081122e-15, 5.632476e-18, 6.287579e-18, 8.436804e-12, 1.956451e-09, 1.659304e-06, 2.195316e-08, 5.984646e-11, 7.613289e-08, 8.939647e-09, 2.889566e-05, 3.133844e-01, 8.923192e-02, 1.118968e-05, 3.023838e-01, 2.919880e-01, 3.471697e-13, 1.348543e-07, 4.207281e-14, 5.604625e-07, 2.968582e-03, 5.755222e-08, 7.083835e-12, 6.347128e-07, 1.865875e-02, 6.228112e+00, 2.892048e+01, 3.152346e+01
1.299000e+00, 4.091292e+00, 1.130973e+00, 1.017876e-01, 1.130973e+00, 2.785769e-01, 1.766800e-01, 4.323573e+05, 1.692776e+03, 2.501106e+04, 1.692776e+03, 4.700011e+06, 8.074026e-10, 1.838071e-13, 3.071156e-12, 5.886137e-10, 1.161100e-13, 1.896092e-11, 4.529909e-16, 3.101182e-15, 7.930185e-15, 9.537110e-17, 4.137069e-15, 4.762980e-18, 5.597489e-18, 6.242301e-12, 1.960096e-09, 1.659819e-06, 2.194625e-08, 6.020012e-11, 7.613288e-08, 8.970613e-09, 2.909158e-05, 3.133419e-01, 8.927446e-02, 1.111188e-05, 3.024259e-01, 2.919459e-01, 3.461778e-13, 1.342080e-07, 4.138693e-14, 5.608152e-07, 2.968583e-03, 5.768841e-08, 6.969641e-12, 6.289284e-07, 1.865875e-02, 6.230851e+00, 2.911639e+01, 3.171961e+01
1.311000e+00, 4.134377e+00, 1.130973e+00, 1.017876e-01, 1.130973e+00, 2.784544e-01, 1.766801e-01, 3.353352e+05, 1.692033e+03, 2.501106e+04, 1.692033e+03, 4.700011e+06, 8.077231e-10, 1.835435e-13, 3.084053e-12, 5.923517e-10, 1.166189e-13, 1.916755e-11, 4.314114e-16, 3.072553e-15, 7.886530e-15, 9.521019e-17, 4.199258e-15, 3.687741e-18, 4.647011e-18, 4.440474e-12, 1.963738e-09, 1.660334e-06, 2.193920e-08, 6.055575e-11, 7.613286e-08, 9.001691e-09, 2.928870e-05, 3.132993e-01, 8.931705e-02, 1.103452e-05, 3.024680e-01, 2.919037e-01, 3.451849e-13, 1.335643e-07, 4.071058e-14, 5.611683e-07, 2.968584e-03, 5.782288e-08, 6.857016e-12, 6.231884e-07, 1.865876e-02, 6.233592e+00, 2.931350e+01, 3.191699e+01
1.323000e+00, 4.177482e+00, 1.130973e+00, 1.017876e-01, 1.130973e+00, 2.783320e-01, 1.766801e-01, 1.956822e+05, 1.691289e+03, 2.501106e+04, 1.691289e+03, 4.700011e+06, 8.080307e-10, 1.832772e-13, 3.096989e-12, 5.960927e-10, 1.171266e-13, 1.937457e-11, 4.080310e-16, 3.042932e-15, 7.842906e-15, 9.499938e-17, 4.268111e-15, 2.387782e-18, 3.402487e-18, 3.062979e-12, 1.967377e-09, 1.660850e-06, 2.193203e-08, 6.091334e-11, 7.613285e-08, 9.032882e-09, 2.948705e-05, 3.132566e-01, 8.935967e-02, 1.095761e-05, 3.025101e-01, 2.918614e-01, 3.441911e-13, 1.329230e-07, 4.004346e-14, 5.615218e-07, 2.968586e-03, 5.795565e-08, 6.745913e-12, 6.174920e-07, 1.865877e-02, 6.236333e+00, 2.951184e+01, 3.211558e+01
1.335000e+00, 4.220605e+00, 1.130973e+00, 1.017876e-01, 1.130973e+00, 2.782096e-01, 1.766801e-01, 8.958996e+03, 1.690547e+03, 2.501106e+04, 1.690547e+03, 4.700011e+06, 8.083256e-10, 1.830083e-13, 3.109964e-12, 5.998350e-10, 1.176331e-13, 1.958181e-11, 3.827548e-16, 3.012205e-15, 7.799201e-15, 9.473411e-17, 4.344049e-15, 8.441262e-19, 1.830261e-18, 2.141470e-12, 1.971015e-09, 1.661366e-06, 2.192472e-08, 6.127292e-11, 7.613285e-08, 9.064184e-09, 2.968661e-05, 3.132139e-01, 8.940233e-02, 1.088115e-05, 3.025523e-01, 2.918191e-01, 3.431964e-13, 1.322842e-07, 3.938528e-14, 5.618755e-07, 2.968587e-03, 5.808673e-08, 6.636285e-12, 6.118385e-07, 1.865878e-02, 6.239077e+00, 2.971140e+01, 3.231540e+01
