z_m,T_K,P_Pa,tau_s,X_CH4,X_O2,X_CO2,X_H2O,X_CO,X_H2,X_OH
0.0,1000.0,101324.99999999999,0.0,0.09505703422053231,0.19011406844106463,0.0,0.0,0.0,0.0,0.0
0.0033333333333333335,1000.0000955490303,101324.99999999997,0.00011225270552132086,0.0950570331973848,0.19011406742827922,2.075990631996615e-18,2.471861539083613e-11,1.1316099039917988e-15,8.752066422423123e-13,1.4481787441039248e-13
0.006666666666666667,1000.0000895244076,101324.99999999994,0.00022450541171862141,0.09505703213821998,0.1901140663897567,1.05112593607554e-17,7.479602501142983e-11,4.559438208406543e-15,2.5024191791578784e-12,2.93386238507803e-13
0.01,1000.0000836484566,101324.99999999994,0.0003367581185750567,0.09505703104239226,0.19011406532511232,2.9785336252983196e-17,1.5083995520953938e-10,1.1473165786367632e-14,4.916523462158639e-12,4.4551491314164976e-13
0.013333333333333334,1000.0000779237594,101324.99999999994,0.0004490108260734781,0.09505702990924585,0.19011406423395358,6.457895234081788e-17,2.534631842787396e-10,2.3088071203611843e-14,8.155542058820769e-12,6.012335035859277e-13
0.016666666666666666,1000.0000723529486,101324.99999999994,0.0005612635341964279,0.09505702873812193,0.19011406311588278,1.1977963631811929e-16,3.832806603886413e-10,4.0645559623859717e-14,1.2257913295116822e-11,7.605547151347921e-13
0.02,1000.0000669387068,101324.99999999993,0.0006735162429261339,0.09505702752835887,0.19011406197049716,2.0048745766909277e-16,5.40909371938712e-10,6.541369764660773e-14,1.7262445027965887e-11,9.234904933349846e-13
0.023333333333333334,1000.0000616837655,101324.99999999991,0.0007857689522445047,0.09505702627929231,0.19011406079738907,3.1202080931931376e-16,7.269683057190942e-10,9.868775254065619e-14,2.320831527409252e-11,1.0900525384147148e-12
0.02666666666666667,1000.0000565909049,101324.99999999993,0.0008980216621331235,0.0950570249902552,0.190114059596146,4.599222176788621e-16,9.420784039848911e-10,1.417907356498452e-13,3.0135073159892214e-11,1.26025229891112e-12
0.030000000000000002,1000.0000516629543,101324.99999999994,0.001010274372573244,0.09505702366057776,0.19011405836635054,6.499641754331071e-16,1.1868625182129127e-09,1.9607394984151885e-13,3.808263936765914e-11,1.4341009522388494e-12
0.03333333333333333,1000.0000469027908,101324.99999999994,0.001122527083545784,0.09505702228958773,0.1901140571075809,8.881549925407506e-16,1.461945359469125e-09,2.6291754086449706e-13,4.709130606606812e-11,1.6116093848243636e-12
0.03666666666666667,1000.0000423133392,101324.99999999994,0.0012347797950313217,0.09505702087661023,0.19011405581941054,1.1807446607048065e-15,1.7679534453610036e-09,3.437310524738964e-13,5.7201736327082414e-11,1.7927881720943872e-12
0.04,1000.0000378975719,101324.99999999994,0.0013470325070100895,0.09505701942096798,0.19011405450140856,1.534230726377934e-15,2.105515043550461e-09,4.399539851704495e-13,6.845496303163081e-11,1.9776475583300613e-12
0.043333333333333335,1000.0000336585073,101324.99999999994,0.0014592852194619697,0.09505701792198133,0.19011405315313976,1.9553641671634174e-15,2.4752601118083275e-09,5.530563583934168e-13,8.089238726649152e-11,2.166197436394867e-12
0.04666666666666667,1000.0000295992111,101324.99999999997,0.0015715379323664894,0.09505701637896832,0.19011405177416477,2.451155266263257e-15,2.8778202345876887e-09,6.845392759949032e-13,9.455577621462804e-11,2.358447327342387e-12
0.05,1000.000025722794,101324.99999999997,0.0016837906457028151,0.09505701479124483,0.1901140503640401,3.0288794794219047e-15,3.3138285560978637e-09,8.35935494813859e-13,1.0948726054130624e-10,2.5544063599124774e-12
0.05333333333333334,1000.0000220324131,101324.99999999999,0.001796043359449749,0.09505701315812448,0.19011404892231837,3.6960832886086135e-15,3.783919709862117e-09,1.0088099961575104e-12,1.257293312783216e-10,2.7540832499246544e-12
0.05666666666666667,1000.000018531269,101324.99999999999,0.001908296073585723,0.09505701147891897,0.19011404744854832,4.460590036471818e-15,4.288729744741121e-09,1.2047605599860411e-12,1.433248362085867e-10,2.957486279577362e-12
0.060000000000000005,1000.0000152226081,101324.99999999996,0.0020205487880887952,0.09505700975293799,0.19011404594227488,5.330505735400032e-15,4.8288960474103785e-09,1.4254183415867648e-12,1.623169757535205e-10,3.1646232766642456e-12
0.06333333333333334,1000.0000121097196,101325.00000000003,0.002132801502936644,0.09505700797948943,0.19011404440303958,6.314224844813433e-15,5.405057261277283e-09,1.6724484505109605e-12,1.8274929836557783e-10,3.375501593717439e-12
0.06666666666666667,1000.0000091959367,101325.00000000003,0.002245054218106564,0.09505700615787946,0.19011404283038041,7.420436010111567e-15,6.017853201828181e-09,1.947550531535787e-12,2.0466569542842145e-10,3.5901280870898415e-12
0.06999999999999999,1000.0000064846349,101325.00000000006,0.0023573069335754617,0.09505700428741257,0.190114041223832,8.658127756500391e-15,6.667924768396867e-09,2.2524593474012856e-12,2.2811039566728673e-10,3.8085090959884945e-12
0.07333333333333332,1000.000003979232,101325.00000000006,0.0024695596493198514,0.09505700236739177,0.1901140395829258,1.003659413072109e-14,7.355913852347084e-09,2.588945363059719e-12,2.531279590721524e-10,4.030650421471851e-12
0.07666666666666665,1000.0000016831872,101325.00000000006,0.0025818123653158502,0.09505700039711869,0.19011403790719023,1.1565440283520038e-14,8.082463241669913e-09,2.9588153311649313e-12,2.79763270336668e-10,4.2565573054259985e-12
0.07999999999999997,999.999897880184,101325.00000000006,0.0026940650929575005,0.09505699837589776,0.19011403619615436,1.3254586481494214e-14,8.84821560673011e-09,3.3639120840750182e-12,3.080614698210935e-10,4.486230037670532e-12
0.0833333333333333,999.9998960134084,101325.00000000007,0.002806317820801784,0.09505699630302404,0.19011403444933717,1.511427767652297e-14,9.65381608054215e-09,3.806117438570996e-12,3.3806812690963787e-10,4.719680625257398e-12
0.08666666666666663,999.999894366611,101325.0000000001,0.0029185705488236017,0.09505699417779596,0.19011403266625893,1.7155084899775952e-14,1.049990945639358e-08,4.287350480696948e-12,3.6982905351714054e-10,4.9569089416236144e-12
0.08999999999999996,999.9998929434105,101325.00000000012,0.0030308232769974395,0.09505699199951081,0.19011403084643716,1.938791203553536e-14,1.138714107945967e-08,4.809568973230503e-12,4.033903576693924e-10,5.197917751738354e-12
0.09333333333333328,999.9998917474643,101325.0000000001,0.003143076005297366,0.09505698976746516,0.19011402898938703,2.1824000828646412e-14,1.2316156660675089e-08,5.3747699018942845e-12,4.3879843212387495e-10,5.442709186151153e-12
0.09666666666666661,999.999890782467,101325.0000000001,0.003255328733697029,0.09505698748095501,0.19011402709462158,2.4474935950410395e-14,1.3287602159921975e-08,5.984990061780093e-12,4.760999449754911e-10,5.691284690844965e-12
0.09999999999999994,999.9998900521498,101325.00000000012,0.003367581462169649,0.09505698513927589,0.19011402516165163,2.7352649949843615e-14,1.4302123665625635e-08,6.642306642726974e-12,5.15341829796562e-10,5.943645006162808e-12
0.10333333333333326,999.9998895602804,101325.0000000001,0.0034798341906880186,0.09505698274172307,0.19011402318998627,3.046942808181221e-14,1.5360367270828926e-08,7.34883781327062e-12,5.565712753209376e-10,6.199790146185225e-12
0.10666666666666659,999.9998893106614,101325.00000000009,0.003592086919224497,0.09505698028759167,0.19011402117913273,3.3837913003347586e-14,1.6462978945770906e-08,8.10674330277148e-12,5.998357146770063e-10,6.459719378247217e-12
0.10999999999999992,999.9998893071303,101325.00000000013,0.0037043396477510065,0.09505697777617679,0.19011401912859663,3.747110932930351e-14,1.761060440699501e-08,8.918224981313335e-12,6.451828141744678e-10,6.723431202610721e-12
0.11333333333333324,999.9998895535576,101325.00000000017,0.00381659237623903,0.09505697520677384,0.19011401703788225,4.138238803839777e-14,1.8803888983017765e-08,9.78552743695178e-12,6.926604616501179e-10,6.990923332313758e-12
0.11666666666666657,999.9998900538473,101325.00000000016,0.003928845104659607,0.09505697257867855,0.19011401490649255,4.5585490720564076e-14,2.0043477476591326e-08,1.0710938549877629e-11,7.423167543781546e-10,7.262192673218279e-12
0.1199999999999999,999.9998908119342,101325.00000000017,0.0040410978329833295,0.09505696989118712,0.19011401273392925,5.0094533656439213e-14,2.1330014023597975e-08,1.1696790063047172e-11,7.94199986550885e-10,7.53723530427987e-12
0.12333333333333323,999.9998918317849,101325.00000000016,0.00415335056118034,0.09505696714359653,0.19011401051969334,5.492401171971893e-14,2.2664141948618233e-08,1.274545814881763e-11,8.483586363360326e-10,7.81604645806209e-12
0.12666666666666657,999.9998931173963,101325.00000000016,0.00426560328922033,0.09505696433520465,0.19011400826328487,6.008880209303791e-14,2.404650361721824e-08,1.3859363971112776e-11,9.048413525172203e-10,8.098620501519687e-12
0.1299999999999999,999.9998946727934,101325.00000000017,0.004377856017072531,0.09505696146531048,0.19011400596420341,6.560416778796398e-14,2.5477740285006564e-08,1.5040974242630734e-11,9.63696940724568e-10,8.38495091707448e-12
0.13333333333333322,999.9998965020304,101325.00000000017,0.004490108744705721,0.09505695853321422,0.19011400362194802,7.148576095964619e-14,2.6958491943514622e-08,1.629280177659294e-11,1.0249743492627374e-09,8.675030284009611e-12
0.13666666666666655,999.9998986091887,101325.00000000017,0.004602361472088212,0.09505695553821757,0.1901140012360175,7.774962600661865e-14,2.848939716295911e-08,1.7617406032520442e-11,1.0887226545441425e-09,8.968850260206838e-12
0.13999999999999987,999.9999009983749,101325.00000000013,0.004714614199187856,0.0950569524796239,0.1901139988059105,8.441220244624162e-14,3.0071092931949444e-08,1.9017393655511426e-11,1.1549910461354545e-09,9.266401564252268e-12
0.1433333333333332,999.9999036737215,101325.00000000012,0.004826866925972035,0.0950569493567384,0.1901139963311259,9.14903275562553e-14,3.170421449420763e-08,2.049541900848159e-11,1.2238288114259599e-09,9.567673957937976e-12
0.14666666666666653,999.999906639385,101325.00000000012,0.004939119652407664,0.09505694616886838,0.19011399381116276,9.900123877293351e-14,3.338939518237239e-08,2.20541846968173e-11,1.2952853199267383e-09,9.872656229184618e-12
0.14999999999999986,999.9999098995445,101325.00000000012,0.005051372378461187,0.09505694291532339,0.19011399124552048,1.069625758363521e-13,3.512726624896402e-08,2.369644208487986e-11,1.369410007210072e-09,1.0181336175412216e-11
0.15333333333333318,999.9999134584015,101325.00000000012,0.005163625104098574,0.09505693959541552,0.1901139886336993,1.1539238267333374e-13,3.6918456694591045e-08,2.5424991803788342e-11,1.446252358498943e-09,1.0493700587386804e-11
0.1566666666666665,999.9999173201771,101325.00000000013,0.00527587782928532,0.09505693620845945,0.19011398597520018,1.2430910900869522e-13,3.876359309348446e-08,2.7242684249897793e-11,1.5258618919169196e-09,1.0809735233569277e-11
0.15999999999999984,999.9999214891144,101325.00000000015,0.005388130553986443,0.09505693275377289,0.190113983269525,1.3373161168227913e-13,4.066329941646188e-08,2.9152420073246784e-11,1.608288141411952e-09,1.1129424845065096e-11
0.16333333333333316,999.9999259694712,101325.00000000015,0.005500383278166483,0.09505692923067662,0.1901139805161769,1.4367915572884957e-13,4.261819685135686e-08,3.115715065603633e-11,1.6935806393515529e-09,1.1452753100778045e-11
0.1666666666666665,999.9999307655256,101325.00000000013,0.005612636001789498,0.09505692563849477,0.19011397771466046,1.5417141507901137e-13,4.4628903621133027e-08,3.3259878579197614e-11,1.7817888988283313e-09,1.1779702613855808e-11
0.16999999999999982,999.9999358815704,101325.00000000013,0.005724888724819065,0.09505692197655505,0.1901139748644817,1.6522847303972086e-13,4.669603480085899e-08,3.546365808128507e-11,1.8729623959506403e-09,1.2110254925039514e-11
0.17333333333333314,999.9999413219133,101325.00000000015,0.005837141447218279,0.09505691824418896,0.19011397196514848,1.7687082234277988e-13,4.8820202127784067e-08,3.7771595491544323e-11,1.9671505507140446e-09,1.2444390462332795e-11
0.17666666666666647,999.9999470910168,101325.00000000016,0.005949394168949731,0.09505691444072407,0.1901139690161644,1.8911938714263907e-13,5.100201861221871e-08,4.018685527577733e-11,2.0644029143714696e-09,1.2782088804594273e-11
0.1799999999999998,999.9999531928619,101325.00000000015,0.006061646889975572,0.09505691056559036,0.1901139660171106,2.0199515579601434e-13,5.324203468840564e-08,4.2712583149271235e-11,2.1647663038098233e-09,1.3123322829956966e-11
0.18333333333333313,999.9999596320658,101325.00000000015,0.0061738996102574314,0.09505690661797707,0.19011396296738217,2.1552041419202108e-13,5.55409437510308e-08,4.5352157610956164e-11,2.268294068404418e-09,1.3468078729830256e-11
0.18666666666666645,999.9999664129186,101325.00000000015,0.006286152329756461,0.09505690259730626,0.19011395986655208,2.297170197710422e-13,5.7899298751826514e-08,4.810884461282596e-11,2.3750332399048153e-09,1.3816329302603809e-11
0.18999999999999978,999.9999735397809,101325.0000000001,0.006398405048433325,0.09505689850293184,0.19011395671413966,2.446075026193121e-13,6.031769189033376e-08,5.098601713690545e-11,2.4850326786105632e-09,1.4168048550014449e-11
0.1933333333333331,999.9999810170199,101325.00000000012,0.006510657766248199,0.09505689433421312,0.19011395350966745,2.602147958398794e-13,6.27967108716048e-08,5.3987102623634004e-11,2.5983410736322125e-09,1.4523210122787904e-11
0.19666666666666643,999.9999888490084,101325.00000000012,0.006622910483160771,0.09505689009051471,0.19011395025266098,2.7656223323968553e-13,6.533693870985376e-08,5.7115583310423457e-11,2.71500692385286e-09,1.4881786521234584e-11
0.19999999999999976,1000.0000987599216,101325.00000000012,0.0067351631877119195,0.09505688577120015,0.19011394694264386,2.936735595020003e-13,6.793895644039274e-08,6.037500239527044e-11,2.835078733702722e-09,1.524376276859565e-11
0.2033333333333331,1000.0001073145309,101325.00000000016,0.00684741589127868,0.09505688137565271,0.1901139435791537,3.1157288916903566e-13,7.060333414201658e-08,6.37689468323915e-11,2.958604348985606e-09,1.560908289431231e-11
0.20666666666666642,1000.0001162370249,101325.00000000019,0.006959668593819277,0.09505687690325443,0.19011394016172634,3.302847421670689e-13,7.333063980807605e-08,6.730106544707692e-11,3.0856315888377443e-09,1.5977728239204454e-11
0.20999999999999974,1000.0001255317814,101325.00000000019,0.007071921295291448,0.09505687235339415,0.19011393668990162,3.4983402430411375e-13,7.612143569111888e-08,7.09750627039022e-11,3.2162079900660474e-09,1.6349666702664816e-11
0.21333333333333307,1000.0001352031767,101325.00000000019,0.007184173995652443,0.09505686772546731,0.19011393316322348,3.7024602465536557e-13,7.89762783483968e-08,7.479469927946912e-11,3.350380797887737e-09,1.672486490003161e-11
0.2166666666666664,1000.0001452555825,101325.00000000023,0.007296426694859027,0.09505686301887649,0.19011392958124051,3.9154641087707303e-13,8.1895718439066e-08,7.876379228537483e-11,3.4881969453456204e-09,1.7103288258503883e-11
0.21999999999999972,1000.0001556933655,101325.00000000028,0.007408679392867481,0.09505685823303106,0.19011392594350526,4.137612241114666e-13,8.488030052138869e-08,8.28862154696891e-11,3.6297030326720933e-09,1.7484901017161486e-11
0.22333333333333305,1000.0001665208852,101325.00000000029,0.007520932089633601,0.09505685336734807,0.19011392224957532,4.369168734784279e-13,8.793056284993292e-08,8.716589939629145e-11,3.774945306614309e-09,1.7869666226963878e-11
0.22666666666666638,1000.0001777424916,101325.00000000028,0.007633184785112702,0.09505684842125203,0.19011391849901318,4.610401301507866e-13,9.104703717294235e-08,9.160683160143486e-11,3.923969639739643e-09,1.8257545751761798e-11
0.2299999999999997,1000.000189362525,101325.0000000003,0.0077454374792596155,0.09505684339417533,0.19011391469138608,4.861581210107132e-13,9.423024853005496e-08,9.621305672691502e-11,4.076821509741032e-09,1.8648500270352737e-11
0.23333333333333303,1000.0002013853135,101325.0000000003,0.007857690172028697,0.09505683828555855,0.1901139108262668,5.122983218852326e-13,9.748071505055174e-08,1.0098867662923293e-10,4.233545978761961e-09,1.9042489279597696e-11
0.23666666666666636,1000.0002138151716,101325.00000000028,0.007969942863373823,0.09505683309485051,0.19011390690323351,5.394885503594552e-13,1.0079894775231798e-07,1.0593785046414926e-10,4.3941876727610845e-09,1.9439471098611873e-11
0.23999999999999969,1000.0002266564602,101325.00000000026,0.008082195553248388,0.09505682782148875,0.19011390292185504,5.677570764047907e-13,1.0418546367582416e-07,1.1106481727446569e-10,4.558791415945775e-09,1.9839403981601016e-11
0.243333333333333,1000.000239913239,101325.00000000028,0.00819444824160534,0.09505682246498282,0.1901138988817535,5.971321289321548e-13,1.0764073016151716e-07,1.1637380270180184e-10,4.7273994896121425e-09,2.0242242041729218e-11
0.24666666666666634,1000.000253590031,101325.00000000029,0.008306700928397125,0.09505681702478119,0.19011389478250437,6.276426498999349e-13,1.1116525360236438e-07,1.2186916759050217e-10,4.900055955899549e-09,2.064794021362209e-11
0.24999999999999967,1000.0002676907792,101325.00000000028,0.008418953613575756,0.0950568115003582,0.19011389062370182,6.593178403313985e-13,1.1475952132501162e-07,1.2755531323364699e-10,5.0768038646007404e-09,2.1056454364387155e-11
0.253333333333333,1000.0002822201046,101325.00000000032,0.008531206297092737,0.09505680589123539,0.1901138864049745,6.921868819263857e-13,1.184239877174338e-07,1.3343665334674052e-10,5.257684392210971e-09,2.1467733925026283e-11
0.2566666666666664,1000.0002971831167,101325.00000000036,0.008643458978899007,0.09505680019684348,0.19011388212588345,7.262801950050098e-13,1.2215916909130968e-07,1.395178076978392e-10,5.442741968505086e-09,2.1881735602461628e-11
0.25999999999999973,1000.0003125817617,101325.0000000004,0.008755711658945294,0.09505679441681489,0.19011387778613717,7.616265282020352e-13,1.2596543537209942e-07,1.4580313782153322e-10,5.632012878020381e-09,2.229840210219257e-11
0.2633333333333331,1000.0003284207572,101325.00000000033,0.00886796433718181,0.09505678855073665,0.1901138733854122,7.982559620383815e-13,1.2984319439991186e-07,1.5229721653532578e-10,5.825535777830979e-09,2.271768089742707e-11
0.26666666666666644,1000.0003447052802,101325.0000000003,0.008980217013558191,0.09505678259790094,0.1901138689231625,8.362005091970111e-13,1.3379304657220545e-07,1.590049996583104e-10,6.023358558985239e-09,2.3139529037258677e-11
0.2699999999999998,1000.0003614388861,101325.00000000026,0.009092469688023689,0.09505677655797318,0.19011386439912117,8.754901734296648e-13,1.3781534062675455e-07,1.659310795718543e-10,6.225516361239461e-09,2.356389255112499e-11
0.27333333333333315,1000.0003786254919,101325.00000000026,0.009204722360527124,0.09505677043054886,0.19011385981296802,9.161556596557184e-13,1.4191046961013804e-07,1.730801939937406e-10,6.432046313525519e-09,2.399071294669622e-11
0.2766666666666665,1000.0003962692281,101325.00000000022,0.009316975031016866,0.09505676421516095,0.19011385516433535,9.582283809941885e-13,1.4607886694426686e-07,1.8045722721148643e-10,6.64298738591305e-09,2.4419935982428393e-11
0.27999999999999986,1000.0004143753063,101325.0000000002,0.009429227699440707,0.09505675791094076,0.19011385045255538,1.0017429915066634e-12,1.5032123540365505e-07,1.8806763068431653e-10,6.858392188168085e-09,2.4851535671594112e-11
0.2833333333333332,1000.0004329453501,101325.00000000022,0.009541480365746272,0.09505675151830117,0.19011384567791612,1.0467251927815474e-12,1.5463741118848986e-07,1.9591535156416046e-10,7.078268716484755e-09,2.528540009074125e-11
0.28666666666666657,1000.0004519844816,101325.00000000023,0.009653733029880622,0.09505674503646028,0.19011384083981298,1.093209522942693e-12,1.5902803347558748e-07,2.0400586580935713e-10,7.302665871868492e-09,2.5721497893944448e-11
0.2899999999999999,1000.0004714964315,101325.00000000025,0.009765985691790411,0.09505673846502921,0.19011383593793418,1.1412279288040035e-12,1.6349347449558566e-07,2.1234423715862886e-10,7.531618625163853e-09,2.6159768698102586e-11
0.2933333333333333,1000.0004914850101,101325.00000000022,0.009878238351421879,0.09505673180364006,0.19011383097198312,1.190812547802042e-12,1.6803408986020713e-07,2.2093557347221773e-10,7.765160906512597e-09,2.6600152990444828e-11
0.29666666666666663,1000.0005119539805,101325.00000000016,0.009990491008720853,0.09505672505193573,0.1901138259416713,1.2419957169289182e-12,1.7265022947849723e-07,2.2978507138076144e-10,8.00332628682927e-09,2.7042594382428926e-11
0.3,1000.0005329070981,101325.00000000012,0.010102743663632755,0.09505671820955656,0.19011382084670664,1.2948097677449663e-12,1.7734223771771297e-07,2.388979481736024e-10,8.246147461280909e-09,2.7487022321214663e-11
0.30333333333333334,1000.0005543480331,101325.00000000009,0.010214996316102608,0.0950567112761647,0.19011381568681304,1.3492872148869844e-12,1.8211044392333563e-07,2.482794848036712e-10,8.493656232421378e-09,2.79333782242956e-11
0.3066666666666667,1000.000576280411,101325.0000000001,0.01032724896607504,0.09505670425143511,0.19011381046172357,1.4054606641266359e-12,1.8695516662294132e-07,2.579350141924492e-10,8.74588358889818e-09,2.8381598872407195e-11
0.31000000000000005,1000.0005987078048,101325.00000000012,0.010439501613494292,0.09505669713505559,0.19011380517118043,1.4633628034163007e-12,1.9187671337749988e-07,2.6786992120805534e-10,9.002859681250761e-09,2.8831620003384962e-11
0.3133333333333334,1000.0006216337352,101325.00000000012,0.010551754258304223,0.09505668992672683,0.19011379981493462,1.5230263871449038e-12,1.9687538064886117e-07,2.7808964206553287e-10,9.264613807606888e-09,2.928337657909523e-11
0.31666666666666676,1000.0006450616643,101325.0000000001,0.01066400690044832,0.09505668262616278,0.19011379439274678,1.5844842201819277e-12,2.0195145367265987e-07,2.8859966369268573e-10,9.531174400081296e-09,2.973680281720561e-11
0.3200000000000001,1000.0006689950243,101325.0000000001,0.010776259539869697,0.09505667523308498,0.1901137889043825,1.6477691876548475e-12,2.0710521027495377e-07,2.9940553149532965e-10,9.802569217399412e-09,3.0191832373254484e-11
0.3233333333333335,1000.0006934371132,101325.00000000015,0.010888512176511114,0.09505666774724339,0.1901137833496282,1.712914093109093e-12,2.1233690639428982e-07,3.1051281944087553e-10,1.00788245986636e-08,3.064839838198862e-11
0.3266666666666668,1000.0007183914944,101325.00000000019,0.011000764810314943,0.09505666016833536,0.1901137777282306,1.7799522921147326e-12,2.1764683313737397e-07,3.2192725285010756e-10,1.0359968429777564e-08,3.110643433261163e-11
0.3300000000000002,1000.000743860904,101325.0000000002,0.011113017441223267,0.09505665249623592,0.1901137720400679,1.848915620241668e-12,2.2303515346527145e-07,3.3365433967942406e-10,1.0646021480685584e-08,3.1565868034927074e-11
0.33333333333333354,1000.0007698487468,101325.00000000022,0.011225270069177801,0.0950566447306724,0.1901137662849083,1.919837401817221e-12,2.2850213327411667e-07,3.4569989820841305e-10,1.0937009732680528e-08,3.202663209962067e-11
0.3366666666666669,1000.0007963581211,101325.00000000023,0.011337522694119927,0.09505663687144013,0.19011376046257014,1.9927503954937912e-12,2.3404798808544957e-07,3.580697045305907e-10,1.1232956167701098e-08,3.248865733410291e-11
0.34000000000000025,1000.0008233920582,101325.00000000026,0.011449775315990703,0.09505662891834846,0.19011375457288146,2.067687292450431e-12,2.3967292146430824e-07,3.7076958012134946e-10,1.1533882822867428e-08,3.295187368067858e-11
0.3433333333333336,1000.0008509535216,101325.00000000026,0.01156202793473087,0.09505662087122076,0.1901137486156807,2.1446806989181436e-12,2.453771249380105e-07,3.8380539095125903e-10,1.1839810781204258e-08,3.341621060631485e-11
0.34666666666666696,1000.0008790454056,101325.00000000028,0.01167428055028086,0.09505661272989449,0.19011374259081604,2.2237631186245923e-12,2.5116077792206857e-07,3.9718304656964406e-10,1.2150760163352777e-08,3.3881597144436696e-11
0.3500000000000003,1000.0009076704869,101325.00000000028,0.011786533162580807,0.0950566044942304,0.19011373649815272,2.304966788317159e-12,2.57024040592537e-07,4.109084737474535e-10,1.2466749708595875e-08,3.4347961670692195e-11
0.35333333333333367,1000.0009368315823,101325.00000000025,0.011898785771570549,0.09505659616407891,0.19011373033754794,2.3883242100609607e-12,2.629670801162156e-07,4.249877115589442e-10,1.2787798301751446e-08,3.4815232649009795e-11
0.356666666666667,1000.0009665312938,101325.0000000002,0.012011038377189647,0.0950565877393268,0.1901137241088855,2.4738673635861672e-12,2.6899003396714634e-07,4.3942677433720753e-10,1.3113922827253825e-08,3.528333835592832e-11
0.3600000000000004,1000.0009967723358,101325.0000000002,0.012123290979377373,0.09505657921986854,0.1901137178120545,2.5616281655184447e-12,2.7509303252494623e-07,4.542317362105857e-10,1.3445139487410495e-08,3.575220622365514e-11
0.36333333333333373,1000.0010275571185,101325.00000000022,0.012235543578072744,0.09505657060561304,0.19011371144695446,2.65163834165219e-12,2.8127619377764914e-07,4.694087098677734e-10,1.3781463490084905e-08,3.6221763700052945e-11
0.3666666666666671,1000.0010588882304,101325.00000000022,0.012347796173214505,0.09505656189648366,0.19011370501349534,2.7439294049790772e-12,2.8753962327987965e-07,4.849638451990585e-10,1.4122909041659798e-08,3.669193803805604e-11
0.37000000000000044,1000.0010907679774,101325.00000000026,0.012460048764741159,0.09505655309241812,0.19011369851159746,2.838532650271184e-12,2.9388341416429626e-07,5.00903328993566e-10,1.4469489352832703e-08,3.716265632089997e-11
0.3733333333333338,1000.0011231986165,101325.00000000028,0.01257230135259097,0.09505654419336863,0.1901136919411915,2.9354791241454976e-12,3.003076470843219e-07,5.172333829940687e-10,1.4821216626203706e-08,3.763384551513637e-11
0.37666666666666715,1000.0011561823718,101325.0000000003,0.01268455393670197,0.09505653519930182,0.1901136853022186,3.0347996116722835e-12,3.0681239021411994e-07,5.339602630040137e-10,1.5178102057255822e-08,3.810543250999943e-11
0.3800000000000005,1000.0011897213772,101325.0000000003,0.012796806517011972,0.09505652611019881,0.1901136785946304,3.1365246189543133e-12,3.133976992422094e-07,5.510902577002391e-10,1.5540155832787324e-08,3.85773441575043e-11
0.38333333333333386,1000.0012238176569,101325.00000000033,0.012909059093458573,0.09505651692605509,0.1901136718183888,3.240684355836166e-12,3.200636173722908e-07,5.686296874224137e-10,1.5907387130044733e-08,3.9049507313678285e-11
0.3866666666666672,1000.0012584732085,101325.00000000035,0.013021311665979165,0.09505650764688059,0.1901136649734664,3.3473087187650892e-12,3.2681017533082973e-07,5.865849029403405e-10,1.6279804116515114e-08,3.952184887936771e-11
0.39000000000000057,1000.0012936899439,101325.00000000033,0.013133564234510944,0.09505649827269966,0.1901136580598461,3.4564272738197616e-12,3.336373913816206e-07,6.049622841995788e-10,1.665741395043943e-08,3.999429584150274e-11
0.3933333333333339,1000.0013294695582,101325.00000000029,0.013245816798990931,0.09505648880355091,0.19011365107752107,3.5680692399330517e-12,3.405452713473998e-07,6.237682390469869e-10,1.704022278198085e-08,4.046677531411465e-11
0.3966666666666673,1000.0013658137839,101325.0000000003,0.01335806935935597,0.09505647923948735,0.19011364402649505,3.682263472322551e-12,3.475338086383963e-07,6.430092019357482e-10,1.7428235755091655e-08,4.0939214579123766e-11
0.40000000000000063,1000.0014027242977,101325.0000000003,0.013470321915542736,0.09505646958057616,0.1901136369067822,3.7990384461513175e-12,3.5460298428784677e-07,6.62691632613006e-10,1.782145701004864e-08,4.141154112707347e-11
0.403333333333334,1000.0014402025218,101325.0000000003,0.013582574467487755,0.09505645982689877,0.19011362971840687,3.918422240443419e-12,3.617527669944127e-07,6.828220147890337e-10,1.821988968666587e-08,4.1883682697809036e-11
0.40666666666666734,1000.0014782499851,101325.00000000032,0.013694827015127404,0.09505644997855058,0.19011362246140365,4.0404425222622866e-12,3.6898311317150287e-07,7.034068547899889e-10,1.8623535928168605e-08,4.235556732060678e-11
0.4100000000000007,1000.001516868042,101325.00000000033,0.013807079558397925,0.09505644003564122,0.1901136151358176,4.165126531181232e-12,3.7629396700333554e-07,7.244526801953953e-10,1.9032396885730155e-08,4.2827123354172626e-11
0.41333333333333405,1000.0015560578811,101325.00000000035,0.01391933209723544,0.09505642999829404,0.19011360774170363,4.292501064059578e-12,3.8368526050790364e-07,7.45966038460918e-10,1.9446472723656563e-08,4.329827952626119e-11
0.4166666666666674,1000.0015958207347,101325.00000000035,0.014031584631575951,0.09505641986664642,0.1901136002791271,4.422592460143931e-12,3.9115691360650173e-07,7.679534955279015e-10,1.9865762625219825e-08,4.376896497294289e-11
0.42000000000000076,1000.0016361577101,101325.00000000033,0.014143837161355354,0.09505640964084944,0.19011359274816328,4.555426586510523e-12,3.987088341999321e-07,7.904216344203218e-10,2.029026479911444e-08,4.4239109277203613e-11
0.4233333333333341,1000.0016770696751,101325.00000000035,0.01425608968650946,0.09505639932106781,0.19011358514889753,4.69102882386773e-12,4.0634091825126064e-07,8.133770538311521e-10,2.0719976486550523e-08,4.4708642507394815e-11
0.42666666666666747,1000.0017185576116,101325.00000000035,0.014368342206973991,0.09505638890747976,0.1901135774814251,4.8294240527332105e-12,4.1405304987499533e-07,8.368263666981879e-10,2.115489396894687e-08,4.5177495254811224e-11
0.4300000000000008,1000.0017606223596,101325.0000000004,0.014480594722684589,0.0950563784002769,0.190113569745851,4.970636640005567e-12,4.218451014326084e-07,8.607761987713949e-10,2.1595012576234667e-08,4.5645598671051045e-11
0.4333333333333342,1000.0018032647274,101325.00000000044,0.014592847233576822,0.09505636779962684,0.19011356194226273,5.1146909765562135e-12,4.297169615948907e-07,8.852332808623063e-10,2.204032829562165e-08,4.611288605780744e-11
0.43666666666666754,1000.0018464850871,101325.00000000044,0.014705099739586232,0.09505635710581276,0.19011355407083272,5.2616094147002555e-12,4.376684307503968e-07,9.102040979421136e-10,2.2490831795437095e-08,4.657928711303391e-11
0.4400000000000009,1000.0018902840486,101325.0000000005,0.014817352240648307,0.09505634631903806,0.19011354613167475,5.4114151014184055e-12,4.4569936728686333e-07,9.356953739131001e-10,2.2946516784242214e-08,4.7044735931085645e-11
0.44333333333333425,1000.0019346620777,101325.0000000005,0.014929604736698503,0.0950563354395465,0.1901135381249324,5.5641302242748205e-12,4.5380959769179646e-07,9.61713771501697e-10,2.3407374883861648e-08,4.750916632965403e-11
0.4466666666666676,1000.0019796194605,101325.0000000005,0.015041857227672257,0.09505632446761168,0.19011353005077117,5.7197761338342064e-12,4.6199892432698537e-07,9.882659134751327e-10,2.3873396070908677e-08,4.797251214314826e-11
0.45000000000000095,1000.0020251565714,101325.00000000048,0.015154109713504978,0.09505631340347155,0.19011352190933048,5.878374329539087e-12,4.702671747831764e-07,1.0153585540345844e-09,2.4344571516623873e-08,4.84347097970228e-11
0.4533333333333343,1000.0020712734993,101325.00000000047,0.015266362194132084,0.0950563022474211,0.19011351370079177,6.039945036620605e-12,4.786141320470892e-07,1.0429983319906023e-09,2.482088958024426e-08,4.889569487409847e-11
0.45666666666666766,1000.002117970774,101325.00000000052,0.015378614669488946,0.09505629099964959,0.19011350542525868,6.204509658099236e-12,4.87039657088991e-07,1.0711921960030389e-09,2.530234285033658e-08,4.9355408258113035e-11
0.460000000000001,1000.002165251313,101325.00000000058,0.015490867139510622,0.0950562796597921,0.19011349708242756,6.372098036938372e-12,4.955440288388904e-07,1.0999486743520052e-09,2.5788947837048718e-08,4.981381255196395e-11
0.4633333333333344,1000.0022131077957,101325.00000000061,0.01560311960413301,0.09505626822981622,0.19011348867371047,6.542702963763939e-12,5.04125762336331e-07,1.129269956831432e-09,2.6280619099298443e-08,5.027078448278618e-11
0.46666666666666773,1000.0022615439353,101325.0000000006,0.015715372063291603,0.09505625670917915,0.19011348019867294,6.716355927794458e-12,5.127852663729117e-07,1.1591650627772043e-09,2.677738008193588e-08,5.072629652369607e-11
0.4700000000000011,1000.0023105591176,101325.00000000064,0.01582762451692198,0.09505624509820923,0.19011347165752152,6.893074407706223e-12,5.215222908911632e-07,1.1896406894426569e-09,2.7279216055074028e-08,5.118028899665386e-11
0.47333333333333444,1000.0023601532466,101325.00000000065,0.015939876964959743,0.09505623339726255,0.1901134630504833,7.0728750138722656e-12,5.30336563285733e-07,1.2207034851917813e-09,2.7786110782702406e-08,5.163270407134859e-11
0.4766666666666678,1000.0024103257714,101325.00000000068,0.016052129407340573,0.09505622160670231,0.1901134543777909,7.2557737547781305e-12,5.392278041002317e-07,1.2523601008742811e-09,2.8298047416766033e-08,5.208348393933168e-11
0.48000000000000115,1000.0024610761312,101325.0000000007,0.016164381844000222,0.09505620972690171,0.19011344563968421,7.441785987802139e-12,5.481957246586875e-07,1.2846171799394631e-09,2.8815008368495704e-08,5.2532572056411854e-11
0.4833333333333345,1000.0025124031306,101325.00000000071,0.016276634274874597,0.09505619775836585,0.19011343683650053,7.630924302328866e-12,5.572399342190289e-07,1.3174809801893734e-09,2.9336969894335383e-08,5.2979909067149385e-11
0.48666666666666786,1000.0025643076459,101325.00000000071,0.01638888669989951,0.09505618570110327,0.19011342796821212,7.823209017660608e-12,5.663604180612489e-07,1.350959228730834e-09,2.9863929886097745e-08,5.342545386380065e-11
0.4900000000000012,1000.0026167871611,101325.00000000074,0.01650113911901108,0.09505617355592678,0.19011341903538287,8.018646999201605e-12,5.755565505357854e-07,1.3850574036180321e-09,3.039585070496397e-08,5.386913884941706e-11
0.49333333333333457,1000.0026698371129,101325.00000000074,0.016613391532145947,0.09505616132407264,0.1901134100388886,8.217236504648111e-12,5.848273775890514e-07,1.4197795224066538e-09,3.093267512608276e-08,5.431088474833341e-11
0.4966666666666679,1000.0027234778969,101325.00000000073,0.016725643939238463,0.09505614900111133,0.19011340097543766,8.419073058267676e-12,5.941762679268163e-07,1.455147015576403e-09,3.1474597899713734e-08,5.47508014286523e-11
0.5000000000000012,1000.0027776786692,101325.00000000076,0.016837896340226473,0.09505613659421448,0.19011339185027193,8.624052620591009e-12,6.035977413520686e-07,1.4911459841269706e-09,3.20212978066921e-08,5.518861348476996e-11
0.5033333333333345,1000.0028324504959,101325.00000000077,0.016950148735046584,0.0950561241010439,0.19011338266163866,8.83223305380793e-12,6.130935648867824e-07,1.527791329053375e-09,3.25728756827018e-08,5.56243664248514e-11
0.5066666666666678,1000.0028877925026,101325.00000000081,0.01706240112363551,0.0950561115219767,0.19011337340978263,9.043625575232218e-12,6.226634360330076e-07,1.565089804324346e-09,3.312931172017207e-08,5.605801479617892e-11
0.5100000000000011,1000.0029437153582,101325.00000000087,0.017174653505928776,0.0950560988547584,0.1901133640930133,9.258285924444615e-12,6.323090571957999e-07,1.603056155801866e-09,3.3690702802489964e-08,5.6489601637997446e-11
0.5133333333333344,1000.0030001936917,101325.00000000089,0.017286905881864777,0.09505608610525954,0.19011335471561636,9.476130263730448e-12,6.420259357422884e-07,1.6416804908461085e-09,3.4256784663796094e-08,5.691890494493156e-11
0.5166666666666677,1000.0030572378736,101325.00000000089,0.01739915825138075,0.0950560732712863,0.19011334527594648,9.697212225097132e-12,6.518157252711594e-07,1.6809773865223816e-09,3.482765106446261e-08,5.734596550252815e-11
0.520000000000001,1000.0031148463429,101325.0000000009,0.01751141061441412,0.09505606035331268,0.1901133357743209,9.921538940119731e-12,6.61678043205588e-07,1.7209532537426498e-09,3.54032768926013e-08,5.7770742840447006e-11
0.5233333333333343,1000.0031730174311,101325.00000000092,0.0176236629709025,0.0950560473518295,0.19011332621106938,1.0149116899054501e-11,6.716124937401485e-07,1.7616144991263853e-09,3.598363619913884e-08,5.8193195520249e-11
0.5266666666666676,1000.0032317497124,101325.00000000089,0.017735915320783682,0.09505603426727549,0.1901133165864838,1.0379953024015922e-11,6.816187201171538e-07,1.8029677084369882e-09,3.656870521687976e-08,5.86132849200949e-11
0.5300000000000009,1000.0032910541266,101325.00000000092,0.01784816766399424,0.09505602109735044,0.19011330689884134,1.061410417197965e-11,6.916984686770813e-07,1.8450286547738551e-09,3.715858363335504e-08,5.903105580340354e-11
0.5333333333333342,1000.0033508912773,101325.00000000096,0.017960420000475177,0.09505600785078616,0.19011329715453607,1.0851422270491723e-11,7.018450040094239e-07,1.8877758068203814e-09,3.775287242487205e-08,5.94462279651599e-11
0.5366666666666675,1000.0034112943744,101325.00000000099,0.018072672330163776,0.09505599452042962,0.19011328734827507,1.1092054257810424e-11,7.120638067701816e-07,1.9312416714228696e-09,3.835189093910962e-08,5.985898867011295e-11
0.5400000000000008,1000.003472251852,101325.00000000103,0.018184924652998632,0.09505598110888472,0.19011327748194473,1.1335964007892165e-11,7.223528479323667e-07,1.975425300185339e-09,3.8955516503899873e-08,6.026924298873833e-11
0.5433333333333341,1000.00353376165,101325.00000000102,0.018297176968918572,0.09505596761667567,0.19011326755590144,1.1583154154984898e-11,7.327116997389789e-07,2.020332968792351e-09,3.9563720699527824e-08,6.067695703545427e-11
0.5466666666666674,1000.0035958181379,101325.00000000105,0.01840942927786307,0.09505595404505983,0.1901132575710416,1.1833613189594282e-11,7.431393696069727e-07,2.065968454561997e-09,4.017644181741441e-08,6.108207709609284e-11
0.5500000000000007,1000.0036584210773,101325.00000000103,0.018521681579771635,0.0950559403941816,0.190113247527443,1.2087349448657221e-11,7.536357187390923e-07,2.112339235466707e-09,4.0793668210960254e-08,6.148458299096766e-11
0.553333333333334,1000.0037215829544,101325.00000000102,0.018633933874582374,0.09505592666139126,0.19011323742312777,1.2344423876098898e-11,7.642027610115389e-07,2.1594625766424055e-09,4.141551506587974e-08,6.188453486789737e-11
0.5566666666666673,1000.0037852732677,101325.000000001,0.018746186162236833,0.09505591285332286,0.19011322726294952,1.2604721629116702e-11,7.748353593138075e-07,2.2073235115503498e-09,4.204167629157139e-08,6.228173227934657e-11
0.5600000000000006,1000.0038495031843,101325.00000000097,0.018858438442675308,0.09505589896759056,0.19011321704512565,1.2868297046530254e-11,7.855353201307811e-07,2.2559382091109124e-09,4.267225460880082e-08,6.267622978836338e-11
0.5633333333333339,1000.0039142701883,101325.00000000095,0.018970690715838387,0.09505588500476662,0.1901132067700503,1.3135148408671039e-11,7.963021721143421e-07,2.3053126404937958e-09,4.330721859397155e-08,6.306800169877714e-11
0.5666666666666672,1000.0039795717804,101325.00000000097,0.019082942981666944,0.0950558709654085,0.19011319643810717,1.3405273741065188e-11,8.071354545492042e-07,2.3554528094118647e-09,4.394653740523184e-08,6.345702310956126e-11
0.5700000000000005,1000.0040454053499,101325.000000001,0.019195195240102148,0.09505585685008892,0.19011318604969166,1.3678670225925522e-11,8.180346940287618e-07,2.406364638147226e-09,4.459017940788215e-08,6.384327008513728e-11
0.5733333333333338,1000.0041117682285,101325.00000000097,0.019307447491085476,0.09505584265938437,0.19011317560520227,1.3955334425694564e-11,8.289994132661492e-07,2.458054007485795e-09,4.523811269997291e-08,6.422671991178271e-11
0.5766666666666671,1000.0041786576926,101325.00000000099,0.019419699734558718,0.09505582839387504,0.19011316510504087,1.423526229097656e-11,8.40029131304717e-07,2.5105267559184825e-09,4.5890305129735084e-08,6.460735110886982e-11
0.5800000000000004,1000.0042460709652,101325.00000000102,0.01953195197046398,0.09505581405414454,0.19011315454961208,1.4518449168807394e-11,8.511233637271705e-07,2.563788678871957e-09,4.65467243128533e-08,6.498514342104262e-11
0.5833333333333337,1000.0043140052156,101325.00000000105,0.019644204198743687,0.0950557996407796,0.19011314393932333,1.4804889811245913e-11,8.622816228631939e-07,2.6178455279690877e-09,4.7207337649549855e-08,6.536007780932528e-11
0.586666666666667,1000.0043824575625,101325.00000000106,0.019756456419340596,0.09505578515436985,0.1901131332745845,1.5094578384272462e-11,8.735034179954247e-07,2.672703010319123e-09,4.787211234146831e-08,6.573213644143183e-11
0.5900000000000003,1000.0044514250752,101325.00000000102,0.019868708632197793,0.09505577059550759,0.1901131225558081,1.538750847697999e-11,8.847882555636438e-07,2.7283667878377504e-09,4.8541015408345305e-08,6.610130268130336e-11
0.5933333333333336,1000.0045209047747,101325.00000000099,0.019980960837258706,0.09505575596478757,0.1901131117834088,1.568367311104344e-11,8.961356393670541e-07,2.7848424765970525e-09,4.921401370446061e-08,6.646756107791063e-11
0.5966666666666669,1000.0045908936363,101325.000000001,0.020093213034467105,0.09505574126280679,0.19011310095780334,1.5983064750452555e-11,9.075450707645295e-07,2.8421356462054216e-09,4.9891073934855064e-08,6.683089735334064e-11
0.6000000000000002,1000.0046613885903,101325.000000001,0.020205465223767108,0.09505572649016418,0.19011309007941035,1.6285675311493672e-11,9.190160488727164e-07,2.9002518192174127e-09,5.0572162671308025e-08,6.719129839020547e-11
0.6033333333333335,1000.0047323865242,101325.00000000105,0.020317717405103186,0.09505571164746048,0.19011307914865033,1.659149617296571e-11,9.305480707618757e-07,2.959196470573491e-09,5.1257246368064554e-08,6.75487522183929e-11
0.6066666666666668,1000.0048038842832,101325.00000000102,0.020429969578420165,0.09505569673529787,0.19011306816594523,1.6900518186615684e-11,9.421406316493575e-07,3.018975027069615e-09,5.194629137730501e-08,6.790324800119898e-11
0.6100000000000001,1000.0048758786733,101325.00000000106,0.02054222174366323,0.09505568175427999,0.19011305713171855,1.7212731687779154e-11,9.537932250906145e-07,3.0795928668565564e-09,5.263926396434884e-08,6.825477602086157e-11
0.6133333333333334,1000.0049483664621,101325.00000000106,0.020654473900777938,0.09505566670501145,0.19011304604639503,1.7528126506210935e-11,9.655053431676417e-07,3.1410553189688174e-09,5.333613032258589e-08,6.860332766353141e-11
0.6166666666666667,1000.0050213443811,101325.00000000108,0.020766726049710207,0.0950556515880978,0.19011303491040055,1.7846691977091648e-11,9.772764766747722e-07,3.2033676628830175e-09,5.403685658812811e-08,6.8948895403711e-11
0.62,1000.0050948091255,101325.00000000108,0.020878978190406332,0.0950556364041453,0.19011302372416194,1.8168416952195676e-11,9.891061153017244e-07,3.2665351281055275e-09,5.4741408854176126e-08,6.92914727881781e-11
0.6233333333333333,1000.0051687573575,101325.00000000106,0.02099123032281298,0.09505562115376061,0.19011301248810675,1.849328981120625e-11,1.0009937478138275e-06,3.3305628937891725e-09,5.5449753185094825e-08,6.963105441944635e-11
0.6266666666666666,1000.0052431857083,101325.00000000105,0.0211034824468772,0.09505560583755074,0.19011300120266342,1.8821298473163478e-11,1.0129388622293518e-06,3.3954560883787615e-09,5.616185563019287e-08,6.996763593877042e-11
0.6299999999999999,1000.0053180907776,101325.00000000108,0.021215734562546426,0.09505559045612275,0.19011298986826083,1.9152430408031456e-11,1.0249409459938645e-06,3.461219789285167e-09,5.687768223720172e-08,7.030121400873458e-11
0.6333333333333332,1000.0053934691364,101325.00000000108,0.02132798666976847,0.09505557501008355,0.19011297848532813,1.9486672648370582e-11,1.0369994861515514e-06,3.5278590225876907e-09,5.759719906545002e-08,7.063178629545427e-11
0.6366666666666665,1000.0054693173291,101325.0000000011,0.021440238768491538,0.09505555950003974,0.1901129670542948,1.9824011801101622e-11,1.0491139695134375e-06,3.5953787627643986e-09,5.8320372198730044e-08,7.095935145041774e-11
0.6399999999999998,1000.0055456318732,101325.0000000011,0.021552490858664224,0.09505554392659754,0.19011295557559058,2.016443405934792e-11,1.0612838828224572e-06,3.663783932450101e-09,5.904716775785255e-08,7.128390909199392e-11
0.6433333333333331,1000.0056224092635,101325.00000000115,0.021664742940235515,0.09505552829036233,0.1901129440496449,2.050792521434294e-11,1.0735087129153134e-06,3.733079402221619e-09,5.977755191288785e-08,7.160545978663744e-11
0.6466666666666664,1000.0056996459709,101325.00000000116,0.021776995013154797,0.09505551259193874,0.19011293247688735,2.085447066739015e-11,1.0857879468810834e-06,3.803269990409988e-09,6.051149089509083e-08,7.192400502981804e-11
0.6499999999999997,1000.0057773384465,101325.0000000011,0.02188924707737185,0.09505549683193033,0.1901129208577469,2.1204055441862464e-11,1.0981210722165293e-06,3.874360462939192e-09,6.12489510085079e-08,7.223954722669715e-11
0.653333333333333,1000.0058554831205,101325.00000000106,0.022001499132836853,0.09505548101093952,0.1901129091926524,2.155666419522927e-11,1.1105075769780744e-06,3.946355533191024e-09,6.19898986412651e-08,7.255208967258816e-11
0.6566666666666663,1000.0059340764051,101325.00000000103,0.02211375117950039,0.0950554651295673,0.19011289748203197,2.1912281231098763e-11,1.1229469499304069e-06,4.0192598618956575e-09,6.273430027653559e-08,7.286163653321012e-11
0.6599999999999996,1000.0060131146955,101325.00000000105,0.022226003217313446,0.09505544918841313,0.19011288572631327,2.2270890511263897e-11,1.1354386806916883e-06,4.093078057047503e-09,6.348212250318692e-08,7.316819282478027e-11
0.6633333333333329,1000.0060925943736,101325.00000000105,0.022338255246227408,0.09505543318807486,0.1901128739259229,2.2632475667740597e-11,1.1479822598753427e-06,4.167814673845864e-09,6.423333202610741e-08,7.347176439395623e-11
0.6666666666666662,1000.0061725118046,101325.00000000109,0.022450507266194072,0.0950554171291484,0.1901128620812868,2.2997020014787156e-11,1.1605771792283936e-06,4.2434742146599625e-09,6.49878956762119e-08,7.377235789765144e-11
0.6699999999999995,1000.0062528633424,101325.00000000112,0.02256275927716564,0.09505540101222781,0.19011285019282992,2.3364506560893965e-11,1.1732229317663508e-06,4.3200611290178305e-09,6.574578042012775e-08,7.406998078276416e-11
0.6733333333333328,1000.0063336453844,101325.00000000112,0.022675011279094714,0.09505538483789559,0.1901128382609691,2.373491823806426e-11,1.1859190192505579e-06,4.397579860325339e-09,6.65069538105731e-08,7.436464141820334e-11
0.6766666666666661,1000.0064148542295,101325.00000000106,0.022787263271934317,0.09505536860674495,0.19011282628612952,2.4108237396133433e-11,1.1986649347289162e-06,4.476034734776093e-09,6.727138294004017e-08,7.46563487080757e-11
0.6799999999999994,1000.0064965044603,101325.00000000108,0.022899515255635827,0.0950553523157262,0.19011281426604867,2.448453069139932e-11,1.2114630345129677e-06,4.555447965050358e-09,6.803920682892903e-08,7.494517527008786e-11
0.6833333333333327,1000.0065785735062,101325.00000000103,0.023011767230153152,0.09505533596919956,0.19011280220393217,2.48636929558581e-11,1.2243098522824751e-06,4.635805462703563e-09,6.881021516927088e-08,7.52310649330589e-11
0.686666666666666,1000.0066610398023,101325.00000000105,0.023124019195442613,0.09505531957129748,0.19011279010281862,2.5245622565131843e-11,1.2372020959852269e-06,4.717093574030815e-09,6.958420794453355e-08,7.551396899968136e-11
0.6899999999999993,1000.0067439184181,101325.00000000106,0.023236271151458834,0.09505530311886214,0.19011277796036707,2.5630387882129704e-11,1.2501422066775735e-06,4.799334901008264e-09,7.036132947953429e-08,7.579396323227998e-11
0.6933333333333326,1000.0068272062776,101325.00000000102,0.02334852309815679,0.0950552866123395,0.1901127657768963,2.601797319082797e-11,1.2631297922825894e-06,4.882534193038269e-09,7.114155410004213e-08,7.607106247870284e-11
0.6966666666666659,1000.006910894365,101325.00000000102,0.023460775035492463,0.0950552700533646,0.19011275355360338,2.6408334370541753e-11,1.2761635244702534e-06,4.96669005088155e-09,7.192479992159886e-08,7.634526253745514e-11
0.6999999999999992,1000.0069949880058,101325.00000000099,0.023573026963421225,0.09505525344072044,0.19011274128958025,2.680149451938797e-11,1.2892443203538827e-06,5.051815610158363e-09,7.271112010963736e-08,7.661660585737587e-11
0.7033333333333325,1000.0070794778196,101325.000000001,0.023685278881899505,0.09505523677609161,0.19011272898606135,2.7197407777552654e-11,1.3023708121134633e-06,5.137909071208388e-09,7.350043054072347e-08,7.688508874622788e-11
0.7066666666666658,1000.0071643556442,101325.00000000105,0.02379753079088464,0.09505522006088418,0.19011271664407675,2.7596033674932594e-11,1.3155418482543332e-06,5.224969529866926e-09,7.429266001654532e-08,7.715071439908804e-11
0.7099999999999991,1000.0072496171608,101325.00000000109,0.023909782690334447,0.09505520329582538,0.1901127042641552,2.7997348329577198e-11,1.3287568141294122e-06,5.3129998591626665e-09,7.508776980273733e-08,7.741349587427789e-11
0.7133333333333324,1000.007335296784,101325.00000000106,0.024022034580202887,0.09505518647402421,0.19011269184119672,2.840151427439122e-11,1.3420211132532398e-06,5.40204499521587e-09,7.58860840091507e-08,7.767355561195448e-11
0.7166666666666657,1000.0074213612556,101325.00000000103,0.024134286460447643,0.09505516960183065,0.19011267937988452,2.8808370631601522e-11,1.3553296926150682e-06,5.492077243966713e-09,7.668729669373035e-08,7.793082417264876e-11
0.719999999999999,1000.0075077962096,101325.00000000103,0.024246538331027998,0.09505515268185297,0.19011266688213907,2.921784578250485e-11,1.3686804485284422e-06,5.583088394077577e-09,7.749127942694653e-08,7.818529107277362e-11
0.7233333333333323,1000.0075945928402,101325.00000000102,0.024358790191904216,0.0950551357156247,0.19011265434908672,2.9629894981746796e-11,1.382072128345828e-06,5.675076458636349e-09,7.829795526818515e-08,7.843696076288733e-11
0.7266666666666656,1000.0076817609471,101325.000000001,0.024471042043035462,0.09505511870106984,0.19011264177918688,3.0044562069404696e-11,1.395506332120432e-06,5.768059566206398e-09,7.91074193653896e-08,7.86858874253599e-11
0.7299999999999989,1000.0077692968623,101325.00000000099,0.02458329388438131,0.09505510163872513,0.19011262917282978,3.0461826528256685e-11,1.4089825953391906e-06,5.862041241486215e-09,7.991964246288575e-08,7.893208950517037e-11
0.7333333333333322,1000.0078571969701,101325.00000000102,0.02469554571590173,0.09505508452912269,0.1901126165304029,3.0881667764127103e-11,1.422500457240931e-06,5.957024964326224e-09,8.073459560188597e-08,7.917558564721552e-11
0.7366666666666655,1000.0079454530431,101325.00000000099,0.024807797537557606,0.09505506737367557,0.1901126038529452,3.1304043025397093e-11,1.4360587599160283e-06,6.053009061717451e-09,8.155220780945809e-08,7.941638319976204e-11
0.7399999999999988,1000.0080340658938,101325.00000000102,0.024920049349309734,0.095055050172051,0.19011259114020554,3.172895277576168e-11,1.4496577264401584e-06,6.150001776618502e-09,8.237249152537803e-08,7.965451314232015e-11
0.7433333333333321,1000.0081230366591,101325.00000000102,0.025032301151118777,0.09505503292385274,0.19011257839188606,3.2156399162224675e-11,1.463297631038165e-06,6.248011798777148e-09,8.319546238876636e-08,7.989000708497933e-11
0.7466666666666654,1000.0082123570799,101325.00000000105,0.025144552942946312,0.09505501563049801,0.1901125656090299,3.2586338810600204e-11,1.4769773125560338e-06,6.347037213120752e-09,8.402104943840894e-08,8.012287330961803e-11
0.7499999999999987,1000.0083020235805,101325.00000000106,0.025256804724754316,0.09505499829249789,0.1901125527920107,3.301875078404312e-11,1.4906963268658578e-06,6.447081256701855e-09,8.484922506566119e-08,8.035313218269889e-11
0.753333333333332,1000.0083920325959,101325.00000000108,0.02536905649650516,0.09505498091036002,0.19011253994120014,3.345361408143686e-11,1.50445423264155e-06,6.548147113859718e-09,8.567996189868144e-08,8.058080443767643e-11
0.7566666666666653,1000.0084824018592,101325.00000000109,0.02548130825815923,0.09505496348049973,0.190112527053943,3.389101156592481e-11,1.5182538324460261e-06,6.650262651966196e-09,8.651342876630522e-08,8.08059607307353e-11
0.7599999999999986,1000.0085731437373,101325.00000000109,0.025593560009675526,0.0950549460003961,0.19011251412836971,3.433100068645723e-11,1.5320970907276262e-06,6.7534503173082925e-09,8.734974417383293e-08,8.102865522812966e-11
0.7633333333333319,1000.0086641511915,101325.00000000112,0.025705811751024994,0.0950549284903609,0.19011250117950407,3.477305368312079e-11,1.5459678596796686e-06,6.8575914244769805e-09,8.818793081029027e-08,8.124867526620564e-11
0.7666666666666652,1000.0087554857213,101325.0000000012,0.025818063482171714,0.09505491093840124,0.19011248819847215,3.521746752133077e-11,1.5598756092725288e-06,6.9627649494626515e-09,8.902856095561691e-08,8.146619266463857e-11
0.7699999999999985,1000.0088471539674,101325.00000000124,0.025930315203079018,0.09505489334311475,0.19011247518423324,3.5664270238957414e-11,1.5738214158346908e-06,7.0689859970541484e-09,8.987169951534212e-08,8.168124974036399e-11
0.7733333333333318,1000.0089391449885,101325.00000000122,0.02604256691371145,0.09505487570638362,0.19011246213817823,3.611340447515749e-11,1.5878037470699025e-06,7.176248579160916e-09,9.071725343898451e-08,8.189385319682456e-11
0.7766666666666651,1000.009031458937,101325.00000000122,0.02615481861403354,0.09505485802800222,0.19011244906015318,3.656486673019022e-11,1.6018227282438205e-06,7.284559832133814e-09,9.156523010612084e-08,8.210403315963783e-11
0.7799999999999984,1000.0091240816558,101325.00000000124,0.02626707030401139,0.09505484031049649,0.19011243595202562,3.701858329208145e-11,1.615876317655214e-06,7.393909870062897e-09,9.241550582574122e-08,8.231178855570623e-11
0.7833333333333317,1000.0092170149693,101325.00000000122,0.02637932198361089,0.0950548225533286,0.19011242281339655,3.747455884950561e-11,1.6299649040204313e-06,7.504307650478964e-09,9.326810401780718e-08,8.25171537100445e-11
0.786666666666665,1000.0093102770463,101325.0000000012,0.02649157365279591,0.09505480475285133,0.19011240964156575,3.7932878731435444e-11,1.6440913456415012e-06,7.615781963171982e-09,9.412319775940766e-08,8.272019714983701e-11
0.7899999999999983,1000.0094038236205,101325.00000000122,0.02660382531153524,0.09505478691732776,0.19011239644264788,3.839332039485873e-11,1.6582490458363243e-06,7.728286235456387e-09,9.498038767996888e-08,8.292085495094579e-11
0.7933333333333316,1000.0094976713025,101325.00000000125,0.02671607695979582,0.0950547690434008,0.1901123832141583,3.8855961173782514e-11,1.6724406318724852e-06,7.84184704390211e-09,9.583983292646196e-08,8.311919290423598e-11
0.7966666666666649,1000.0095918167709,101325.00000000131,0.02682832859754496,0.0950547511315178,0.19011236995642816,3.932078025370693e-11,1.6866657117301436e-06,7.956467002802874e-09,9.670150992126963e-08,8.331523449351483e-11
0.7999999999999982,1000.0096862567299,101325.00000000134,0.026940580224750325,0.0950547331821213,0.19011235666978527,3.978775688331718e-11,1.7009238973209392e-06,8.072148686425439e-09,9.75653953813843e-08,8.350900312824111e-11
0.8033333333333315,1000.009780987873,101325.00000000137,0.027052831841379944,0.0950547151956491,0.1901123433545541,4.0256870373557215e-11,1.7152148044461153e-06,8.188894627245203e-09,9.843146631379393e-08,8.370052230670354e-11
0.8066666666666648,1000.0098760070912,101325.0000000014,0.02716508344740219,0.09505469717253463,0.19011233001105637,4.072810010220238e-11,1.7295380526716714e-06,8.306707316483546e-09,9.929970000749062e-08,8.388981559981641e-11
0.809999999999998,1000.0099713110353,101325.00000000143,0.027277335042785813,0.09505467911320727,0.1901123166396108,4.120142550174326e-11,1.7438932648323846e-06,8.425589199910825e-09,1.0017007400215752e-07,8.407690663560598e-11
0.8133333333333314,1000.0100668965289,101325.00000000143,0.027389586627499896,0.09505466101809774,0.19011230324053768,4.1676825929273927e-11,1.7582800629823736e-06,8.545542642715915e-09,1.0104256584121143e-07,8.426181906027705e-11
0.8166666666666647,1000.0101627604447,101325.00000000143,0.027501838201513883,0.09505464288760723,0.19011228981413536,4.2154281479849206e-11,1.7726980927724452e-06,8.666570141303534e-09,1.0191715455006653e-07,8.444457669387198e-11
0.819999999999998,1000.0102588997388,101325.00000000141,0.02761408976479754,0.09505462472214664,0.19011227636070976,4.263377196924681e-11,1.787146992453934e-06,8.788674058510828e-09,1.0279381875511914e-07,8.462520337503659e-11
0.8233333333333313,1000.0103553161445,101325.0000000014,0.02772634131732044,0.09505460652119542,0.19011226287987684,4.3115302161346126e-11,1.801627142306807e-06,8.911863263589343e-09,1.036725822269109e-07,8.480373124803003e-11
0.8266666666666646,1000.0104519983948,101325.00000000141,0.027838592859053404,0.09505458828670188,0.19011224937308227,4.359881063100773e-11,1.8161369564789754e-06,9.036129162046453e-09,1.0455334930140675e-07,8.498017011743647e-11
0.8299999999999979,1000.0105489474971,101325.0000000014,0.027950844389967144,0.09505457001830757,0.19011223584006254,4.408429775078763e-11,1.8306766865390255e-06,9.16147933991478e-09,1.0543613601935937e-07,8.515455057293813e-11
0.8333333333333311,1000.0106461479693,101325.0000000014,0.028063095910034086,0.0950545517187361,0.19011222228283883,4.457168075150262e-11,1.8452441280340299e-06,9.287899145122455e-09,1.0632080910655759e-07,8.532687645107298e-11
0.8366666666666644,1000.0107436174983,101325.00000000137,0.028175347419224683,0.09505453338448584,0.19011220869881815,4.506104498938688e-11,1.859842038708879e-06,9.415418834546346e-09,1.0720753714748734e-07,8.549720498467937e-11
0.8399999999999977,1000.0108413440286,101325.00000000138,0.02828759891751072,0.09505451501765087,0.19011219508955543,4.555232471874018e-11,1.874468716433393e-06,9.544028203732854e-09,1.0809621751421055e-07,8.56655451908966e-11
0.843333333333331,1000.01093932462,101325.0000000014,0.028399850404864316,0.09505449661861087,0.19011218145533498,4.604550047405201e-11,1.8891238257192214e-06,9.673729349079252e-09,1.0898683073883161e-07,8.583192078250539e-11
0.8466666666666643,1000.0110375563412,101325.00000000138,0.028512101881257905,0.09505447818774056,0.1901121677964377,4.654055292499227e-11,1.9038070352941848e-06,9.804524335585425e-09,1.0987935764958274e-07,8.599635542689809e-11
0.8499999999999976,1000.0111360363037,101325.00000000141,0.028624353346664237,0.09505445972540996,0.19011215411314125,4.7037462872040706e-11,1.918518017869876e-06,9.936415195270132e-09,1.1077377935551131e-07,8.615887273762784e-11
0.853333333333331,1000.0112347615096,101325.0000000014,0.028736604801056397,0.09505444123200736,0.190112140405737,4.7536210621011914e-11,1.9332564318421733e-06,1.0069403752609412e-08,1.1167007613013441e-07,8.631949609451015e-11
0.8566666666666642,1000.0113337294052,101325.0000000014,0.028848856244407743,0.095054422707841,0.19011212667445712,4.803677867884692e-11,1.948021999662232e-06,1.0203492372808161e-08,1.1256823218603332e-07,8.647824938624198e-11
0.8599999999999975,1000.0114329370282,101325.0000000014,0.028961107676691963,0.09505440415329561,0.19011211291959068,4.853914747215457e-11,1.9628143829981647e-06,1.033868277561626e-08,1.1346822806739295e-07,8.663515579899762e-11
0.8633333333333308,1000.0115323815932,101325.00000000137,0.02907335909788305,0.09505438556872231,0.19011209914140204,4.904329836383456e-11,1.9776332706034323e-06,1.0474976868476735e-08,1.1437004600204599e-07,8.67902386625313e-11
0.8666666666666641,1000.011632060349,101325.00000000137,0.029185610507955293,0.09505436695446755,0.19011208534015217,4.9549212864240466e-11,1.9924783552011707e-06,1.0612376528911422e-08,1.1527366849229164e-07,8.694352121845616e-11
0.8699999999999974,1000.0117319705846,101325.00000000134,0.02929786190688329,0.09505434831087316,0.19011207151609896,5.0056872633719285e-11,2.007349333468288e-06,1.0750883605034733e-08,1.1617907831284048e-07,8.709502661333478e-11
0.8733333333333307,1000.0118321103374,101325.00000000132,0.02941011329464184,0.09505432963813544,0.1901120576693924,5.056626337157377e-11,2.0222460184859425e-06,1.0890501014342789e-08,1.1708626536850203e-07,8.724477892059998e-11
0.876666666666664,1000.01193247571,101325.0000000013,0.029522364671206183,0.0950543109368188,0.19011204380045568,5.107736065692734e-11,2.0371679296598613e-06,1.1031228750433622e-08,1.1799520168348436e-07,8.739279936922272e-11
0.8799999999999973,1000.0120330645492,101325.00000000127,0.029634616036551785,0.09505429220716108,0.19011202990947,5.15901491004633e-11,2.0521148475231233e-06,1.1173069274641025e-08,1.1890587523319934e-07,8.753911144839626e-11
0.8833333333333306,1000.0121338742491,101325.00000000124,0.0297468673906544,0.0950542734494858,0.19011201599668004,5.210461098049027e-11,2.067086484258314e-06,1.1316024321170981e-08,1.198182698524935e-07,8.768373786626684e-11
0.8866666666666639,1000.0122349018742,101325.00000000118,0.02985911873349011,0.09505425466417754,0.19011200206237622,5.26207269212282e-11,2.082082503731567e-06,1.1460095074889363e-08,1.2073236645187892e-07,8.782670074953538e-11
0.8899999999999972,1000.0123361452233,101325.00000000115,0.029971370065035228,0.0950542358514851,0.19011198810674812,5.313848134600762e-11,2.097102678357745e-06,1.1605283736379183e-08,1.2164815259272518e-07,8.796802302394841e-11
0.8933333333333305,1000.0124376017961,101325.00000000115,0.030083621385266348,0.09505421701171866,0.19011197413003114,5.365785702262563e-11,2.112146731899735e-06,1.1751591961319346e-08,1.2256561289111483e-07,8.810772700775277e-11
0.8966666666666638,1000.0125392690833,101325.00000000118,0.03019587269416034,0.09505419814518395,0.19011196013245743,5.4178836884164194e-11,2.1272143919065725e-06,1.1899021379909424e-08,1.234847322170247e-07,8.824583488284492e-11
0.8999999999999971,1000.0126411446379,101325.00000000121,0.030308123991694334,0.09505417925218229,0.19011194611425603,5.470140403035655e-11,2.142305389689097e-06,1.2047573597351587e-08,1.2440549569186456e-07,8.838236868871856e-11
0.9033333333333304,1000.0127432260248,101325.0000000012,0.030420375277845732,0.09505416033301071,0.19011193207565294,5.5225541728844164e-11,2.157419460295226e-06,1.2197250194324087e-08,1.2532788868598352e-07,8.851735031824379e-11
0.9066666666666637,1000.012845510811,101325.00000000116,0.0305326265525922,0.0950541413879619,0.19011191801687102,5.57512334163062e-11,2.1725563424839806e-06,1.2348052727451467e-08,1.2625189681613618e-07,8.865080151356518e-11
0.909999999999997,1000.0129479966433,101325.00000000116,0.03064487781591167,0.09505412241732428,0.1901119039381301,5.627846269949968e-11,2.1877157786993185e-06,1.2499982729774162e-08,1.2717750594295104e-07,8.878274386269799e-11
0.9133333333333303,1000.013050681172,101325.00000000118,0.030757129067782316,0.09505410342138199,0.19011188983964677,5.6807213356179864e-11,2.2028975150431353e-06,1.2653041711209129e-08,1.2810470216834536e-07,8.891319879569674e-11
0.9166666666666636,1000.0131535620727,101325.0000000012,0.03086938030818258,0.09505408440041506,0.19011187572163496,5.733746933592353e-11,2.2181013012478604e-06,1.2807231159008298e-08,1.2903347183294618e-07,8.904218758153554e-11
0.9199999999999969,1000.0132566370634,101325.00000000115,0.030981631537091145,0.09505406535469921,0.1901118615843052,5.7869214760847017e-11,2.2333268906483396e-06,1.2962552538212305e-08,1.2996380151348742e-07,8.916973132477597e-11
0.9233333333333302,1000.0133599038761,101325.00000000115,0.03109388275448695,0.0950540462845062,0.19011184742786558,5.840243392623852e-11,2.2485740401533356e-06,1.311900729209813e-08,1.3089567802017567e-07,8.929585096278572e-11
0.9266666666666635,1000.013463360281,101325.00000000109,0.031206133960349165,0.09505402719010353,0.1901118332525207,5.893711130108498e-11,2.2638425102164996e-06,1.3276596842623933e-08,1.3182908839405152e-07,8.942056726276952e-11
0.9299999999999968,1000.0135670040778,101325.00000000106,0.031318385154657215,0.09505400807175474,0.1901118190584725,5.947323152851017e-11,2.27913206480689e-06,1.3435322590868081e-08,1.3276401990436262e-07,8.954390081937957e-11
0.9333333333333301,1000.0136708330806,101325.00000000106,0.03143063633739076,0.09505398892971931,0.19011180484591997,6.001077942612804e-11,2.294442471379132e-06,1.3595185917462648e-08,1.3370046004588866e-07,8.966587205199061e-11
0.9366666666666634,1000.0137748451515,101325.00000000102,0.03154288750852968,0.0950539697642527,0.19011179061505917,6.054973998630554e-11,2.3097735008432136e-06,1.3756188183023226e-08,1.3463839653628176e-07,8.978650120272593e-11
0.9399999999999967,1000.0138790381632,101325.000000001,0.03165513866805411,0.09505395057560655,0.1901117763660835,6.109009837634646e-11,2.325124927533668e-06,1.391833072857341e-08,1.3557781731340788e-07,8.990580833417356e-11
0.94333333333333,1000.0139834100227,101325.000000001,0.0317673898159444,0.09505393136402848,0.19011176209918335,6.163183993858993e-11,2.3404965291788907e-06,1.4081614875963084e-08,1.3651871053265327e-07,9.002381332741604e-11
0.9466666666666633,1000.0140879586393,101325.00000000099,0.03187964095218113,0.09505391212976229,0.19011174781454632,6.217495019043447e-11,2.3558880868695652e-06,1.4246041928283405e-08,1.3746106456426104e-07,9.014053588030062e-11
0.9499999999999966,1000.0141926820244,101325.00000000097,0.031991892076745104,0.09505389287304786,0.19011173351235722,6.271941482428675e-11,2.371299385027289e-06,1.4411613170274271e-08,1.3840486799065566e-07,9.025599550578663e-11
0.9533333333333299,1000.0142975781437,101325.00000000096,0.03210414318961733,0.09505387359412144,0.1901117191927983,6.326521970743635e-11,2.386730211372773e-06,1.4578329868730435e-08,1.3935010960375263e-07,9.037021153038369e-11
0.9566666666666632,1000.0144026450355,101325.00000000095,0.032216394290779056,0.0950538542932154,0.1901117048560488,6.38123508818579e-11,2.4021803568937307e-06,1.4746193272896619e-08,1.4029677840229802e-07,9.048320309285053e-11
0.9599999999999965,1000.0145078806912,101325.00000000092,0.032328645380211726,0.09505383497055848,0.1901116905022855,6.43607945639529e-11,2.4176496158126905e-06,1.491520461486312e-08,1.4124486358919635e-07,9.059498914274073e-11
0.9633333333333298,1000.0146132832197,101325.00000000092,0.03244089645789701,0.09505381562637574,0.19011167613168234,6.491053714421513e-11,2.433137785554494e-06,1.5085365109954028e-08,1.421943545688311e-07,9.070558843968725e-11
0.9666666666666631,1000.014718850709,101325.00000000096,0.03255314752381677,0.09505379626088858,0.1901116617444107,6.546156518684566e-11,2.448644666713605e-06,1.5256675957108572e-08,1.4314524094442482e-07,9.081501955201292e-11
0.9699999999999964,1000.0148245812821,101325.00000000092,0.032665398577953086,0.09505377687431474,0.19011164734063923,6.60138654292972e-11,2.464170063021473e-06,1.5429138339258794e-08,1.440975125153698e-07,9.092330085614691e-11
0.9733333333333297,1000.0149304730902,101325.00000000089,0.032777649620288236,0.09505375746686855,0.1901116329205342,6.656742478176627e-11,2.4797137813136593e-06,1.560275342370206e-08,1.4505115927459584e-07,9.10304505357583e-11
0.976666666666663,1000.0150365243098,101325.00000000089,0.032889900650804695,0.09505373803876077,0.1901116184842592,6.712223032662261e-11,2.4952756314967982e-06,1.5777522362466664e-08,1.4600617140592845e-07,9.113648658110216e-11
0.9799999999999963,1000.0151427331541,101325.00000000087,0.03300215166948513,0.09505371859019866,0.19011160403197513,6.76782693177956e-11,2.510855426515388e-06,1.5953446292674617e-08,1.4696253928147308e-07,9.124142678874309e-11
0.9833333333333296,1000.01524909782,101325.0000000009,0.0331144026763124,0.09505369912138613,0.1901115895638407,6.823552918009658e-11,2.5264529823188327e-06,1.6130526336897136e-08,1.479202534589941e-07,9.134528876071166e-11
0.9866666666666629,1000.0153556165671,101325.00000000092,0.03322665367126958,0.09505367963252362,0.19011157508001186,6.87939975085038e-11,2.5420681178281742e-06,1.630876360350505e-08,1.4887930467932205e-07,9.144808990461337e-11
0.9899999999999962,1000.0154622876795,101325.00000000095,0.033338904654339904,0.0950536601238083,0.1901115605806422,6.935366206738667e-11,2.5577006549026908e-06,1.6488159187015276e-08,1.4983968386376684e-07,9.154984743322755e-11
0.9933333333333295,1000.0155691094652,101325.00000000099,0.0334511556255068,0.09505364059543384,0.19011154606588276,6.991451078969827e-11,2.573350418306931e-06,1.6668714168430374e-08,1.5080138211154366e-07,9.16505783643873e-11
0.9966666666666628,1000.0156760802403,101325.000000001,0.03356340658475389,0.09505362104759094,0.1901115315358825,7.04765317761159e-11,2.5890172356772304e-06,1.6850429615571543e-08,1.5176439069723344e-07,9.175029952103307e-11
0.9999999999999961,1000.0157831983654,101325.000000001,0.03367565753206495,0.09505360148046679,0.19011151699078752,7.103971329413974e-11,2.6047009374884447e-06,1.703330658341218e-08,1.527287010682184e-07,9.184902753125124e-11
