Distance_PFRC2_(m), Plug_flow_residence_time_PFRC2_(sec), Internal_surface_area_per_unit_distance_PFRC2_(m), Cross-section_area_PFRC2_(m2), External_surface_area_per_unit_distance_PFRC2_(m), Velocity_PFRC2_(m/sec), Exit_mass_flow_rate_PFRC2_(kg/sec), Volumetric_heat_production_rate_PFRC2_(J/m3-sec), Surface_temperature_PFRC2_(K), Heat_loss_rate_PFRC2_(J/m-sec), Temperature_PFRC2_(K), Pressure_PFRC2_(Pa), Mass_fraction_H2_PFRC2_(), Mass_fraction_H_PFRC2_(), Mass_fraction_O2_PFRC2_(), Mass_fraction_OH_PFRC2_(), Mass_fraction_H2O_PFRC2_(), Mass_fraction_HO2_PFRC2_(), Mass_fraction_H2O2_PFRC2_(), Mass_fraction_CH3_PFRC2_(), Mass_fraction_CH4_PFRC2_(), Mass_fraction_CO_PFRC2_(), Mass_fraction_CO2_PFRC2_(), Mass_fraction_HCO_PFRC2_(), Mass_fraction_CH2O_PFRC2_(), Mass_fraction_CH3OH_PFRC2_(), Mass_fraction_C2H2_PFRC2_(), Mass_fraction_C2H3_PFRC2_(), Mass_fraction_C2H4_PFRC2_(), Mass_fraction_C2H5_PFRC2_(), Mass_fraction_C2H6_PFRC2_(), Mass_fraction_CH2CO_PFRC2_(), Mass_fraction_N2_PFRC2_(), Molecular_weight_PFRC2_(kg/mole), Mass_density_PFRC2_(kg/m3), Unburned_hydrocarbons_PFRC2_(ppm), Volatile_organic_compounds_PFRC2_(ppm)
0.000000e+00, 0.000000e+00, 1.130973e+00, 1.017876e-01, 1.130973e+00, 1.621438e-01, 1.317000e-01, 1.243330e+08, 1.445342e+03, 0.000000e+00, 1.445342e+03, 4.700000e+06, 8.038381e-03, 2.023110e-08, 7.749638e-04, 4.862211e-08, 4.193547e-01, 5.251848e-07, 1.569092e-07, 1.644256e-05, 1.734607e-01, 7.332793e-02, 2.584455e-01, 3.927743e-09, 6.258793e-05, 1.673924e-05, 1.870603e-02, 8.145426e-07, 3.917272e-02, 2.504177e-06, 2.368566e-03, 2.822574e-05, 6.222399e-03, 2.040319e-02, 7.979773e+00, 3.101395e+05, 3.102201e+05
1.734973e-05, 1.069801e-04, 1.130973e+00, 1.017876e-01, 1.130973e+00, 1.622083e-01, 1.317000e-01, 9.681484e+07, 1.445878e+03, -3.276450e+05, 1.445878e+03, 4.700002e+06, 8.041256e-03, 2.002118e-08, 6.393448e-04, 4.785341e-08, 4.194385e-01, 4.278172e-07, 1.277309e-07, 1.625521e-05, 1.734087e-01, 7.335035e-02, 2.585146e-01, 3.792592e-09, 5.962766e-05, 1.650140e-05, 1.871264e-02, 8.066013e-07, 3.918506e-02, 2.468213e-06, 2.362644e-03, 2.817812e-05, 6.222399e-03, 2.040263e-02, 7.976600e+00, 3.100849e+05, 3.101632e+05
1.168758e-04, 7.201108e-04, 1.130973e+00, 1.017876e-01, 1.130973e+00, 1.624029e-01, 1.317000e-01, 2.010836e+07, 1.447322e+03, -3.276450e+05, 1.447322e+03, 4.700002e+06, 8.063458e-03, 1.909903e-08, 2.204528e-04, 4.482259e-08, 4.196816e-01, 1.397215e-07, 4.151461e-08, 1.544579e-05, 1.732399e-01, 7.344480e-02, 2.587474e-01, 3.117047e-09, 2.696047e-05, 1.251526e-05, 1.877321e-02, 7.708314e-07, 3.924513e-02, 2.315516e-06, 2.276505e-03, 2.687475e-05, 6.222399e-03, 2.039854e-02, 7.967042e+00, 3.098719e+05, 3.099243e+05
3.307553e-04, 2.036627e-03, 1.130973e+00, 1.017876e-01, 1.130973e+00, 1.624844e-01, 1.317000e-01, -5.735180e+06, 1.447606e+03, -3.276450e+05, 1.447606e+03, 4.700002e+06, 8.102308e-03, 1.842270e-08, 2.499596e-05, 4.269557e-08, 4.197385e-01, 1.528878e-08, 4.536777e-09, 1.482328e-05, 1.731154e-01, 7.349923e-02, 2.589227e-01, 2.741030e-09, 6.805944e-06, 8.784836e-06, 1.890507e-02, 7.424150e-07, 3.924279e-02, 2.206383e-06, 2.168551e-03, 2.460900e-05, 6.222399e-03, 2.039230e-02, 7.963046e+00, 3.096746e+05, 3.097087e+05
9.084273e-04, 5.591576e-03, 1.130973e+00, 1.017876e-01, 1.130973e+00, 1.625116e-01, 1.317000e-01, -3.730792e+06, 1.447272e+03, -3.276450e+05, 1.447272e+03, 4.700002e+06, 8.167059e-03, 1.838446e-08, 7.972059e-08, 4.218515e-08, 4.195666e-01, 1.553917e-10, 1.698763e-10, 1.466614e-05, 1.729464e-01, 7.352686e-02, 2.591480e-01, 2.700189e-09, 4.126043e-06, 8.108397e-06, 1.904667e-02, 7.360414e-07, 3.916833e-02, 2.197070e-06, 2.153691e-03, 2.390362e-05, 6.222399e-03, 2.038419e-02, 7.961713e+00, 3.094298e+05, 3.094610e+05
2.195019e-03, 1.350614e-02, 1.130973e+00, 1.017876e-01, 1.130973e+00, 1.626145e-01, 1.317000e-01, -2.195571e+06, 1.447434e+03, -3.276450e+05, 1.447434e+03, 4.700002e+06, 8.267601e-03, 1.870725e-08, 2.080083e-12, 4.240765e-08, 4.191724e-01, 2.870633e-15, 5.899735e-13, 1.472424e-05, 1.726684e-01, 7.361299e-02, 2.595621e-01, 2.751426e-09, 4.103262e-06, 8.054409e-06, 1.901697e-02, 7.424607e-07, 3.924932e-02, 2.234570e-06, 2.173989e-03, 2.384081e-05, 6.222399e-03, 2.037357e-02, 7.956677e+00, 3.090144e+05, 3.090455e+05
1.184932e-02, 7.270059e-02, 1.130973e+00, 1.017876e-01, 1.130973e+00, 1.635973e-01, 1.317000e-01, -1.375338e+06, 1.451775e+03, -3.276450e+05, 1.451775e+03, 4.700002e+06, 8.769577e-03, 2.080211e-08, 6.364737e-13, 4.496422e-08, 4.168477e-01, 2.163473e-15, 6.261988e-13, 1.539578e-05, 1.720500e-01, 7.540989e-02, 2.609905e-01, 3.065948e-09, 4.101851e-06, 7.921234e-06, 1.862972e-02, 7.755936e-07, 3.884399e-02, 2.352197e-06, 2.182478e-03, 2.314587e-05, 6.222399e-03, 2.031190e-02, 7.908876e+00, 3.061176e+05, 3.061478e+05
1.200000e-02, 7.362162e-02, 1.130973e+00, 1.017876e-01, 1.130973e+00, 1.636132e-01, 1.317000e-01, -1.375625e+06, 1.451850e+03, -3.276450e+05, 1.451850e+03, 4.700002e+06, 8.776063e-03, 2.083148e-08, 6.359181e-13, 4.500377e-08, 4.168171e-01, 2.166983e-15, 6.266846e-13, 1.540610e-05, 1.720480e-01, 7.544922e-02, 2.609970e-01, 3.070731e-09, 4.102144e-06, 7.920086e-06, 1.862497e-02, 7.759202e-07, 3.882970e-02, 2.352896e-06, 2.181808e-03, 2.313681e-05, 6.222399e-03, 2.031098e-02, 7.908106e+00, 3.060722e+05, 3.061024e+05
2.400000e-02, 1.466834e-01, 1.130973e+00, 1.017876e-01, 1.130973e+00, 1.648741e-01, 1.317000e-01, -1.522835e+06, 1.457647e+03, -3.276450e+05, 1.457647e+03, 4.700002e+06, 9.265462e-03, 2.310611e-08, 6.792227e-13, 4.804130e-08, 4.146267e-01, 2.376741e-15, 6.623216e-13, 1.618776e-05, 1.719502e-01, 7.920855e-02, 2.607195e-01, 3.474088e-09, 4.123964e-06, 7.833458e-06, 1.823795e-02, 7.964003e-07, 3.759610e-02, 2.387014e-06, 2.119300e-03, 2.246755e-05, 6.222399e-03, 2.023613e-02, 7.847628e+00, 3.023566e+05, 3.023860e+05
3.600000e-02, 2.191921e-01, 1.130973e+00, 1.017876e-01, 1.130973e+00, 1.661217e-01, 1.317000e-01, -1.636298e+06, 1.462974e+03, -3.276450e+05, 1.462974e+03, 4.700002e+06, 9.747526e-03, 2.540140e-08, 7.214948e-13, 5.092570e-08, 4.126401e-01, 2.568844e-15, 6.944792e-13, 1.691249e-05, 1.718208e-01, 8.371629e-02, 2.596052e-01, 3.929141e-09, 4.135675e-06, 7.733081e-06, 1.779863e-02, 8.109563e-07, 3.633870e-02, 2.406850e-06, 2.056421e-03, 2.182184e-05, 6.222399e-03, 2.015754e-02, 7.788691e+00, 2.984496e+05, 2.984781e+05
4.800000e-02, 2.911582e-01, 1.130973e+00, 1.017876e-01, 1.130973e+00, 1.673709e-01, 1.317000e-01, -1.709176e+06, 1.468003e+03, -3.276450e+05, 1.468003e+03, 4.700002e+06, 1.024283e-02, 2.779830e-08, 7.587271e-13, 5.373227e-08, 4.106558e-01, 2.757538e-15, 7.242701e-13, 1.760568e-05, 1.716597e-01, 8.861099e-02, 2.581841e-01, 4.435568e-09, 4.137455e-06, 7.615730e-06, 1.730519e-02, 8.213083e-07, 3.507012e-02, 2.419063e-06, 1.995004e-03, 2.115703e-05, 6.222399e-03, 2.007589e-02, 7.730562e+00, 2.943814e+05, 2.944091e+05
6.000000e-02, 3.625879e-01, 1.130973e+00, 1.017876e-01, 1.130973e+00, 1.686266e-01, 1.317000e-01, -1.770860e+06, 1.472813e+03, -3.276450e+05, 1.472813e+03, 4.700002e+06, 1.075602e-02, 3.031782e-08, 7.896345e-13, 5.647782e-08, 4.086142e-01, 2.898257e-15, 7.517896e-13, 1.827409e-05, 1.714763e-01, 9.375973e-02, 2.566335e-01, 4.993093e-09, 4.130510e-06, 7.483314e-06, 1.676454e-02, 8.277161e-07, 3.378543e-02, 2.423887e-06, 1.934266e-03, 2.046744e-05, 6.222399e-03, 1.999167e-02, 7.672991e+00, 2.901768e+05, 2.902037e+05
7.200000e-02, 4.334863e-01, 1.130973e+00, 1.017876e-01, 1.130973e+00, 1.698885e-01, 1.317000e-01, -1.833599e+06, 1.477419e+03, -3.276450e+05, 1.477419e+03, 4.700002e+06, 1.128769e-02, 3.296024e-08, 8.256689e-13, 5.915204e-08, 4.065063e-01, 3.094308e-15, 7.769121e-13, 1.891593e-05, 1.712670e-01, 9.910873e-02, 2.550065e-01, 5.602015e-09, 4.115753e-06, 7.337763e-06, 1.618441e-02, 8.302525e-07, 3.248938e-02, 2.421385e-06, 1.874088e-03, 1.975877e-05, 6.222399e-03, 1.990523e-02, 7.615998e+00, 2.858576e+05, 2.858836e+05
8.400000e-02, 5.038591e-01, 1.130973e+00, 1.017876e-01, 1.130973e+00, 1.711542e-01, 1.317000e-01, -1.896951e+06, 1.481818e+03, -3.276450e+05, 1.481818e+03, 4.700002e+06, 1.183698e-02, 3.571733e-08, 8.517404e-13, 6.173692e-08, 4.043399e-01, 3.247410e-15, 7.994314e-13, 1.952698e-05, 1.710250e-01, 1.046287e-01, 2.533166e-01, 6.262364e-09, 4.094074e-06, 7.181164e-06, 1.557294e-02, 8.290037e-07, 3.118974e-02, 2.411716e-06, 1.814517e-03, 1.903987e-05, 6.222399e-03, 1.981686e-02, 7.559679e+00, 2.814449e+05, 2.814700e+05
9.600000e-02, 5.737132e-01, 1.130973e+00, 1.017876e-01, 1.130973e+00, 1.724208e-01, 1.317000e-01, -1.962187e+06, 1.486004e+03, -3.276450e+05, 1.486004e+03, 4.700002e+06, 1.240247e-02, 3.857730e-08, 8.752706e-13, 6.421455e-08, 4.021278e-01, 3.391650e-15, 8.192206e-13, 2.010284e-05, 1.707425e-01, 1.102952e-01, 2.515675e-01, 6.973530e-09, 4.066419e-06, 7.015574e-06, 1.493861e-02, 8.241300e-07, 2.989495e-02, 2.395163e-06, 1.755693e-03, 1.831994e-05, 6.222399e-03, 1.972686e-02, 7.504147e+00, 2.769608e+05, 2.769850e+05
1.080000e-01, 6.430563e-01, 1.130973e+00, 1.017876e-01, 1.130973e+00, 1.736854e-01, 1.317000e-01, -2.028285e+06, 1.489975e+03, -3.276450e+05, 1.489975e+03, 4.700002e+06, 1.298255e-02, 4.152686e-08, 8.947883e-13, 6.656994e-08, 3.998836e-01, 3.522770e-15, 8.362149e-13, 2.063980e-05, 1.704127e-01, 1.160842e-01, 2.497615e-01, 7.734233e-09, 4.033778e-06, 6.843069e-06, 1.428980e-02, 8.158717e-07, 2.861307e-02, 2.372132e-06, 1.697743e-03, 1.760747e-05, 6.222399e-03, 1.963555e-02, 7.449506e+00, 2.724273e+05, 2.724506e+05
1.200000e-01, 7.118972e-01, 1.130973e+00, 1.017876e-01, 1.130973e+00, 1.749457e-01, 1.317000e-01, -2.094638e+06, 1.493731e+03, -3.276450e+05, 1.493731e+03, 4.700002e+06, 1.357550e-02, 4.455225e-08, 9.103007e-13, 6.879195e-08, 3.976201e-01, 3.639889e-15, 8.504254e-13, 2.113508e-05, 1.700299e-01, 1.219717e-01, 2.479016e-01, 8.542585e-09, 3.997156e-06, 6.665639e-06, 1.363452e-02, 8.045400e-07, 2.735154e-02, 2.343145e-06, 1.640794e-03, 1.690990e-05, 6.222399e-03, 1.954325e-02, 7.395842e+00, 2.678656e+05, 2.678880e+05
1.320000e-01, 7.802452e-01, 1.130973e+00, 1.017876e-01, 1.130973e+00, 1.761991e-01, 1.317000e-01, -2.157087e+06, 1.497276e+03, -3.276450e+05, 1.497276e+03, 4.700002e+06, 1.417956e-02, 4.764007e-08, 9.218885e-13, 7.087373e-08, 3.953495e-01, 3.742544e-15, 8.619334e-13, 2.158695e-05, 1.695894e-01, 1.279334e-01, 2.459921e-01, 9.396210e-09, 3.957549e-06, 6.485174e-06, 1.298022e-02, 7.904980e-07, 2.611702e-02, 2.308808e-06, 1.584960e-03, 1.623353e-05, 6.222399e-03, 1.945026e-02, 7.343229e+00, 2.632961e+05, 2.633176e+05
1.440000e-01, 8.481102e-01, 1.130973e+00, 1.017876e-01, 1.130973e+00, 1.774439e-01, 1.317000e-01, -2.219720e+06, 1.500615e+03, -3.276450e+05, 1.500615e+03, 4.700002e+06, 1.479302e-02, 5.077763e-08, 9.297925e-13, 7.281277e-08, 3.930825e-01, 3.830833e-15, 8.708851e-13, 2.199477e-05, 1.690880e-01, 1.339460e-01, 2.440382e-01, 1.029233e-08, 3.915907e-06, 6.303384e-06, 1.233350e-02, 7.741486e-07, 2.491519e-02, 2.269793e-06, 1.530345e-03, 1.558324e-05, 6.222399e-03, 1.935690e-02, 7.291716e+00, 2.587373e+05, 2.587580e+05
1.560000e-01, 9.155027e-01, 1.130973e+00, 1.017876e-01, 1.130973e+00, 1.786784e-01, 1.317000e-01, -2.276385e+06, 1.503759e+03, -3.276450e+05, 1.503759e+03, 4.700002e+06, 1.541425e-02, 5.395384e-08, 9.342989e-13, 7.461046e-08, 3.908284e-01, 3.905230e-15, 8.774725e-13, 2.235887e-05, 1.685234e-01, 1.399875e-01, 2.420457e-01, 1.122800e-08, 3.873120e-06, 6.121817e-06, 1.170013e-02, 7.559044e-07, 2.375082e-02, 2.226804e-06, 1.477038e-03, 1.496281e-05, 6.222399e-03, 1.926343e-02, 7.241337e+00, 2.542060e+05, 2.542258e+05
1.680000e-01, 9.824333e-01, 1.130973e+00, 1.017876e-01, 1.130973e+00, 1.799014e-01, 1.317000e-01, -2.335348e+06, 1.506718e+03, -3.276450e+05, 1.506718e+03, 4.700002e+06, 1.604169e-02, 5.715889e-08, 9.357630e-13, 7.627139e-08, 3.885950e-01, 3.966551e-15, 8.819233e-13, 2.268039e-05, 1.678945e-01, 1.460379e-01, 2.400209e-01, 1.220018e-08, 3.829994e-06, 5.941812e-06, 1.108484e-02, 7.361810e-07, 2.262770e-02, 2.180562e-06, 1.425121e-03, 1.437479e-05, 6.222399e-03, 1.917012e-02, 7.192108e+00, 2.497164e+05, 2.497355e+05
1.800000e-01, 1.048913e+00, 1.130973e+00, 1.017876e-01, 1.130973e+00, 1.811121e-01, 1.316999e-01, -2.381256e+06, 1.509505e+03, -3.276450e+05, 1.509505e+03, 4.700002e+06, 1.667391e-02, 6.038533e-08, 9.345757e-13, 7.780336e-08, 3.863889e-01, 4.015900e-15, 8.844869e-13, 2.296129e-05, 1.672015e-01, 1.520793e-01, 2.379700e-01, 1.320596e-08, 3.787243e-06, 5.764511e-06, 1.049145e-02, 7.153670e-07, 2.154863e-02, 2.131750e-06, 1.374648e-03, 1.382071e-05, 6.222399e-03, 1.907719e-02, 7.144031e+00, 2.452809e+05, 2.452993e+05
1.920000e-01, 1.114951e+00, 1.130973e+00, 1.017876e-01, 1.130973e+00, 1.823099e-01, 1.316999e-01, -2.439839e+06, 1.512133e+03, -3.276450e+05, 1.512133e+03, 4.700002e+06, 1.730965e-02, 6.362705e-08, 9.311442e-13, 7.921608e-08, 3.842148e-01, 4.054558e-15, 8.854273e-13, 2.320403e-05, 1.664450e-01, 1.580962e-01, 2.358990e-01, 1.424249e-08, 3.745495e-06, 5.590866e-06, 9.922771e-03, 6.938402e-07, 2.051563e-02, 2.081069e-06, 1.325683e-03, 1.330122e-05, 6.222399e-03, 1.898484e-02, 7.097093e+00, 2.409094e+05, 2.409271e+05
2.040000e-01, 1.180560e+00, 1.130973e+00, 1.017876e-01, 1.130973e+00, 1.834947e-01, 1.316999e-01, -2.460841e+06, 1.514616e+03, -3.276450e+05, 1.514616e+03, 4.700002e+06, 1.794778e-02, 6.688067e-08, 9.258636e-13, 8.052055e-08, 3.820766e-01, 4.083856e-15, 8.849906e-13, 2.341135e-05, 1.656266e-01, 1.640757e-01, 2.338138e-01, 1.530745e-08, 3.705251e-06, 5.421604e-06, 9.380883e-03, 6.719079e-07, 1.952979e-02, 2.029053e-06, 1.278238e-03, 1.281624e-05, 6.222399e-03, 1.889324e-02, 7.051269e+00, 2.366095e+05, 2.366265e+05
2.160000e-01, 1.245749e+00, 1.130973e+00, 1.017876e-01, 1.130973e+00, 1.846665e-01, 1.316999e-01, -2.511686e+06, 1.516968e+03, -3.276450e+05, 1.516968e+03, 4.700002e+06, 1.858728e-02, 7.014371e-08, 9.191362e-13, 8.172986e-08, 3.799767e-01, 4.105300e-15, 8.834486e-13, 2.358669e-05, 1.647487e-01, 1.700068e-01, 2.317196e-01, 1.639842e-08, 3.666982e-06, 5.257370e-06, 8.866925e-03, 6.498872e-07, 1.859158e-02, 1.976372e-06, 1.232362e-03, 1.236512e-05, 6.222399e-03, 1.880251e-02, 7.006527e+00, 2.323872e+05, 2.324036e+05
2.280000e-01, 1.310528e+00, 1.130973e+00, 1.017876e-01, 1.130973e+00, 1.858254e-01, 1.316999e-01, -2.544111e+06, 1.519204e+03, -3.276450e+05, 1.519204e+03, 4.700002e+06, 1.922733e-02, 7.341607e-08, 9.113036e-13, 8.285603e-08, 3.779167e-01, 4.120197e-15, 8.810190e-13, 2.373307e-05, 1.638137e-01, 1.758812e-01, 2.296213e-01, 1.751376e-08, 3.630992e-06, 5.098535e-06, 8.381486e-03, 6.279991e-07, 1.770076e-02, 1.923429e-06, 1.188046e-03, 1.194664e-05, 6.222399e-03, 1.871278e-02, 6.962828e+00, 2.282463e+05, 2.282622e+05
2.400000e-01, 1.374906e+00, 1.130973e+00, 1.017876e-01, 1.130973e+00, 1.869721e-01, 1.316999e-01, -2.572932e+06, 1.521336e+03, -3.276450e+05, 1.521336e+03, 4.700002e+06, 1.986724e-02, 7.669853e-08, 9.026840e-13, 8.391154e-08, 3.758970e-01, 4.129854e-15, 8.779162e-13, 2.385374e-05, 1.628246e-01, 1.816929e-01, 2.275230e-01, 1.865198e-08, 3.597544e-06, 4.945383e-06, 7.924504e-03, 6.064458e-07, 1.685654e-02, 1.870662e-06, 1.145289e-03, 1.155930e-05, 6.222399e-03, 1.862412e-02, 6.920127e+00, 2.241892e+05, 2.242046e+05
2.520000e-01, 1.438892e+00, 1.130973e+00, 1.017876e-01, 1.130973e+00, 1.881070e-01, 1.316999e-01, -2.599250e+06, 1.523377e+03, -3.276450e+05, 1.523377e+03, 4.700002e+06, 2.050642e-02, 7.999333e-08, 8.935661e-13, 8.490878e-08, 3.739175e-01, 4.135505e-15, 8.743339e-13, 2.395191e-05, 1.617847e-01, 1.874369e-01, 2.254286e-01, 1.981197e-08, 3.566830e-06, 4.798086e-06, 7.495539e-03, 5.853874e-07, 1.605775e-02, 1.818421e-06, 1.104076e-03, 1.120139e-05, 6.222399e-03, 1.853660e-02, 6.878376e+00, 2.202170e+05, 2.202318e+05
2.640000e-01, 1.502496e+00, 1.130973e+00, 1.017876e-01, 1.130973e+00, 1.892307e-01, 1.316999e-01, -2.621466e+06, 1.525340e+03, -3.276450e+05, 1.525340e+03, 4.700002e+06, 2.114440e-02, 8.330366e-08, 8.841954e-13, 8.585935e-08, 3.719777e-01, 4.138259e-15, 8.704414e-13, 2.403057e-05, 1.606971e-01, 1.931104e-01, 2.233413e-01, 2.099297e-08, 3.538975e-06, 4.656712e-06, 7.093821e-03, 5.649470e-07, 1.530293e-02, 1.766993e-06, 1.064385e-03, 1.087110e-05, 6.222399e-03, 1.845026e-02, 6.837528e+00, 2.163296e+05, 2.163440e+05
2.760000e-01, 1.565724e+00, 1.130973e+00, 1.017876e-01, 1.130973e+00, 1.903441e-01, 1.316999e-01, -2.640774e+06, 1.527235e+03, -3.276450e+05, 1.527235e+03, 4.700002e+06, 2.178081e-02, 8.663357e-08, 8.747823e-13, 8.677432e-08, 3.700764e-01, 4.139120e-15, 8.663878e-13, 2.409259e-05, 1.595652e-01, 1.987114e-01, 2.212637e-01, 2.219455e-08, 3.514056e-06, 4.521253e-06, 6.718307e-03, 5.452157e-07, 1.459039e-02, 1.716615e-06, 1.026188e-03, 1.056657e-05, 6.222399e-03, 1.836512e-02, 6.797534e+00, 2.125264e+05, 2.125404e+05
2.880000e-01, 1.628586e+00, 1.130973e+00, 1.017876e-01, 1.130973e+00, 1.914478e-01, 1.316999e-01, -2.656898e+06, 1.529071e+03, -3.276450e+05, 1.529071e+03, 4.700002e+06, 2.241537e-02, 8.998724e-08, 8.654982e-13, 8.766322e-08, 3.682122e-01, 4.138921e-15, 8.622940e-13, 2.414046e-05, 1.583922e-01, 2.042394e-01, 2.191982e-01, 2.341650e-08, 3.492101e-06, 4.391620e-06, 6.367786e-03, 5.262543e-07, 1.391820e-02, 1.667450e-06, 9.894430e-04, 1.028585e-05, 6.222399e-03, 1.828120e-02, 6.758346e+00, 2.088057e+05, 2.088193e+05
3.000000e-01, 1.691087e+00, 1.130973e+00, 1.017876e-01, 1.130973e+00, 1.925427e-01, 1.316999e-01, -2.671250e+06, 1.530859e+03, -3.276450e+05, 1.530859e+03, 4.700002e+06, 2.304790e-02, 9.336975e-08, 8.564795e-13, 8.853513e-08, 3.663833e-01, 4.138409e-15, 8.582641e-13, 2.417652e-05, 1.571813e-01, 2.096950e-01, 2.171465e-01, 2.465891e-08, 3.473096e-06, 4.267671e-06, 6.040865e-03, 5.080984e-07, 1.328435e-02, 1.619635e-06, 9.541131e-04, 1.002712e-05, 6.222399e-03, 1.819850e-02, 6.719916e+00, 2.051653e+05, 2.051785e+05
3.120000e-01, 1.753236e+00, 1.130973e+00, 1.017876e-01, 1.130973e+00, 1.936294e-01, 1.316999e-01, -2.682566e+06, 1.532606e+03, -3.276450e+05, 1.532606e+03, 4.700002e+06, 2.367825e-02, 9.678622e-08, 8.478418e-13, 8.939806e-08, 3.645879e-01, 4.138212e-15, 8.543835e-13, 2.420283e-05, 1.559354e-01, 2.150791e-01, 2.151100e-01, 2.592206e-08, 3.457006e-06, 4.149232e-06, 5.736154e-03, 4.907656e-07, 1.268671e-02, 1.573251e-06, 9.201453e-04, 9.788504e-06, 6.222399e-03, 1.811701e-02, 6.682200e+00, 2.016028e+05, 2.016157e+05
3.240000e-01, 1.815037e+00, 1.130973e+00, 1.017876e-01, 1.130973e+00, 1.947088e-01, 1.316999e-01, -2.692340e+06, 1.534318e+03, -3.276450e+05, 1.534318e+03, 4.700002e+06, 2.430636e-02, 1.002415e-07, 8.396642e-13, 9.025858e-08, 3.628239e-01, 4.138825e-15, 8.507165e-13, 2.422111e-05, 1.546575e-01, 2.203934e-01, 2.130900e-01, 2.720632e-08, 3.443767e-06, 4.036090e-06, 5.452212e-03, 4.742567e-07, 1.212326e-02, 1.528349e-06, 8.874960e-04, 9.568388e-06, 6.222399e-03, 1.803671e-02, 6.645157e+00, 1.981154e+05, 1.981279e+05
3.360000e-01, 1.876499e+00, 1.130973e+00, 1.017876e-01, 1.130973e+00, 1.957816e-01, 1.316999e-01, -2.700739e+06, 1.536003e+03, -3.276450e+05, 1.536003e+03, 4.700002e+06, 2.493220e-02, 1.037410e-07, 8.320147e-13, 9.112302e-08, 3.610893e-01, 4.140689e-15, 8.473189e-13, 2.423295e-05, 1.533502e-01, 2.256399e-01, 2.110872e-01, 2.851230e-08, 3.433300e-06, 3.928017e-06, 5.187607e-03, 4.585612e-07, 1.159191e-02, 1.484958e-06, 8.561135e-04, 9.365077e-06, 6.222399e-03, 1.795758e-02, 6.608745e+00, 1.947001e+05, 1.947123e+05
3.480000e-01, 1.937625e+00, 1.130973e+00, 1.017876e-01, 1.130973e+00, 1.968484e-01, 1.316999e-01, -2.706477e+06, 1.537665e+03, -3.276450e+05, 1.537665e+03, 4.700002e+06, 2.555578e-02, 1.072899e-07, 8.249379e-13, 9.199648e-08, 3.593822e-01, 4.144141e-15, 8.442298e-13, 2.423964e-05, 1.520160e-01, 2.308209e-01, 2.091024e-01, 2.984064e-08, 3.425514e-06, 3.824776e-06, 4.940966e-03, 4.436572e-07, 1.109060e-02, 1.443073e-06, 8.259423e-04, 9.177083e-06, 6.222399e-03, 1.787958e-02, 6.572928e+00, 1.913539e+05, 1.913659e+05
3.600000e-01, 1.998422e+00, 1.130973e+00, 1.017876e-01, 1.130973e+00, 1.979100e-01, 1.316999e-01, -2.711732e+06, 1.539310e+03, -3.276450e+05, 1.539310e+03, 4.700002e+06, 2.617713e-02, 1.108930e-07, 8.184634e-13, 9.288330e-08, 3.577004e-01, 4.149443e-15, 8.414782e-13, 2.424227e-05, 1.506572e-01, 2.359391e-01, 2.071360e-01, 3.119206e-08, 3.420306e-06, 3.726111e-06, 4.710931e-03, 4.295175e-07, 1.061742e-02, 1.402679e-06, 7.969351e-04, 9.002990e-06, 6.222399e-03, 1.780270e-02, 6.537672e+00, 1.880737e+05, 1.880854e+05
3.720000e-01, 2.058894e+00, 1.130973e+00, 1.017876e-01, 1.130973e+00, 1.989669e-01, 1.316999e-01, -2.715384e+06, 1.540940e+03, -3.276450e+05, 1.540940e+03, 4.700002e+06, 2.679634e-02, 1.145552e-07, 8.126099e-13, 9.378719e-08, 3.560419e-01, 4.156807e-15, 8.390844e-13, 2.424173e-05, 1.492760e-01, 2.409971e-01, 2.051883e-01, 3.256736e-08, 3.417572e-06, 3.631777e-06, 4.496251e-03, 4.161097e-07, 1.017049e-02, 1.363742e-06, 7.690372e-04, 8.841521e-06, 6.222399e-03, 1.772689e-02, 6.502945e+00, 1.848565e+05, 1.848680e+05
3.840000e-01, 2.119046e+00, 1.130973e+00, 1.017876e-01, 1.130973e+00, 2.000196e-01, 1.316999e-01, -2.718258e+06, 1.542561e+03, -3.276450e+05, 1.542561e+03, 4.700002e+06, 2.741347e-02, 1.182813e-07, 8.073854e-13, 9.471127e-08, 3.544050e-01, 4.166391e-15, 8.370615e-13, 2.423877e-05, 1.478742e-01, 2.459976e-01, 2.032595e-01, 3.396739e-08, 3.417204e-06, 3.541526e-06, 4.295718e-03, 4.033978e-07, 9.748036e-03, 1.326222e-06, 7.421991e-04, 8.691476e-06, 6.222399e-03, 1.765213e-02, 6.468718e+00, 1.816994e+05, 1.817107e+05
3.960000e-01, 2.178883e+00, 1.130973e+00, 1.017876e-01, 1.130973e+00, 2.010688e-01, 1.316999e-01, -2.720249e+06, 1.544173e+03, -3.276450e+05, 1.544173e+03, 4.700002e+06, 2.802862e-02, 1.220756e-07, 8.027900e-13, 9.565805e-08, 3.527878e-01, 4.178306e-15, 8.354157e-13, 2.423397e-05, 1.464536e-01, 2.509434e-01, 2.013496e-01, 3.539298e-08, 3.419091e-06, 3.455115e-06, 4.108212e-03, 3.913442e-07, 9.348382e-03, 1.290066e-06, 7.163713e-04, 8.551762e-06, 6.222399e-03, 1.757837e-02, 6.434964e+00, 1.785994e+05, 1.786105e+05
4.080000e-01, 2.238410e+00, 1.130973e+00, 1.017876e-01, 1.130973e+00, 2.021149e-01, 1.316999e-01, -2.721712e+06, 1.545780e+03, -3.276450e+05, 1.545780e+03, 4.700002e+06, 2.864191e-02, 1.259425e-07, 7.988183e-13, 9.662962e-08, 3.511885e-01, 4.192633e-15, 8.341490e-13, 2.422778e-05, 1.450158e-01, 2.558372e-01, 1.994586e-01, 3.684501e-08, 3.423125e-06, 3.372310e-06, 3.932689e-03, 3.799107e-07, 8.969954e-03, 1.255220e-06, 6.915060e-04, 8.421381e-06, 6.222399e-03, 1.750559e-02, 6.401659e+00, 1.755539e+05, 1.755647e+05
4.200000e-01, 2.297629e+00, 1.130973e+00, 1.017876e-01, 1.130973e+00, 2.031583e-01, 1.316999e-01, -2.722350e+06, 1.547384e+03, -3.276450e+05, 1.547384e+03, 4.700002e+06, 2.925344e-02, 1.298861e-07, 7.954600e-13, 9.762766e-08, 3.496056e-01, 4.209421e-15, 8.332591e-13, 2.422052e-05, 1.435624e-01, 2.606816e-01, 1.975865e-01, 3.832435e-08, 3.429202e-06, 3.292885e-06, 3.768183e-03, 3.690588e-07, 8.611284e-03, 1.221623e-06, 6.675574e-04, 8.299426e-06, 6.222399e-03, 1.743375e-02, 6.368780e+00, 1.725600e+05, 1.725707e+05
4.320000e-01, 2.356545e+00, 1.130973e+00, 1.017876e-01, 1.130973e+00, 2.041994e-01, 1.316999e-01, -2.722809e+06, 1.548986e+03, -3.276450e+05, 1.548986e+03, 4.700002e+06, 2.986333e-02, 1.339103e-07, 7.927021e-13, 9.865353e-08, 3.480376e-01, 4.228703e-15, 8.327412e-13, 2.421247e-05, 1.420945e-01, 2.654791e-01, 1.957330e-01, 3.983186e-08, 3.437218e-06, 3.216626e-06, 3.613802e-03, 3.587514e-07, 8.271000e-03, 1.189217e-06, 6.444817e-04, 8.185068e-06, 6.222399e-03, 1.736282e-02, 6.336308e+00, 1.696155e+05, 1.696260e+05
4.440000e-01, 2.415162e+00, 1.130973e+00, 1.017876e-01, 1.130973e+00, 2.052387e-01, 1.316999e-01, -2.722721e+06, 1.550587e+03, -3.276450e+05, 1.550587e+03, 4.700002e+06, 3.047170e-02, 1.380190e-07, 7.905291e-13, 9.970829e-08, 3.464829e-01, 4.250490e-15, 8.325880e-13, 2.420376e-05, 1.406133e-01, 2.702322e-01, 1.938980e-01, 4.136843e-08, 3.447076e-06, 3.143331e-06, 3.468729e-03, 3.489521e-07, 7.947832e-03, 1.157940e-06, 6.222371e-04, 8.077553e-06, 6.222399e-03, 1.729277e-02, 6.304224e+00, 1.667179e+05, 1.667282e+05
4.560000e-01, 2.473484e+00, 1.130973e+00, 1.017876e-01, 1.130973e+00, 2.062764e-01, 1.316999e-01, -2.722281e+06, 1.552190e+03, -3.276450e+05, 1.552190e+03, 4.700002e+06, 3.107866e-02, 1.422157e-07, 7.889244e-13, 1.007928e-07, 3.449404e-01, 4.274784e-15, 8.327909e-13, 2.419451e-05, 1.391200e-01, 2.749431e-01, 1.920814e-01, 4.293491e-08, 3.458682e-06, 3.072809e-06, 3.332212e-03, 3.396262e-07, 7.640599e-03, 1.127733e-06, 6.007834e-04, 7.976203e-06, 6.222399e-03, 1.722356e-02, 6.272510e+00, 1.638650e+05, 1.638752e+05
4.680000e-01, 2.531512e+00, 1.130973e+00, 1.017876e-01, 1.130973e+00, 2.073128e-01, 1.316999e-01, -2.721901e+06, 1.553794e+03, -3.276450e+05, 1.553794e+03, 4.700002e+06, 3.168432e-02, 1.465042e-07, 7.878707e-13, 1.019078e-07, 3.434087e-01, 4.301577e-15, 8.333403e-13, 2.418475e-05, 1.376156e-01, 2.796141e-01, 1.902828e-01, 4.453215e-08, 3.471947e-06, 3.004878e-06, 3.203565e-03, 3.307407e-07, 7.348214e-03, 1.098536e-06, 5.800841e-04, 7.880390e-06, 6.222399e-03, 1.715516e-02, 6.241152e+00, 1.610547e+05, 1.610648e+05
4.800000e-01, 2.589252e+00, 1.130973e+00, 1.017876e-01, 1.130973e+00, 2.083482e-01, 1.316999e-01, -2.720994e+06, 1.555401e+03, -3.276450e+05, 1.555401e+03, 4.700002e+06, 3.228878e-02, 1.508877e-07, 7.873500e-13, 1.030538e-07, 3.418868e-01, 4.330850e-15, 8.342252e-13, 2.417449e-05, 1.361007e-01, 2.842472e-01, 1.885021e-01, 4.616098e-08, 3.486787e-06, 2.939373e-06, 3.082159e-03, 3.222643e-07, 7.069667e-03, 1.070293e-06, 5.601022e-04, 7.789559e-06, 6.222399e-03, 1.708756e-02, 6.210136e+00, 1.582852e+05, 1.582951e+05
4.920000e-01, 2.646705e+00, 1.130973e+00, 1.017876e-01, 1.130973e+00, 2.093829e-01, 1.316999e-01, -2.718689e+06, 1.557010e+03, -3.276450e+05, 1.557010e+03, 4.700002e+06, 3.289215e-02, 1.553698e-07, 7.873451e-13, 1.042311e-07, 3.403737e-01, 4.362590e-15, 8.354358e-13, 2.416368e-05, 1.345764e-01, 2.888443e-01, 1.867389e-01, 4.782225e-08, 3.503124e-06, 2.876145e-06, 2.967421e-03, 3.141682e-07, 6.804034e-03, 1.042952e-06, 5.408012e-04, 7.703213e-06, 6.222399e-03, 1.702071e-02, 6.179448e+00, 1.555545e+05, 1.555643e+05
5.040000e-01, 2.703875e+00, 1.130973e+00, 1.017876e-01, 1.130973e+00, 2.104170e-01, 1.316999e-01, -2.719491e+06, 1.558623e+03, -3.276450e+05, 1.558623e+03, 4.700002e+06, 3.349452e-02, 1.599536e-07, 7.878403e-13, 1.054402e-07, 3.388683e-01, 4.396775e-15, 8.369610e-13, 2.415226e-05, 1.330432e-01, 2.934073e-01, 1.849930e-01, 4.951678e-08, 3.520881e-06, 2.815018e-06, 2.858831e-03, 3.064244e-07, 6.550458e-03, 1.016457e-06, 5.221616e-04, 7.620833e-06, 6.222399e-03, 1.695460e-02, 6.149077e+00, 1.528610e+05, 1.528707e+05
5.160000e-01, 2.760765e+00, 1.130973e+00, 1.017876e-01, 1.130973e+00, 2.114509e-01, 1.316999e-01, -2.717788e+06, 1.560240e+03, -3.276450e+05, 1.560240e+03, 4.700002e+06, 3.409599e-02, 1.646426e-07, 7.888189e-13, 1.066813e-07, 3.373699e-01, 4.433387e-15, 8.387907e-13, 2.414014e-05, 1.315019e-01, 2.979378e-01, 1.832642e-01, 5.124540e-08, 3.539991e-06, 2.755892e-06, 2.755913e-03, 2.990078e-07, 6.308158e-03, 9.907630e-07, 5.041400e-04, 7.542065e-06, 6.222399e-03, 1.688921e-02, 6.119012e+00, 1.502033e+05, 1.502128e+05
5.280000e-01, 2.817378e+00, 1.130973e+00, 1.017876e-01, 1.130973e+00, 2.124847e-01, 1.316999e-01, -2.716484e+06, 1.561861e+03, -3.276450e+05, 1.561861e+03, 4.700002e+06, 3.469664e-02, 1.694400e-07, 7.902666e-13, 1.079548e-07, 3.358776e-01, 4.472409e-15, 8.409151e-13, 2.412721e-05, 1.299530e-01, 3.024374e-01, 1.815521e-01, 5.300891e-08, 3.560387e-06, 2.698624e-06, 2.658236e-03, 2.918946e-07, 6.076407e-03, 9.658234e-07, 4.867151e-04, 7.466499e-06, 6.222399e-03, 1.682450e-02, 6.089242e+00, 1.475797e+05, 1.475891e+05
5.400000e-01, 2.873715e+00, 1.130973e+00, 1.017876e-01, 1.130973e+00, 2.135185e-01, 1.316999e-01, -2.715081e+06, 1.563486e+03, -3.276450e+05, 1.563486e+03, 4.700002e+06, 3.529653e-02, 1.743491e-07, 7.921697e-13, 1.092608e-07, 3.343908e-01, 4.513826e-15, 8.433248e-13, 2.411336e-05, 1.283970e-01, 3.069076e-01, 1.798566e-01, 5.480814e-08, 3.582010e-06, 2.643101e-06, 2.565405e-03, 2.850631e-07, 5.854542e-03, 9.415950e-07, 4.698597e-04, 7.393793e-06, 6.222399e-03, 1.676047e-02, 6.059760e+00, 1.449890e+05, 1.449983e+05
5.520000e-01, 2.929781e+00, 1.130973e+00, 1.017876e-01, 1.130973e+00, 2.145525e-01, 1.316999e-01, -2.713619e+06, 1.565117e+03, -3.276450e+05, 1.565117e+03, 4.700002e+06, 3.589575e-02, 1.793731e-07, 7.945162e-13, 1.105997e-07, 3.329087e-01, 4.557627e-15, 8.460111e-13, 2.409846e-05, 1.268345e-01, 3.113497e-01, 1.781773e-01, 5.664391e-08, 3.604801e-06, 2.589216e-06, 2.477060e-03, 2.784929e-07, 5.641948e-03, 9.180378e-07, 4.535493e-04, 7.323633e-06, 6.222399e-03, 1.669708e-02, 6.030555e+00, 1.424300e+05, 1.424392e+05
5.640000e-01, 2.985577e+00, 1.130973e+00, 1.017876e-01, 1.130973e+00, 2.155868e-01, 1.316999e-01, -2.712095e+06, 1.566752e+03, -3.276450e+05, 1.566752e+03, 4.700002e+06, 3.649435e-02, 1.845156e-07, 7.972950e-13, 1.119717e-07, 3.314307e-01, 4.603805e-15, 8.489662e-13, 2.408238e-05, 1.252659e-01, 3.157649e-01, 1.765140e-01, 5.851703e-08, 3.628708e-06, 2.536869e-06, 2.392875e-03, 2.721653e-07, 5.438063e-03, 8.951143e-07, 4.377609e-04, 7.255734e-06, 6.222399e-03, 1.663433e-02, 6.001621e+00, 1.399014e+05, 1.399105e+05
5.760000e-01, 3.041106e+00, 1.130973e+00, 1.017876e-01, 1.130973e+00, 2.166217e-01, 1.316999e-01, -2.710497e+06, 1.568392e+03, -3.276450e+05, 1.568392e+03, 4.700002e+06, 3.709240e-02, 1.897797e-07, 8.004966e-13, 1.133771e-07, 3.299565e-01, 4.652360e-15, 8.521828e-13, 2.406497e-05, 1.236916e-01, 3.201544e-01, 1.748664e-01, 6.042835e-08, 3.653680e-06, 2.485968e-06, 2.312553e-03, 2.660631e-07, 5.242367e-03, 8.727896e-07, 4.224729e-04, 7.189836e-06, 6.222399e-03, 1.657220e-02, 5.972950e+00, 1.374023e+05, 1.374113e+05
5.880000e-01, 3.096370e+00, 1.130973e+00, 1.017876e-01, 1.130973e+00, 2.176572e-01, 1.316999e-01, -2.708787e+06, 1.570037e+03, -3.276450e+05, 1.570037e+03, 4.700002e+06, 3.768993e-02, 1.951691e-07, 8.041129e-13, 1.148163e-07, 3.284854e-01, 4.703295e-15, 8.556546e-13, 2.404611e-05, 1.221121e-01, 3.245193e-01, 1.732342e-01, 6.237870e-08, 3.679672e-06, 2.436429e-06, 2.235821e-03, 2.601703e-07, 5.054382e-03, 8.510315e-07, 4.076650e-04, 7.125703e-06, 6.222399e-03, 1.651066e-02, 5.944534e+00, 1.349315e+05, 1.349405e+05
6.000000e-01, 3.151372e+00, 1.130973e+00, 1.017876e-01, 1.130973e+00, 2.186934e-01, 1.316999e-01, -2.706842e+06, 1.571688e+03, -3.276450e+05, 1.571688e+03, 4.700002e+06, 3.828700e-02, 2.006873e-07, 8.081370e-13, 1.162896e-07, 3.270170e-01, 4.756620e-15, 8.593761e-13, 2.402565e-05, 1.205276e-01, 3.288606e-01, 1.716173e-01, 6.436893e-08, 3.706639e-06, 2.388175e-06, 2.162431e-03, 2.544723e-07, 4.873668e-03, 8.298099e-07, 3.933179e-04, 7.063120e-06, 6.222399e-03, 1.644971e-02, 5.916368e+00, 1.324884e+05, 1.324972e+05
6.120000e-01, 3.206113e+00, 1.130973e+00, 1.017876e-01, 1.130973e+00, 2.197304e-01, 1.316999e-01, -2.704216e+06, 1.573345e+03, -3.276450e+05, 1.573345e+03, 4.700002e+06, 3.888365e-02, 2.063379e-07, 8.125637e-13, 1.177975e-07, 3.255510e-01, 4.812352e-15, 8.633426e-13, 2.400345e-05, 1.189385e-01, 3.331791e-01, 1.700154e-01, 6.639991e-08, 3.734541e-06, 2.341136e-06, 2.092157e-03, 2.489556e-07, 4.699817e-03, 8.090970e-07, 3.794129e-04, 7.001891e-06, 6.222399e-03, 1.638933e-02, 5.888446e+00, 1.300719e+05, 1.300806e+05
6.240000e-01, 3.260597e+00, 1.130973e+00, 1.017876e-01, 1.130973e+00, 2.207684e-01, 1.316999e-01, -2.704009e+06, 1.575007e+03, -3.276450e+05, 1.575007e+03, 4.700002e+06, 3.947990e-02, 2.121247e-07, 8.173879e-13, 1.193405e-07, 3.240871e-01, 4.870505e-15, 8.675493e-13, 2.397937e-05, 1.173451e-01, 3.374757e-01, 1.684282e-01, 6.847252e-08, 3.763338e-06, 2.295223e-06, 2.024789e-03, 2.436076e-07, 4.532449e-03, 7.888664e-07, 3.659385e-04, 6.941827e-06, 6.222399e-03, 1.632951e-02, 5.860761e+00, 1.276813e+05, 1.276899e+05
6.360000e-01, 3.314826e+00, 1.130973e+00, 1.017876e-01, 1.130973e+00, 2.218073e-01, 1.316999e-01, -2.701939e+06, 1.576676e+03, -3.276450e+05, 1.576676e+03, 4.700002e+06, 4.007579e-02, 2.180514e-07, 8.226067e-13, 1.209189e-07, 3.226248e-01, 4.931109e-15, 8.719933e-13, 2.395327e-05, 1.157477e-01, 3.417512e-01, 1.668555e-01, 7.058764e-08, 3.792996e-06, 2.250402e-06, 1.960138e-03, 2.384168e-07, 4.371216e-03, 7.690943e-07, 3.528713e-04, 6.882771e-06, 6.222399e-03, 1.627024e-02, 5.833309e+00, 1.253158e+05, 1.253244e+05
6.480000e-01, 3.368800e+00, 1.130973e+00, 1.017876e-01, 1.130973e+00, 2.228474e-01, 1.316999e-01, -2.699866e+06, 1.578350e+03, -3.276450e+05, 1.578350e+03, 4.700002e+06, 4.067133e-02, 2.241224e-07, 8.282213e-13, 1.225338e-07, 3.211640e-01, 4.994213e-15, 8.766743e-13, 2.392505e-05, 1.141466e-01, 3.460062e-01, 1.652972e-01, 7.274626e-08, 3.823480e-06, 2.206607e-06, 1.898036e-03, 2.333734e-07, 4.215811e-03, 7.497604e-07, 3.402007e-04, 6.824581e-06, 6.222399e-03, 1.621150e-02, 5.806083e+00, 1.229749e+05, 1.229833e+05
6.600000e-01, 3.422523e+00, 1.130973e+00, 1.017876e-01, 1.130973e+00, 2.238887e-01, 1.316999e-01, -2.697879e+06, 1.580032e+03, -3.276450e+05, 1.580032e+03, 4.700002e+06, 4.126654e-02, 2.303419e-07, 8.342315e-13, 1.241856e-07, 3.197045e-01, 5.059859e-15, 8.815906e-13, 2.389457e-05, 1.125421e-01, 3.502414e-01, 1.637528e-01, 7.494933e-08, 3.854760e-06, 2.163784e-06, 1.838320e-03, 2.284674e-07, 4.065925e-03, 7.308436e-07, 3.279115e-04, 6.767114e-06, 6.222399e-03, 1.615329e-02, 5.779080e+00, 1.206578e+05, 1.206662e+05
6.720000e-01, 3.475997e+00, 1.130973e+00, 1.017876e-01, 1.130973e+00, 2.249312e-01, 1.316999e-01, -2.695733e+06, 1.581719e+03, -3.276450e+05, 1.581719e+03, 4.700002e+06, 4.186144e-02, 2.367140e-07, 8.406370e-13, 1.258752e-07, 3.182460e-01, 5.128086e-15, 8.867404e-13, 2.386169e-05, 1.109344e-01, 3.544574e-01, 1.622223e-01, 7.719779e-08, 3.886803e-06, 2.121884e-06, 1.780843e-03, 2.236896e-07, 3.921283e-03, 7.123241e-07, 3.159907e-04, 6.710241e-06, 6.222399e-03, 1.609560e-02, 5.752294e+00, 1.183640e+05, 1.183724e+05
6.840000e-01, 3.529223e+00, 1.130973e+00, 1.017876e-01, 1.130973e+00, 2.259751e-01, 1.316999e-01, -2.693658e+06, 1.583414e+03, -3.276450e+05, 1.583414e+03, 4.700002e+06, 4.245603e-02, 2.432432e-07, 8.474400e-13, 1.276032e-07, 3.167883e-01, 5.198952e-15, 8.921237e-13, 2.382628e-05, 1.093238e-01, 3.586547e-01, 1.607054e-01, 7.949266e-08, 3.919581e-06, 2.080860e-06, 1.725466e-03, 2.190316e-07, 3.781623e-03, 6.941849e-07, 3.044254e-04, 6.653842e-06, 6.222399e-03, 1.603841e-02, 5.725721e+00, 1.160930e+05, 1.161012e+05
6.960000e-01, 3.582204e+00, 1.130973e+00, 1.017876e-01, 1.130973e+00, 2.270204e-01, 1.316999e-01, -2.691490e+06, 1.585116e+03, -3.276450e+05, 1.585116e+03, 4.700002e+06, 4.305033e-02, 2.499343e-07, 8.546446e-13, 1.293707e-07, 3.153313e-01, 5.272521e-15, 8.977423e-13, 2.378822e-05, 1.077104e-01, 3.628339e-01, 1.592020e-01, 8.183499e-08, 3.953066e-06, 2.040668e-06, 1.672071e-03, 2.144869e-07, 3.646713e-03, 6.764117e-07, 2.932034e-04, 6.597809e-06, 6.222399e-03, 1.598172e-02, 5.699357e+00, 1.138442e+05, 1.138524e+05
7.080000e-01, 3.634941e+00, 1.130973e+00, 1.017876e-01, 1.130973e+00, 2.280673e-01, 1.316999e-01, -2.689257e+06, 1.586826e+03, -3.276450e+05, 1.586826e+03, 4.700002e+06, 4.364432e-02, 2.567924e-07, 8.622585e-13, 1.311788e-07, 3.138749e-01, 5.348876e-15, 9.035974e-13, 2.374740e-05, 1.060946e-01, 3.669953e-01, 1.577118e-01, 8.422591e-08, 3.987236e-06, 2.001277e-06, 1.620535e-03, 2.100451e-07, 3.516322e-03, 6.589824e-07, 2.823159e-04, 6.542057e-06, 6.222399e-03, 1.592552e-02, 5.673197e+00, 1.116172e+05, 1.116253e+05
7.200000e-01, 3.687437e+00, 1.130973e+00, 1.017876e-01, 1.130973e+00, 2.291156e-01, 1.316999e-01, -2.686463e+06, 1.588543e+03, -3.276450e+05, 1.588543e+03, 4.700002e+06, 4.423802e-02, 2.638223e-07, 8.702840e-13, 1.330283e-07, 3.124189e-01, 5.428083e-15, 9.096919e-13, 2.370370e-05, 1.044764e-01, 3.711394e-01, 1.562346e-01, 8.666644e-08, 4.022060e-06, 1.962638e-06, 1.570763e-03, 2.057042e-07, 3.390253e-03, 6.418929e-07, 2.717481e-04, 6.486471e-06, 6.222399e-03, 1.586981e-02, 5.647239e+00, 1.094115e+05, 1.094195e+05
7.320000e-01, 3.739692e+00, 1.130973e+00, 1.017876e-01, 1.130973e+00, 2.301656e-01, 1.316999e-01, -2.683777e+06, 1.590268e+03, -3.276450e+05, 1.590268e+03, 4.700002e+06, 4.483140e-02, 2.710295e-07, 8.787311e-13, 1.349204e-07, 3.109634e-01, 5.510235e-15, 9.160281e-13, 2.365698e-05, 1.028562e-01, 3.752665e-01, 1.547702e-01, 8.915781e-08, 4.057518e-06, 1.924725e-06, 1.522646e-03, 2.014546e-07, 3.268303e-03, 6.251232e-07, 2.614932e-04, 6.430981e-06, 6.222399e-03, 1.581457e-02, 5.621477e+00, 1.072267e+05, 1.072347e+05
7.440000e-01, 3.791710e+00, 1.130973e+00, 1.017876e-01, 1.130973e+00, 2.312172e-01, 1.316999e-01, -2.682134e+06, 1.592002e+03, -3.276450e+05, 1.592002e+03, 4.700002e+06, 4.542447e-02, 2.784195e-07, 8.876082e-13, 1.368565e-07, 3.095082e-01, 5.595428e-15, 9.226103e-13, 2.360713e-05, 1.012342e-01, 3.793771e-01, 1.533185e-01, 9.170118e-08, 4.093588e-06, 1.887505e-06, 1.476099e-03, 1.972921e-07, 3.150297e-03, 6.086642e-07, 2.515419e-04, 6.375504e-06, 6.222399e-03, 1.575980e-02, 5.595909e+00, 1.050625e+05, 1.050704e+05
7.560000e-01, 3.843492e+00, 1.130973e+00, 1.017876e-01, 1.130973e+00, 2.322706e-01, 1.316999e-01, -2.679729e+06, 1.593744e+03, -3.276450e+05, 1.593744e+03, 4.700002e+06, 4.601721e-02, 2.859983e-07, 8.969254e-13, 1.388379e-07, 3.080532e-01, 5.683769e-15, 9.294435e-13, 2.355404e-05, 9.961044e-02, 3.834714e-01, 1.518792e-01, 9.429782e-08, 4.130244e-06, 1.850945e-06, 1.431036e-03, 1.932112e-07, 3.036063e-03, 5.925042e-07, 2.418830e-04, 6.319962e-06, 6.222399e-03, 1.570550e-02, 5.570530e+00, 1.029185e+05, 1.029264e+05
7.680000e-01, 3.895038e+00, 1.130973e+00, 1.017876e-01, 1.130973e+00, 2.333259e-01, 1.316999e-01, -2.676088e+06, 1.595495e+03, -3.276450e+05, 1.595495e+03, 4.700002e+06, 4.660960e-02, 2.937718e-07, 9.066946e-13, 1.408660e-07, 3.065985e-01, 5.775372e-15, 9.365331e-13, 2.349759e-05, 9.798525e-02, 3.875496e-01, 1.504522e-01, 9.694903e-08, 4.167467e-06, 1.815015e-06, 1.387380e-03, 1.892071e-07, 2.925442e-03, 5.766329e-07, 2.325070e-04, 6.264287e-06, 6.222399e-03, 1.565165e-02, 5.545337e+00, 1.007944e+05, 1.008021e+05
7.800000e-01, 3.946353e+00, 1.130973e+00, 1.017876e-01, 1.130973e+00, 2.343830e-01, 1.316999e-01, -2.673433e+06, 1.597256e+03, -3.276450e+05, 1.597256e+03, 4.700002e+06, 4.720164e-02, 3.017467e-07, 9.169287e-13, 1.429423e-07, 3.051441e-01, 5.870362e-15, 9.438849e-13, 2.343767e-05, 9.635878e-02, 3.916121e-01, 1.490374e-01, 9.965613e-08, 4.205236e-06, 1.779694e-06, 1.345056e-03, 1.852749e-07, 2.818288e-03, 5.610406e-07, 2.234088e-04, 6.208414e-06, 6.222399e-03, 1.559826e-02, 5.520327e+00, 9.868975e+04, 9.869746e+04
7.920000e-01, 3.997435e+00, 1.130973e+00, 1.017876e-01, 1.130973e+00, 2.354420e-01, 1.316999e-01, -2.669896e+06, 1.599027e+03, -3.276450e+05, 1.599027e+03, 4.700002e+06, 4.779329e-02, 3.099295e-07, 9.276424e-13, 1.450686e-07, 3.036898e-01, 5.968875e-15, 9.515064e-13, 2.337416e-05, 9.473123e-02, 3.956590e-01, 1.476344e-01, 1.024206e-07, 4.243532e-06, 1.744954e-06, 1.303997e-03, 1.814106e-07, 2.714458e-03, 5.457184e-07, 2.145778e-04, 6.152286e-06, 6.222399e-03, 1.554531e-02, 5.495497e+00, 9.660440e+04, 9.661205e+04
8.040000e-01, 4.048289e+00, 1.130973e+00, 1.017876e-01, 1.130973e+00, 2.365030e-01, 1.316999e-01, -2.666777e+06, 1.600809e+03, -3.276450e+05, 1.600809e+03, 4.700002e+06, 4.838453e-02, 3.183273e-07, 9.388517e-13, 1.472467e-07, 3.022359e-01, 6.071059e-15, 9.594053e-13, 2.330693e-05, 9.310277e-02, 3.996905e-01, 1.462433e-01, 1.052438e-07, 4.282334e-06, 1.710773e-06, 1.264140e-03, 1.776101e-07, 2.613823e-03, 5.306581e-07, 2.060085e-04, 6.095839e-06, 6.222399e-03, 1.549281e-02, 5.470842e+00, 9.453804e+04, 9.454562e+04
8.160000e-01, 4.098915e+00, 1.130973e+00, 1.017876e-01, 1.130973e+00, 2.375661e-01, 1.316999e-01, -2.663523e+06, 1.602601e+03, -3.276450e+05, 1.602601e+03, 4.700002e+06, 4.897535e-02, 3.269476e-07, 9.505740e-13, 1.494782e-07, 3.007821e-01, 6.177070e-15, 9.675901e-13, 2.323589e-05, 9.147361e-02, 4.037069e-01, 1.448637e-01, 1.081273e-07, 4.321623e-06, 1.677127e-06, 1.225425e-03, 1.738697e-07, 2.516261e-03, 5.158520e-07, 1.976928e-04, 6.039022e-06, 6.222399e-03, 1.544075e-02, 5.446361e+00, 9.249040e+04, 9.249793e+04
8.280000e-01, 4.149314e+00, 1.130973e+00, 1.017876e-01, 1.130973e+00, 2.386312e-01, 1.316999e-01, -2.659960e+06, 1.604404e+03, -3.276450e+05, 1.604404e+03, 4.700002e+06, 4.956570e-02, 3.357980e-07, 9.628285e-13, 1.517654e-07, 2.993287e-01, 6.287078e-15, 9.760703e-13, 2.316089e-05, 8.984391e-02, 4.077081e-01, 1.434956e-01, 1.110727e-07, 4.361382e-06, 1.643997e-06, 1.187798e-03, 1.701858e-07, 2.421653e-03, 5.012927e-07, 1.896237e-04, 5.981783e-06, 6.222399e-03, 1.538913e-02, 5.422050e+00, 9.046127e+04, 9.046873e+04
8.400000e-01, 4.199489e+00, 1.130973e+00, 1.017876e-01, 1.130973e+00, 2.396986e-01, 1.316999e-01, -2.656195e+06, 1.606219e+03, -3.276450e+05, 1.606219e+03, 4.700002e+06, 5.015556e-02, 3.448867e-07, 9.756360e-13, 1.541104e-07, 2.978757e-01, 6.401266e-15, 9.848563e-13, 2.308183e-05, 8.821387e-02, 4.116945e-01, 1.421389e-01, 1.140816e-07, 4.401591e-06, 1.611361e-06, 1.151207e-03, 1.665551e-07, 2.329891e-03, 4.869737e-07, 1.817948e-04, 5.924072e-06, 6.222399e-03, 1.533793e-02, 5.397906e+00, 8.845040e+04, 8.845780e+04
8.520000e-01, 4.249440e+00, 1.130973e+00, 1.017876e-01, 1.130973e+00, 2.407682e-01, 1.316999e-01, -2.652482e+06, 1.608047e+03, -3.276450e+05, 1.608047e+03, 4.700002e+06, 5.074490e-02, 3.542223e-07, 9.890193e-13, 1.565153e-07, 2.964230e-01, 6.519831e-15, 9.939592e-13, 2.299857e-05, 8.658366e-02, 4.156659e-01, 1.407932e-01, 1.171559e-07, 4.442232e-06, 1.579201e-06, 1.115602e-03, 1.629745e-07, 2.240872e-03, 4.728887e-07, 1.742000e-04, 5.865843e-06, 6.222399e-03, 1.528716e-02, 5.373926e+00, 8.645760e+04, 8.646494e+04
8.640000e-01, 4.299170e+00, 1.130973e+00, 1.017876e-01, 1.130973e+00, 2.418401e-01, 1.316999e-01, -2.648813e+06, 1.609887e+03, -3.276450e+05, 1.609887e+03, 4.700002e+06, 5.133369e-02, 3.638139e-07, 1.003003e-12, 1.589827e-07, 2.949709e-01, 6.642987e-15, 1.003391e-12, 2.291100e-05, 8.495348e-02, 4.196226e-01, 1.394586e-01, 1.202972e-07, 4.483288e-06, 1.547500e-06, 1.080939e-03, 1.594411e-07, 2.154500e-03, 4.590319e-07, 1.668335e-04, 5.807049e-06, 6.222399e-03, 1.523682e-02, 5.350107e+00, 8.448266e+04, 8.448995e+04
8.760000e-01, 4.348680e+00, 1.130973e+00, 1.017876e-01, 1.130973e+00, 2.429144e-01, 1.316999e-01, -2.644283e+06, 1.611740e+03, -3.276450e+05, 1.611740e+03, 4.700002e+06, 5.192187e-02, 3.736708e-07, 1.017614e-12, 1.615152e-07, 2.935193e-01, 6.770963e-15, 1.013166e-12, 2.281898e-05, 8.332350e-02, 4.235646e-01, 1.381349e-01, 1.235075e-07, 4.524741e-06, 1.516240e-06, 1.047176e-03, 1.559521e-07, 2.070681e-03, 4.453981e-07, 1.596883e-04, 5.747651e-06, 6.222399e-03, 1.518690e-02, 5.326447e+00, 8.252542e+04, 8.253265e+04
8.880000e-01, 4.397971e+00, 1.130973e+00, 1.017876e-01, 1.130973e+00, 2.439911e-01, 1.316999e-01, -2.638363e+06, 1.613607e+03, -3.276450e+05, 1.613607e+03, 4.700002e+06, 5.250942e-02, 3.838032e-07, 1.032882e-12, 1.641155e-07, 2.920684e-01, 6.904007e-15, 1.023299e-12, 2.272240e-05, 8.169392e-02, 4.274919e-01, 1.368218e-01, 1.267888e-07, 4.566575e-06, 1.485407e-06, 1.014273e-03, 1.525051e-07, 1.989329e-03, 4.319821e-07, 1.527584e-04, 5.687609e-06, 6.222399e-03, 1.513740e-02, 5.302942e+00, 8.058571e+04, 8.059287e+04
9.000000e-01, 4.447045e+00, 1.130973e+00, 1.017876e-01, 1.130973e+00, 2.450703e-01, 1.316999e-01, -2.637169e+06, 1.615489e+03, -3.276450e+05, 1.615489e+03, 4.700002e+06, 5.309629e-02, 3.942214e-07, 1.048837e-12, 1.667865e-07, 2.906182e-01, 7.042375e-15, 1.033802e-12, 2.262107e-05, 8.006492e-02, 4.314046e-01, 1.355194e-01, 1.301432e-07, 4.608768e-06, 1.454978e-06, 9.821879e-04, 1.490971e-07, 1.910364e-03, 4.187795e-07, 1.460451e-04, 5.626868e-06, 6.222399e-03, 1.508832e-02, 5.279590e+00, 7.866336e+04, 7.867047e+04
9.120000e-01, 4.495903e+00, 1.130973e+00, 1.017876e-01, 1.130973e+00, 2.461520e-01, 1.316999e-01, -2.630812e+06, 1.617386e+03, -3.276450e+05, 1.617386e+03, 4.700002e+06, 5.368244e-02, 4.049365e-07, 1.065513e-12, 1.695314e-07, 2.891689e-01, 7.186360e-15, 1.044695e-12, 2.251493e-05, 7.843669e-02, 4.353025e-01, 1.342275e-01, 1.335727e-07, 4.651308e-06, 1.424949e-06, 9.508928e-04, 1.457264e-07, 1.833706e-03, 4.057858e-07, 1.395328e-04, 5.565412e-06, 6.222399e-03, 1.503965e-02, 5.256388e+00, 7.675825e+04, 7.676530e+04
9.240000e-01, 4.544546e+00, 1.130973e+00, 1.017876e-01, 1.130973e+00, 2.472364e-01, 1.316999e-01, -2.625760e+06, 1.619299e+03, -3.276450e+05, 1.619299e+03, 4.700002e+06, 5.426781e-02, 4.159606e-07, 1.082949e-12, 1.723536e-07, 2.877206e-01, 7.336276e-15, 1.055995e-12, 2.240380e-05, 7.680942e-02, 4.391857e-01, 1.329459e-01, 1.370799e-07, 4.694176e-06, 1.395299e-06, 9.203509e-04, 1.423906e-07, 1.759284e-03, 3.929976e-07, 1.332234e-04, 5.503193e-06, 6.222399e-03, 1.499140e-02, 5.233333e+00, 7.487024e+04, 7.487724e+04
9.360000e-01, 4.592976e+00, 1.130973e+00, 1.017876e-01, 1.130973e+00, 2.483235e-01, 1.316999e-01, -2.620463e+06, 1.621228e+03, -3.276450e+05, 1.621228e+03, 4.700002e+06, 5.485236e-02, 4.273060e-07, 1.101183e-12, 1.752567e-07, 2.862735e-01, 7.492455e-15, 1.067723e-12, 2.228754e-05, 7.518330e-02, 4.430542e-01, 1.316745e-01, 1.406670e-07, 4.737354e-06, 1.366017e-06, 8.905325e-04, 1.390878e-07, 1.687030e-03, 3.804113e-07, 1.271108e-04, 5.440176e-06, 6.222399e-03, 1.494355e-02, 5.210422e+00, 7.299921e+04, 7.300614e+04
9.480000e-01, 4.641195e+00, 1.130973e+00, 1.017876e-01, 1.130973e+00, 2.494134e-01, 1.316999e-01, -2.614913e+06, 1.623175e+03, -3.276450e+05, 1.623175e+03, 4.700002e+06, 5.543604e-02, 4.389860e-07, 1.120261e-12, 1.782445e-07, 2.848276e-01, 7.655263e-15, 1.079900e-12, 2.216601e-05, 7.355854e-02, 4.469078e-01, 1.304132e-01, 1.443366e-07, 4.780826e-06, 1.337088e-06, 8.614064e-04, 1.358159e-07, 1.616874e-03, 3.680231e-07, 1.211900e-04, 5.376326e-06, 6.222399e-03, 1.489611e-02, 5.187654e+00, 7.114505e+04, 7.115192e+04
9.600000e-01, 4.689203e+00, 1.130973e+00, 1.017876e-01, 1.130973e+00, 2.505062e-01, 1.316999e-01, -2.609478e+06, 1.625140e+03, -3.276450e+05, 1.625140e+03, 4.700002e+06, 5.601878e-02, 4.510143e-07, 1.140227e-12, 1.813211e-07, 2.833831e-01, 7.825079e-15, 1.092547e-12, 2.203906e-05, 7.193533e-02, 4.507466e-01, 1.291619e-01, 1.480914e-07, 4.824574e-06, 1.308501e-06, 8.329464e-04, 1.325730e-07, 1.548759e-03, 3.558306e-07, 1.154572e-04, 5.311610e-06, 6.222399e-03, 1.484909e-02, 5.165024e+00, 6.930766e+04, 6.931448e+04
9.720000e-01, 4.737001e+00, 1.130973e+00, 1.017876e-01, 1.130973e+00, 2.516019e-01, 1.316999e-01, -2.603578e+06, 1.627123e+03, -3.276450e+05, 1.627123e+03, 4.700002e+06, 5.660053e-02, 4.634056e-07, 1.161133e-12, 1.844908e-07, 2.819402e-01, 8.002323e-15, 1.105690e-12, 2.190650e-05, 7.031389e-02, 4.545703e-01, 1.279205e-01, 1.519341e-07, 4.868581e-06, 1.280243e-06, 8.051253e-04, 1.293574e-07, 1.482621e-03, 3.438305e-07, 1.099076e-04, 5.245991e-06, 6.222399e-03, 1.480246e-02, 5.142531e+00, 6.748695e+04, 6.749372e+04
9.840000e-01, 4.784592e+00, 1.130973e+00, 1.017876e-01, 1.130973e+00, 2.527006e-01, 1.316999e-01, -2.597488e+06, 1.629126e+03, -3.276450e+05, 1.629126e+03, 4.700002e+06, 5.718124e-02, 4.761754e-07, 1.183031e-12, 1.877583e-07, 2.804990e-01, 8.187446e-15, 1.119353e-12, 2.176819e-05, 6.869443e-02, 4.583788e-01, 1.266889e-01, 1.558677e-07, 4.912828e-06, 1.252303e-06, 7.779189e-04, 1.261675e-07, 1.418407e-03, 3.320204e-07, 1.045375e-04, 5.179437e-06, 6.222399e-03, 1.475625e-02, 5.120172e+00, 6.568287e+04, 6.568957e+04
9.960000e-01, 4.831976e+00, 1.130973e+00, 1.017876e-01, 1.130973e+00, 2.538024e-01, 1.316999e-01, -2.590834e+06, 1.631150e+03, -3.276450e+05, 1.631150e+03, 4.700002e+06, 5.776082e-02, 4.893405e-07, 1.205984e-12, 1.911285e-07, 2.790598e-01, 8.380950e-15, 1.133566e-12, 2.162395e-05, 6.707717e-02, 4.621720e-01, 1.254669e-01, 1.598953e-07, 4.957297e-06, 1.224668e-06, 7.513047e-04, 1.230016e-07, 1.356064e-03, 3.203984e-07, 9.934273e-05, 5.111916e-06, 6.222399e-03, 1.471044e-02, 5.097944e+00, 6.389534e+04, 6.390199e+04
1.008000e+00, 4.879154e+00, 1.130973e+00, 1.017876e-01, 1.130973e+00, 2.549074e-01, 1.316999e-01, -2.584274e+06, 1.633195e+03, -3.276450e+05, 1.633195e+03, 4.700002e+06, 5.833921e-02, 5.029186e-07, 1.230057e-12, 1.946071e-07, 2.776227e-01, 8.583370e-15, 1.148361e-12, 2.147362e-05, 6.546234e-02, 4.659497e-01, 1.242545e-01, 1.640203e-07, 5.001972e-06, 1.197330e-06, 7.252617e-04, 1.198586e-07, 1.295544e-03, 3.089626e-07, 9.431984e-05, 5.043398e-06, 6.222399e-03, 1.466503e-02, 5.075845e+00, 6.212431e+04, 6.213090e+04
1.020000e+00, 4.926128e+00, 1.130973e+00, 1.017876e-01, 1.130973e+00, 2.560157e-01, 1.316999e-01, -2.576999e+06, 1.635262e+03, -3.276450e+05, 1.635262e+03, 4.700002e+06, 5.891634e-02, 5.169285e-07, 1.255319e-12, 1.981996e-07, 2.761880e-01, 8.795295e-15, 1.163770e-12, 2.131701e-05, 6.385016e-02, 4.697117e-01, 1.230516e-01, 1.682460e-07, 5.046833e-06, 1.170277e-06, 6.997690e-04, 1.167369e-07, 1.236797e-03, 2.977113e-07, 8.946500e-05, 4.973851e-06, 6.222399e-03, 1.462003e-02, 5.053872e+00, 6.036975e+04, 6.037629e+04
1.032000e+00, 4.972898e+00, 1.130973e+00, 1.017876e-01, 1.130973e+00, 2.571274e-01, 1.316999e-01, -2.569859e+06, 1.637353e+03, -3.276450e+05, 1.637353e+03, 4.700002e+06, 5.949214e-02, 5.313893e-07, 1.281845e-12, 2.019120e-07, 2.747558e-01, 9.017325e-15, 1.179828e-12, 2.115392e-05, 6.224089e-02, 4.734578e-01, 1.218580e-01, 1.725761e-07, 5.091861e-06, 1.143497e-06, 6.748066e-04, 1.136351e-07, 1.179779e-03, 2.866427e-07, 8.477462e-05, 4.903239e-06, 6.222399e-03, 1.457543e-02, 5.032022e+00, 5.863162e+04, 5.863810e+04
1.044000e+00, 5.019467e+00, 1.130973e+00, 1.017876e-01, 1.130973e+00, 2.582425e-01, 1.316999e-01, -2.562714e+06, 1.639467e+03, -3.276450e+05, 1.639467e+03, 4.700002e+06, 6.006652e-02, 5.463219e-07, 1.309714e-12, 2.057507e-07, 2.733264e-01, 9.250130e-15, 1.196571e-12, 2.098413e-05, 6.063477e-02, 4.771877e-01, 1.206738e-01, 1.770143e-07, 5.137037e-06, 1.116981e-06, 6.503558e-04, 1.105519e-07, 1.124445e-03, 2.757555e-07, 8.024535e-05, 4.831530e-06, 6.222399e-03, 1.453124e-02, 5.010293e+00, 5.690992e+04, 5.691634e+04
1.056000e+00, 5.065835e+00, 1.130973e+00, 1.017876e-01, 1.130973e+00, 2.593612e-01, 1.316999e-01, -2.554710e+06, 1.641608e+03, -3.276450e+05, 1.641608e+03, 4.700002e+06, 6.063939e-02, 5.617492e-07, 1.339020e-12, 2.097229e-07, 2.719000e-01, 9.494475e-15, 1.214041e-12, 2.080744e-05, 5.903208e-02, 4.809010e-01, 1.194989e-01, 1.815647e-07, 5.182339e-06, 1.090718e-06, 6.264006e-04, 1.074861e-07, 1.070759e-03, 2.650488e-07, 7.587392e-05, 4.758692e-06, 6.222399e-03, 1.448745e-02, 4.988683e+00, 5.520464e+04, 5.521101e+04
1.068000e+00, 5.112002e+00, 1.130973e+00, 1.017876e-01, 1.130973e+00, 2.604834e-01, 1.316999e-01, -2.546922e+06, 1.643774e+03, -3.276450e+05, 1.643774e+03, 4.700002e+06, 6.121066e-02, 5.776944e-07, 1.369857e-12, 2.138360e-07, 2.704770e-01, 9.751138e-15, 1.232283e-12, 2.062364e-05, 5.743309e-02, 4.845976e-01, 1.183331e-01, 1.862315e-07, 5.227749e-06, 1.064699e-06, 6.029248e-04, 1.044368e-07, 1.018679e-03, 2.545218e-07, 7.165710e-05, 4.684695e-06, 6.222399e-03, 1.444407e-02, 4.967189e+00, 5.351580e+04, 5.352211e+04
1.080000e+00, 5.157971e+00, 1.130973e+00, 1.017876e-01, 1.130973e+00, 2.616095e-01, 1.316999e-01, -2.539001e+06, 1.645969e+03, -3.276450e+05, 1.645969e+03, 4.700002e+06, 6.178023e-02, 5.941835e-07, 1.402335e-12, 2.180984e-07, 2.690575e-01, 1.002102e-14, 1.251347e-12, 2.043250e-05, 5.583809e-02, 4.882770e-01, 1.171765e-01, 1.910194e-07, 5.273246e-06, 1.038916e-06, 5.799140e-04, 1.014029e-07, 9.681722e-04, 2.441741e-07, 6.759185e-05, 4.609509e-06, 6.222399e-03, 1.440110e-02, 4.945809e+00, 5.184344e+04, 5.184969e+04
1.092000e+00, 5.203742e+00, 1.130973e+00, 1.017876e-01, 1.130973e+00, 2.627394e-01, 1.316999e-01, -2.529584e+06, 1.648193e+03, -3.276450e+05, 1.648193e+03, 4.700002e+06, 6.234801e-02, 6.112449e-07, 1.436577e-12, 2.225193e-07, 2.676419e-01, 1.030515e-14, 1.271288e-12, 2.023381e-05, 5.424739e-02, 4.919387e-01, 1.160288e-01, 1.959334e-07, 5.318807e-06, 1.013359e-06, 5.573561e-04, 9.838390e-08, 9.192054e-04, 2.340058e-07, 6.367522e-05, 4.533106e-06, 6.222399e-03, 1.435854e-02, 4.924539e+00, 5.018760e+04, 5.019379e+04
1.104000e+00, 5.249317e+00, 1.130973e+00, 1.017876e-01, 1.130973e+00, 2.638734e-01, 1.316999e-01, -2.520558e+06, 1.650447e+03, -3.276450e+05, 1.650447e+03, 4.700002e+06, 6.291387e-02, 6.289083e-07, 1.472713e-12, 2.271085e-07, 2.662305e-01, 1.060458e-14, 1.292166e-12, 2.002737e-05, 5.266129e-02, 4.955826e-01, 1.148902e-01, 2.009789e-07, 5.364412e-06, 9.880205e-07, 5.352397e-04, 9.537927e-08, 8.717470e-04, 2.240171e-07, 5.990426e-05, 4.455463e-06, 6.222399e-03, 1.431639e-02, 4.903377e+00, 4.854832e+04, 4.855445e+04
1.116000e+00, 5.294695e+00, 1.130973e+00, 1.017876e-01, 1.130973e+00, 2.650116e-01, 1.316999e-01, -2.508980e+06, 1.652734e+03, -3.276450e+05, 1.652734e+03, 4.700002e+06, 6.347773e-02, 6.472120e-07, 1.510917e-12, 2.318793e-07, 2.648237e-01, 1.092073e-14, 1.314065e-12, 1.981306e-05, 5.108009e-02, 4.992081e-01, 1.137604e-01, 2.061627e-07, 5.410040e-06, 9.628977e-07, 5.135596e-04, 9.238963e-08, 8.257723e-04, 2.142097e-07, 5.627629e-05, 4.376569e-06, 6.222399e-03, 1.427466e-02, 4.882318e+00, 4.692567e+04, 4.693175e+04
1.128000e+00, 5.339879e+00, 1.130973e+00, 1.017876e-01, 1.130973e+00, 2.661542e-01, 1.316999e-01, -2.497270e+06, 1.655055e+03, -3.276450e+05, 1.655055e+03, 4.700002e+06, 6.403944e-02, 6.661881e-07, 1.551341e-12, 2.368423e-07, 2.634218e-01, 1.125485e-14, 1.337048e-12, 1.959058e-05, 4.950414e-02, 5.028148e-01, 1.126393e-01, 2.114903e-07, 5.455670e-06, 9.379790e-07, 4.923029e-04, 8.941396e-08, 7.812512e-04, 2.045839e-07, 5.278847e-05, 4.296387e-06, 6.222399e-03, 1.423334e-02, 4.861358e+00, 4.531972e+04, 4.532574e+04
1.140000e+00, 5.384869e+00, 1.130973e+00, 1.017876e-01, 1.130973e+00, 2.673013e-01, 1.316999e-01, -2.486379e+06, 1.657412e+03, -3.276450e+05, 1.657412e+03, 4.700002e+06, 6.459890e-02, 6.858730e-07, 1.594157e-12, 2.420098e-07, 2.620252e-01, 1.160836e-14, 1.361189e-12, 1.935965e-05, 4.793378e-02, 5.064022e-01, 1.115270e-01, 2.169679e-07, 5.501277e-06, 9.132550e-07, 4.714585e-04, 8.645159e-08, 7.381555e-04, 1.951401e-07, 4.943808e-05, 4.214886e-06, 6.222399e-03, 1.419244e-02, 4.840495e+00, 4.373056e+04, 4.373652e+04
1.152000e+00, 5.429666e+00, 1.130973e+00, 1.017876e-01, 1.130973e+00, 2.684531e-01, 1.316999e-01, -2.474780e+06, 1.659807e+03, -3.276450e+05, 1.659807e+03, 4.700002e+06, 6.515596e-02, 7.063047e-07, 1.639546e-12, 2.473941e-07, 2.606342e-01, 1.198276e-14, 1.386566e-12, 1.911991e-05, 4.636940e-02, 5.099698e-01, 1.104235e-01, 2.226021e-07, 5.546832e-06, 8.887153e-07, 4.510145e-04, 8.350149e-08, 6.964563e-04, 1.858779e-07, 4.622244e-05, 4.132023e-06, 6.222399e-03, 1.415196e-02, 4.819728e+00, 4.215831e+04, 4.216421e+04
1.164000e+00, 5.474270e+00, 1.130973e+00, 1.017876e-01, 1.130973e+00, 2.696096e-01, 1.316999e-01, -2.463278e+06, 1.662240e+03, -3.276450e+05, 1.662240e+03, 4.700002e+06, 6.571049e-02, 7.275263e-07, 1.687725e-12, 2.530103e-07, 2.592493e-01, 1.237985e-14, 1.413272e-12, 1.887109e-05, 4.481140e-02, 5.135168e-01, 1.093286e-01, 2.284001e-07, 5.592309e-06, 8.643518e-07, 4.309640e-04, 8.056348e-08, 6.561323e-04, 1.767988e-07, 4.313906e-05, 4.047771e-06, 6.222399e-03, 1.411192e-02, 4.799053e+00, 4.060311e+04, 4.060894e+04
1.176000e+00, 5.518684e+00, 1.130973e+00, 1.017876e-01, 1.130973e+00, 2.707711e-01, 1.316999e-01, -2.451334e+06, 1.664715e+03, -3.276450e+05, 1.664715e+03, 4.700002e+06, 6.626232e-02, 7.495837e-07, 1.738927e-12, 2.588740e-07, 2.578709e-01, 1.280154e-14, 1.441406e-12, 1.861286e-05, 4.326023e-02, 5.170426e-01, 1.082424e-01, 2.343696e-07, 5.637681e-06, 8.401555e-07, 4.112990e-04, 7.763713e-08, 6.171599e-04, 1.679038e-07, 4.018544e-05, 3.962098e-06, 6.222399e-03, 1.407230e-02, 4.778467e+00, 3.906513e+04, 3.907090e+04
1.188000e+00, 5.562907e+00, 1.130973e+00, 1.017876e-01, 1.130973e+00, 2.719376e-01, 1.316999e-01, -2.436080e+06, 1.667232e+03, -3.276450e+05, 1.667232e+03, 4.700002e+06, 6.681129e-02, 7.725275e-07, 1.793421e-12, 2.650031e-07, 2.564995e-01, 1.325006e-14, 1.471078e-12, 1.834488e-05, 4.171636e-02, 5.205465e-01, 1.071649e-01, 2.405189e-07, 5.682914e-06, 8.161169e-07, 3.920108e-04, 7.472212e-08, 5.795146e-04, 1.591938e-07, 3.735911e-05, 3.874968e-06, 6.222399e-03, 1.403312e-02, 4.757969e+00, 3.754456e+04, 3.755028e+04
1.200000e+00, 5.606940e+00, 1.130973e+00, 1.017876e-01, 1.130973e+00, 2.731095e-01, 1.316999e-01, -2.420640e+06, 1.669795e+03, -3.276450e+05, 1.669795e+03, 4.700002e+06, 6.735722e-02, 7.964141e-07, 1.851507e-12, 2.714177e-07, 2.551356e-01, 1.372789e-14, 1.502421e-12, 1.806692e-05, 4.018027e-02, 5.240277e-01, 1.060960e-01, 2.468576e-07, 5.727983e-06, 7.922330e-07, 3.731013e-04, 7.181945e-08, 5.431876e-04, 1.506728e-07, 3.465799e-05, 3.786376e-06, 6.222399e-03, 1.399439e-02, 4.737552e+00, 3.604164e+04, 3.604730e+04
