Distance_PFRC2_(m), Plug_flow_residence_time_PFRC2_(sec), Internal_surface_area_per_unit_distance_PFRC2_(m), Cross-section_area_PFRC2_(m2), External_surface_area_per_unit_distance_PFRC2_(m), Velocity_PFRC2_(m/sec), Exit_mass_flow_rate_PFRC2_(kg/sec), Volumetric_heat_production_rate_PFRC2_(J/m3-sec), Surface_temperature_PFRC2_(K), Heat_loss_rate_PFRC2_(J/m-sec), Temperature_PFRC2_(K), Pressure_PFRC2_(Pa), Mole_fraction_BUTA123TRIENE_PFRC2_(), Mole_fraction_C2H2_PFRC2_(), Mole_fraction_C2H3_PFRC2_(), Mole_fraction_C2H3OH_PFRC2_(), Mole_fraction_C2H4_PFRC2_(), Mole_fraction_C2H5_PFRC2_(), Mole_fraction_C2H6_PFRC2_(), Mole_fraction_C3H3_PFRC2_(), Mole_fraction_C3H4-A_PFRC2_(), Mole_fraction_C3H4-P_PFRC2_(), Mole_fraction_C3H5-A_PFRC2_(), Mole_fraction_C3H6_PFRC2_(), Mole_fraction_C4H2_PFRC2_(), Mole_fraction_C4H4_PFRC2_(), Mole_fraction_C4H6_PFRC2_(), Mole_fraction_C5H6-L_PFRC2_(), Mole_fraction_C6H6_PFRC2_(), Mole_fraction_CH2CO_PFRC2_(), Mole_fraction_CH2O_PFRC2_(), Mole_fraction_CH3_PFRC2_(), Mole_fraction_CH3CHO_PFRC2_(), Mole_fraction_CH3COCHO_PFRC2_(), Mole_fraction_CH3OH_PFRC2_(), Mole_fraction_CH4_PFRC2_(), Mole_fraction_CO_PFRC2_(), Mole_fraction_CO2_PFRC2_(), Mole_fraction_H_PFRC2_(), Mole_fraction_H2_PFRC2_(), Mole_fraction_H2CC_PFRC2_(), Mole_fraction_H2O_PFRC2_(), Mole_fraction_HCCOH_PFRC2_(), Mole_fraction_HCN_PFRC2_(), Mole_fraction_HCO_PFRC2_(), Mole_fraction_HO2_PFRC2_(), Mole_fraction_HOCHO_PFRC2_(), Mole_fraction_N2_PFRC2_(), Mole_fraction_NH3_PFRC2_(), Mole_fraction_O2_PFRC2_(), Mole_fraction_OH_PFRC2_(), Molecular_weight_PFRC2_(kg/mole), Mass_density_PFRC2_(kg/m3), Unburned_hydrocarbons_PFRC2_(ppm), Volatile_organic_compounds_PFRC2_(ppm)
1.350000e-01, 0.000000e+00, 1.130973e+00, 1.017876e-01, 1.130973e+00, 2.936432e-01, 1.314957e-01, 3.385902e+07, 1.826122e+03, 0.000000e+00, 1.826122e+03, 4.700000e+06, 1.224013e-08, 6.560855e-04, 2.555511e-07, 4.427151e-07, 2.832194e-04, 9.934445e-08, 7.816938e-06, 3.381889e-07, 1.377816e-06, 3.454797e-06, 4.884189e-08, 1.212484e-06, 2.792613e-07, 3.661514e-07, 2.612271e-08, 5.114835e-05, 4.912049e-08, 2.022487e-06, 2.456079e-06, 4.007991e-05, 1.315545e-07, 2.151377e-07, 6.564013e-07, 2.050638e-02, 2.768404e-01, 3.127908e-02, 4.443014e-05, 4.618425e-01, 2.169434e-08, 2.048052e-01, 5.664283e-08, 1.496768e-08, 3.232492e-07, 2.969128e-08, 2.906275e-07, 3.615803e-03, 4.766276e-08, 1.206643e-05, 1.579907e-06, 1.421226e-02, 4.399433e+00, 2.271969e+04, 2.272947e+04
1.350154e-01, 5.231230e-05, 1.130973e+00, 1.017876e-01, 1.130973e+00, 2.936521e-01, 1.314957e-01, -3.125702e+07, 1.826082e+03, 2.501106e+04, 1.826082e+03, 4.700011e+06, 1.223405e-08, 6.553541e-04, 2.532710e-07, 4.400415e-07, 2.824801e-04, 9.816998e-08, 7.686944e-06, 3.358020e-07, 1.375792e-06, 3.448981e-06, 4.841753e-08, 1.205890e-06, 2.788782e-07, 3.659136e-07, 2.593595e-08, 5.115133e-05, 4.905600e-08, 2.009238e-06, 2.446052e-06, 3.972224e-05, 1.306164e-07, 2.151358e-07, 6.499755e-07, 2.047483e-02, 2.768588e-01, 3.127778e-02, 4.409974e-05, 4.618943e-01, 2.165825e-08, 2.047810e-01, 5.653059e-08, 1.496886e-08, 3.209122e-07, 3.387585e-09, 2.906875e-07, 3.615605e-03, 4.766585e-08, 1.379258e-06, 1.566919e-06, 1.421149e-02, 4.399300e+00, 2.268453e+04, 2.269426e+04
1.351820e-01, 6.198848e-04, 1.130973e+00, 1.017876e-01, 1.130973e+00, 2.935693e-01, 1.314957e-01, -3.515791e+07, 1.824375e+03, 2.501106e+04, 1.824375e+03, 4.700011e+06, 1.151608e-08, 6.327457e-04, 2.435136e-07, 4.248510e-07, 2.757662e-04, 9.530678e-08, 7.485759e-06, 3.146480e-07, 1.303497e-06, 3.268991e-06, 4.590493e-08, 1.154954e-06, 2.596281e-07, 3.448142e-07, 2.447071e-08, 5.117294e-05, 4.698973e-08, 1.953790e-06, 2.440644e-06, 3.855140e-05, 1.275913e-07, 2.149967e-07, 6.316680e-07, 2.016825e-02, 2.770483e-01, 3.124043e-02, 4.350290e-05, 4.625513e-01, 2.067839e-08, 2.043140e-01, 5.401208e-08, 1.498077e-08, 3.182212e-07, 1.535167e-13, 2.909114e-07, 3.613246e-03, 4.769642e-08, 2.324596e-11, 1.534235e-06, 1.420221e-02, 4.400540e+00, 2.231664e+04, 2.232619e+04
1.371837e-01, 7.447327e-03, 1.130973e+00, 1.017876e-01, 1.130973e+00, 2.928466e-01, 1.314957e-01, -2.089059e+07, 1.809595e+03, 2.501106e+04, 1.809595e+03, 4.700011e+06, 4.687231e-09, 3.891448e-04, 1.458828e-07, 2.653382e-07, 1.894603e-04, 6.349578e-08, 5.514294e-06, 1.484264e-07, 6.757677e-07, 1.700576e-06, 2.420935e-08, 6.663448e-07, 9.610678e-08, 1.428210e-07, 1.111910e-08, 5.057493e-05, 1.527729e-08, 1.502249e-06, 2.414671e-06, 2.969908e-05, 9.378332e-08, 2.137809e-07, 4.939830e-07, 1.761276e-02, 2.787704e-01, 3.089246e-02, 3.878642e-05, 4.682036e-01, 1.154327e-08, 2.002141e-01, 3.037938e-08, 1.482905e-08, 2.969952e-07, 1.019539e-13, 2.926474e-07, 3.592817e-03, 4.827810e-08, 1.325824e-11, 1.282221e-06, 1.412192e-02, 4.411400e+00, 1.907484e+04, 1.908284e+04
1.442291e-01, 3.157231e-02, 1.130973e+00, 1.017876e-01, 1.130973e+00, 2.914044e-01, 1.314957e-01, -8.325450e+06, 1.783985e+03, 2.501106e+04, 1.783985e+03, 4.700011e+06, 7.650038e-10, 1.472997e-04, 5.265603e-08, 1.036460e-07, 8.721129e-05, 2.768370e-08, 2.902830e-06, 3.365417e-08, 1.809415e-07, 4.580688e-07, 6.673765e-09, 2.152787e-07, 1.328201e-08, 2.405661e-08, 2.225596e-09, 4.644442e-05, 1.520641e-09, 9.200305e-07, 2.402171e-06, 1.787188e-05, 5.222619e-08, 2.117978e-07, 3.084405e-07, 1.323316e-02, 2.813578e-01, 3.037203e-02, 3.160462e-05, 4.774834e-01, 3.679971e-09, 1.936541e-01, 9.892535e-09, 1.340381e-08, 2.620184e-07, 5.743529e-14, 2.957360e-07, 3.559499e-03, 5.069940e-08, 7.471648e-12, 9.357306e-07, 1.399096e-02, 4.433233e+00, 1.396112e+04, 1.396724e+04
1.470000e-01, 4.108723e-02, 1.130973e+00, 1.017876e-01, 1.130973e+00, 2.910395e-01, 1.314957e-01, -6.641297e+06, 1.778085e+03, 2.501106e+04, 1.778085e+03, 4.700011e+06, 4.787051e-10, 1.147478e-04, 4.055662e-08, 8.140242e-08, 7.110648e-05, 2.228339e-08, 2.443267e-06, 2.301838e-08, 1.286288e-07, 3.260742e-07, 4.775061e-09, 1.598405e-07, 7.995778e-09, 1.516532e-08, 1.461489e-09, 4.497137e-05, 8.725606e-10, 8.140873e-07, 2.404018e-06, 1.569488e-05, 4.522912e-08, 2.113617e-07, 2.739795e-07, 1.224096e-02, 2.818945e-01, 3.026638e-02, 3.011790e-05, 4.795343e-01, 2.753520e-09, 1.922266e-01, 7.451729e-09, 1.288269e-08, 2.543283e-07, 5.024986e-14, 2.964618e-07, 3.552174e-03, 5.151933e-08, 6.536832e-12, 8.695709e-07, 1.396217e-02, 4.438791e+00, 1.286029e+04, 1.286608e+04
1.590000e-01, 8.240266e-02, 1.130973e+00, 1.017876e-01, 1.130973e+00, 2.899555e-01, 1.314957e-01, -3.310961e+06, 1.761658e+03, 2.501106e+04, 1.761658e+03, 4.700011e+06, 1.137381e-10, 5.349468e-05, 1.830190e-08, 3.892762e-08, 3.766736e-05, 1.138065e-08, 1.416384e-06, 7.249466e-09, 4.510417e-08, 1.147434e-07, 1.702407e-09, 6.322986e-08, 1.704667e-09, 3.681056e-09, 3.983717e-10, 3.974447e-05, 2.123109e-10, 5.629672e-07, 2.416533e-06, 1.056723e-05, 2.961931e-08, 2.101913e-07, 1.922816e-07, 9.539902e-03, 2.832868e-01, 3.000115e-02, 2.628444e-05, 4.850591e-01, 1.145853e-09, 1.884063e-01, 3.176074e-09, 1.118590e-08, 2.336766e-07, 3.454203e-14, 2.985200e-07, 3.532515e-03, 5.426353e-08, 4.493415e-12, 7.079288e-07, 1.388490e-02, 4.455385e+00, 9.935135e+03, 9.940202e+03
1.710000e-01, 1.238417e-01, 1.130973e+00, 1.017876e-01, 1.130973e+00, 2.892477e-01, 1.314957e-01, -2.181454e+06, 1.751795e+03, 2.501106e+04, 1.751795e+03, 4.700011e+06, 4.263310e-11, 3.189250e-05, 1.069635e-08, 2.363557e-08, 2.426810e-05, 7.170208e-09, 9.644059e-07, 3.331575e-09, 2.206290e-08, 5.622591e-08, 8.402010e-10, 3.321380e-08, 5.988533e-10, 1.396856e-09, 1.628503e-10, 3.573900e-05, 1.126043e-10, 4.395557e-07, 2.428364e-06, 8.090792e-06, 2.252429e-08, 2.095254e-07, 1.525139e-07, 7.984438e-03, 2.840485e-01, 2.986573e-02, 2.418253e-05, 4.882177e-01, 6.373889e-10, 1.862325e-01, 1.801296e-09, 1.010775e-08, 2.217712e-07, 2.752724e-14, 2.998004e-07, 3.521331e-03, 5.617941e-08, 3.581006e-12, 6.249864e-07, 1.384094e-02, 4.466288e+00, 8.285870e+03, 8.290597e+03
1.830000e-01, 1.653686e-01, 1.130973e+00, 1.017876e-01, 1.130973e+00, 2.887115e-01, 1.314957e-01, -1.575203e+06, 1.744779e+03, 2.501106e+04, 1.744779e+03, 4.700011e+06, 1.992772e-11, 2.136522e-05, 7.062049e-09, 1.607431e-08, 1.718316e-05, 4.995182e-09, 7.105063e-07, 1.833244e-09, 1.267072e-08, 3.231868e-08, 4.847583e-10, 2.003196e-08, 2.673687e-10, 6.590123e-10, 8.125217e-11, 3.247798e-05, 7.914827e-11, 3.630866e-07, 2.438312e-06, 6.581687e-06, 1.833531e-08, 2.090733e-07, 1.281807e-07, 6.923316e-03, 2.845519e-01, 2.978302e-02, 2.277535e-05, 4.903701e-01, 4.062627e-10, 1.847524e-01, 1.168386e-09, 9.375039e-09, 2.135456e-07, 2.341012e-14, 3.007456e-07, 3.513742e-03, 5.763829e-08, 3.045774e-12, 5.717758e-07, 1.381111e-02, 4.474583e+00, 7.171039e+03, 7.175563e+03
1.950000e-01, 2.069651e-01, 1.130973e+00, 1.017876e-01, 1.130973e+00, 2.882728e-01, 1.314957e-01, -1.206886e+06, 1.739340e+03, 2.501106e+04, 1.739340e+03, 4.700011e+06, 1.062398e-11, 1.533693e-05, 5.011642e-09, 1.169417e-08, 1.287726e-05, 3.696021e-09, 5.492025e-07, 1.123260e-09, 8.008438e-09, 2.043291e-08, 3.070286e-10, 1.312690e-08, 1.376775e-10, 3.539317e-10, 4.573044e-11, 2.972876e-05, 6.201122e-11, 3.100039e-07, 2.446706e-06, 5.549143e-06, 1.552245e-08, 2.087384e-07, 1.114925e-07, 6.135062e-03, 2.849163e-01, 2.972847e-02, 2.173186e-05, 4.919709e-01, 2.805223e-10, 1.836511e-01, 8.200729e-10, 8.848141e-09, 2.072964e-07, 2.064273e-14, 3.015072e-07, 3.508119e-03, 5.881898e-08, 2.686144e-12, 5.335761e-07, 1.378902e-02, 4.481393e+00, 6.346932e+03, 6.351318e+03
2.070000e-01, 2.486202e-01, 1.130973e+00, 1.017876e-01, 1.130973e+00, 2.878966e-01, 1.314957e-01, -9.488728e+05, 1.734895e+03, 2.501106e+04, 1.734895e+03, 4.700011e+06, 6.194282e-12, 1.152877e-05, 3.731714e-09, 8.899906e-09, 1.002718e-05, 2.847846e-09, 4.386656e-07, 7.400299e-10, 5.399604e-09, 1.377499e-08, 2.070600e-10, 9.097715e-09, 7.815471e-11, 2.076656e-10, 2.796926e-11, 2.735882e-05, 5.100883e-11, 2.705525e-07, 2.453905e-06, 4.791300e-06, 1.348179e-08, 2.084767e-07, 9.922938e-08, 5.518134e-03, 2.851948e-01, 2.969120e-02, 2.090843e-05, 4.932269e-01, 2.042454e-10, 1.827860e-01, 6.065257e-10, 8.452341e-09, 2.022661e-07, 1.862447e-14, 3.021543e-07, 3.503726e-03, 5.981647e-08, 2.423967e-12, 5.042190e-07, 1.377175e-02, 4.487249e+00, 5.703812e+03, 5.708097e+03
2.190000e-01, 2.903263e-01, 1.130973e+00, 1.017876e-01, 1.130973e+00, 2.875636e-01, 1.314957e-01, -8.050943e+05, 1.731129e+03, 2.501106e+04, 1.731129e+03, 4.700011e+06, 3.862852e-12, 8.959465e-06, 2.876278e-09, 6.997780e-09, 8.028295e-06, 2.259515e-09, 3.588529e-07, 5.143269e-10, 3.818530e-09, 9.736615e-09, 1.462326e-10, 6.571378e-09, 4.778949e-11, 1.301539e-10, 1.822410e-11, 2.528406e-05, 4.305952e-11, 2.398670e-07, 2.460178e-06, 4.208230e-06, 1.192299e-08, 2.082646e-07, 8.979105e-08, 5.017974e-03, 2.854154e-01, 2.966555e-02, 2.023194e-05, 4.942485e-01, 1.544762e-10, 1.820812e-01, 4.658205e-10, 8.144747e-09, 1.980688e-07, 1.707093e-14, 3.027240e-07, 3.500168e-03, 6.068573e-08, 2.222222e-12, 4.806201e-07, 1.375776e-02, 4.492445e+00, 5.183371e+03, 5.187579e+03
2.310000e-01, 3.320784e-01, 1.130973e+00, 1.017876e-01, 1.130973e+00, 2.872624e-01, 1.314957e-01, -6.913428e+05, 1.727854e+03, 2.501106e+04, 1.727854e+03, 4.700011e+06, 2.506803e-12, 7.136243e-06, 2.274492e-09, 5.636933e-09, 6.564110e-06, 1.832799e-09, 2.990024e-07, 3.705008e-10, 2.791739e-09, 7.113606e-09, 1.066309e-10, 4.890354e-09, 3.029763e-11, 8.497207e-11, 1.236233e-11, 2.344706e-05, 3.698735e-11, 2.152154e-07, 2.465718e-06, 3.744347e-06, 1.068752e-08, 2.080884e-07, 8.228098e-08, 4.602095e-03, 2.855946e-01, 2.964817e-02, 1.965802e-05, 4.951013e-01, 1.201273e-10, 1.814918e-01, 3.677295e-10, 7.899199e-09, 1.944529e-07, 1.582611e-14, 3.032379e-07, 3.497211e-03, 6.146076e-08, 2.060578e-12, 4.609922e-07, 1.374614e-02, 4.497156e+00, 4.751129e+03, 4.755276e+03
2.430000e-01, 3.738724e-01, 1.130973e+00, 1.017876e-01, 1.130973e+00, 2.869857e-01, 1.314957e-01, -1.274688e+06, 1.724954e+03, 2.501106e+04, 1.724954e+03, 4.700011e+06, 1.723996e-12, 5.801609e-06, 1.834209e-09, 4.631691e-09, 5.457230e-06, 1.511443e-09, 2.524998e-07, 2.764108e-10, 2.115548e-09, 5.384278e-09, 8.035600e-11, 3.762320e-09, 2.056723e-11, 5.838747e-11, 8.866354e-12, 2.180629e-05, 3.215317e-11, 1.949223e-07, 2.470656e-06, 3.365391e-06, 9.679982e-09, 2.079390e-07, 7.615525e-08, 4.249575e-03, 2.857428e-01, 2.963681e-02, 1.916980e-05, 4.958270e-01, 9.556810e-11, 1.809892e-01, 2.972270e-10, 7.698940e-09, 1.913807e-07, 1.480758e-14, 3.037091e-07, 3.494705e-03, 6.216380e-08, 1.928272e-12, 4.444557e-07, 1.373630e-02, 4.501490e+00, 4.385038e+03, 4.389135e+03
2.550000e-01, 4.157058e-01, 1.130973e+00, 1.017876e-01, 1.130973e+00, 2.867247e-01, 1.314957e-01, -5.906833e+05, 1.722323e+03, 2.501106e+04, 1.722323e+03, 4.700011e+06, 1.195322e-12, 4.789655e-06, 1.507309e-09, 3.866148e-09, 4.602762e-06, 1.267489e-09, 2.164121e-07, 2.116303e-10, 1.623933e-09, 4.128707e-09, 6.146233e-11, 2.912406e-09, 1.405287e-11, 4.092015e-11, 6.428633e-12, 2.033084e-05, 2.816558e-11, 1.778785e-07, 2.475139e-06, 3.050120e-06, 8.844472e-09, 2.078105e-07, 7.106024e-08, 3.946347e-03, 2.858665e-01, 2.963083e-02, 1.872089e-05, 4.964548e-01, 7.744886e-11, 1.805533e-01, 2.442091e-10, 7.532659e-09, 1.884484e-07, 1.393166e-14, 3.041543e-07, 3.492551e-03, 6.281008e-08, 1.814666e-12, 4.297073e-07, 1.372783e-02, 4.505589e+00, 4.070302e+03, 4.074359e+03
2.670000e-01, 4.575755e-01, 1.130973e+00, 1.017876e-01, 1.130973e+00, 2.864861e-01, 1.314957e-01, -5.625782e+05, 1.719964e+03, 2.501106e+04, 1.719964e+03, 4.700011e+06, 8.594059e-13, 4.009125e-06, 1.255079e-09, 3.270936e-09, 3.925916e-06, 1.074871e-09, 1.871129e-07, 1.656913e-10, 1.276888e-09, 3.241520e-09, 4.807843e-11, 2.307238e-09, 1.000929e-11, 2.952682e-11, 4.836720e-12, 1.899609e-05, 2.483697e-11, 1.633868e-07, 2.479184e-06, 2.783953e-06, 8.136714e-09, 2.076986e-07, 6.676080e-08, 3.682095e-03, 2.859723e-01, 2.962743e-02, 1.833092e-05, 4.970036e-01, 6.371032e-11, 1.801718e-01, 2.038418e-10, 7.392744e-09, 1.859019e-07, 1.319287e-14, 3.045614e-07, 3.490673e-03, 6.341024e-08, 1.718801e-12, 4.169833e-07, 1.372045e-02, 4.509341e+00, 3.796130e+03, 3.800152e+03
2.790000e-01, 4.994793e-01, 1.130973e+00, 1.017876e-01, 1.130973e+00, 2.862560e-01, 1.314957e-01, -3.846952e+05, 1.717770e+03, 2.501106e+04, 1.717770e+03, 4.700011e+06, 6.332198e-13, 3.393901e-06, 1.057636e-09, 2.798956e-09, 3.381828e-06, 9.211340e-10, 1.632017e-07, 1.322155e-10, 1.020506e-09, 2.586290e-09, 3.821870e-11, 1.854286e-09, 7.312339e-12, 2.179132e-11, 3.727136e-12, 1.778270e-05, 2.204836e-11, 1.508634e-07, 2.482910e-06, 2.555359e-06, 7.529542e-09, 2.076000e-07, 6.307748e-08, 3.449550e-03, 2.860623e-01, 2.962760e-02, 1.797292e-05, 4.974895e-01, 5.307442e-11, 1.798329e-01, 1.722892e-10, 7.273484e-09, 1.835342e-07, 1.254190e-14, 3.049546e-07, 3.489021e-03, 6.397261e-08, 1.634392e-12, 4.054825e-07, 1.371396e-02, 4.512966e+00, 3.554919e+03, 3.558910e+03
2.910000e-01, 5.414161e-01, 1.130973e+00, 1.017876e-01, 1.130973e+00, 2.860358e-01, 1.314957e-01, -3.406978e+05, 1.715728e+03, 2.501106e+04, 1.715728e+03, 4.700011e+06, 4.777836e-13, 2.900974e-06, 8.998095e-10, 2.417984e-09, 2.937887e-06, 7.961215e-10, 1.434458e-07, 1.072166e-10, 8.284601e-10, 2.095767e-09, 3.080563e-11, 1.510296e-09, 5.483677e-12, 1.650112e-11, 2.944084e-12, 1.667563e-05, 1.966653e-11, 1.399460e-07, 2.486345e-06, 2.357179e-06, 7.002294e-09, 2.075126e-07, 5.989326e-08, 3.243305e-03, 2.861394e-01, 2.963036e-02, 1.764651e-05, 4.979231e-01, 4.468869e-11, 1.795298e-01, 1.472084e-10, 7.170844e-09, 1.813630e-07, 1.196709e-14, 3.053317e-07, 3.487556e-03, 6.450287e-08, 1.559842e-12, 3.951062e-07, 1.370820e-02, 4.516440e+00, 3.341023e+03, 3.344989e+03
3.030000e-01, 5.833845e-01, 1.130973e+00, 1.017876e-01, 1.130973e+00, 2.858242e-01, 1.314957e-01, -3.049353e+05, 1.713815e+03, 2.501106e+04, 1.713815e+03, 4.700011e+06, 3.674831e-13, 2.500773e-06, 7.722641e-10, 2.106685e-09, 2.571311e-06, 6.934266e-10, 1.269292e-07, 8.820216e-11, 6.812991e-10, 1.720096e-09, 2.513509e-11, 1.243896e-09, 4.198986e-12, 1.273554e-11, 2.372441e-12, 1.566193e-05, 1.761965e-11, 1.303439e-07, 2.489533e-06, 2.183833e-06, 6.540258e-09, 2.074345e-07, 5.711534e-08, 3.059031e-03, 2.862059e-01, 2.963522e-02, 1.734527e-05, 4.983128e-01, 3.798357e-11, 1.792566e-01, 1.269706e-10, 7.081723e-09, 1.793420e-07, 1.145349e-14, 3.056948e-07, 3.486247e-03, 6.500562e-08, 1.493245e-12, 3.856393e-07, 1.370306e-02, 4.519783e+00, 3.149938e+03, 3.153881e+03
3.150000e-01, 6.253834e-01, 1.130973e+00, 1.017876e-01, 1.130973e+00, 2.856200e-01, 1.314957e-01, -2.757113e+05, 1.712013e+03, 2.501106e+04, 1.712013e+03, 4.700011e+06, 2.875744e-13, 2.171903e-06, 6.679031e-10, 1.849245e-09, 2.265325e-06, 6.081158e-10, 1.129841e-07, 7.348365e-11, 5.667259e-10, 1.427815e-09, 2.073019e-11, 1.034618e-09, 3.276261e-12, 9.999809e-12, 1.946338e-12, 1.473081e-05, 1.584806e-11, 1.218327e-07, 2.492505e-06, 2.030966e-06, 6.131920e-09, 2.073643e-07, 5.467284e-08, 2.893342e-03, 2.862634e-01, 2.964184e-02, 1.706518e-05, 4.986654e-01, 3.255118e-11, 1.790088e-01, 1.104241e-10, 7.003753e-09, 1.774477e-07, 1.099028e-14, 3.060462e-07, 3.485070e-03, 6.548450e-08, 1.433188e-12, 3.769320e-07, 1.369843e-02, 4.523014e+00, 2.978140e+03, 2.982064e+03
3.270000e-01, 6.674119e-01, 1.130973e+00, 1.017876e-01, 1.130973e+00, 2.854222e-01, 1.314957e-01, -2.495670e+05, 1.710305e+03, 2.501106e+04, 1.710305e+03, 4.700011e+06, 2.286577e-13, 1.898876e-06, 5.816149e-10, 1.634176e-09, 2.007563e-06, 5.365729e-10, 1.011109e-07, 6.191945e-11, 4.763093e-10, 1.197347e-09, 1.726382e-11, 8.682213e-10, 2.600804e-12, 7.977074e-12, 1.622897e-12, 1.387325e-05, 1.430560e-11, 1.142389e-07, 2.495291e-06, 1.895226e-06, 5.768463e-09, 2.073008e-07, 5.251120e-08, 2.743569e-03, 2.863132e-01, 2.964997e-02, 1.680314e-05, 4.989862e-01, 2.810088e-11, 1.787826e-01, 9.674435e-11, 6.935115e-09, 1.756619e-07, 1.056919e-14, 3.063876e-07, 3.484007e-03, 6.594237e-08, 1.378600e-12, 3.688685e-07, 1.369425e-02, 4.526149e+00, 2.822856e+03, 2.826762e+03
3.390000e-01, 7.094691e-01, 1.130973e+00, 1.017876e-01, 1.130973e+00, 2.852298e-01, 1.314957e-01, -2.285583e+05, 1.708679e+03, 2.501106e+04, 1.708679e+03, 4.700011e+06, 1.844587e-13, 1.670101e-06, 5.095884e-10, 1.452845e-09, 1.788621e-06, 4.760606e-10, 9.092564e-08, 5.270519e-11, 4.040420e-10, 1.013315e-09, 1.450258e-11, 7.344172e-10, 2.097053e-12, 6.455728e-12, 1.373039e-12, 1.308157e-05, 1.295553e-11, 1.074248e-07, 2.497911e-06, 1.773965e-06, 5.442951e-09, 2.072431e-07, 5.058727e-08, 2.607559e-03, 2.863565e-01, 2.965940e-02, 1.655666e-05, 4.992797e-01, 2.441808e-11, 1.785751e-01, 8.531946e-11, 6.874373e-09, 1.739698e-07, 1.018373e-14, 3.067204e-07, 3.483040e-03, 6.638155e-08, 1.328638e-12, 3.613570e-07, 1.369045e-02, 4.529202e+00, 2.681849e+03, 2.685739e+03
3.510000e-01, 7.515543e-01, 1.130973e+00, 1.017876e-01, 1.130973e+00, 2.850423e-01, 1.314957e-01, -2.085895e+05, 1.707123e+03, 2.501106e+04, 1.707123e+03, 4.700011e+06, 1.508804e-13, 1.476930e-06, 4.489919e-10, 1.298779e-09, 1.601346e-06, 4.245070e-10, 8.213169e-08, 4.528162e-11, 3.457030e-10, 8.649106e-10, 1.228212e-11, 6.258676e-10, 1.716162e-12, 5.296629e-12, 1.177301e-12, 1.234913e-05, 1.176843e-11, 1.012796e-07, 2.500384e-06, 1.665066e-06, 5.149832e-09, 2.071905e-07, 4.886651e-08, 2.483536e-03, 2.863939e-01, 2.966998e-02, 1.632375e-05, 4.995492e-01, 2.134527e-11, 1.783840e-01, 7.569812e-11, 6.820366e-09, 1.723598e-07, 9.828790e-15, 3.070459e-07, 3.482159e-03, 6.680396e-08, 1.282636e-12, 3.543233e-07, 1.368699e-02, 4.532182e+00, 2.553275e+03, 2.557151e+03
3.630000e-01, 7.936669e-01, 1.130973e+00, 1.017876e-01, 1.130973e+00, 2.848590e-01, 1.314957e-01, -1.909507e+05, 1.705630e+03, 2.501106e+04, 1.705630e+03, 4.700011e+06, 1.249352e-13, 1.312532e-06, 3.975985e-10, 1.166858e-09, 1.440038e-06, 3.802687e-10, 7.449081e-08, 3.922384e-11, 2.980632e-10, 7.438666e-10, 1.047678e-11, 5.369145e-10, 1.422773e-12, 4.398883e-12, 1.021381e-12, 1.167016e-05, 1.072008e-11, 9.571193e-08, 2.502728e-06, 1.566790e-06, 4.884579e-09, 2.071423e-07, 4.732052e-08, 2.370019e-03, 2.864262e-01, 2.968156e-02, 1.610269e-05, 4.997978e-01, 1.875904e-11, 1.782072e-01, 6.752538e-11, 6.772143e-09, 1.708218e-07, 9.500141e-15, 3.073650e-07, 3.481353e-03, 6.721121e-08, 1.240045e-12, 3.477057e-07, 1.368382e-02, 4.535098e+00, 2.435598e+03, 2.439461e+03
3.750000e-01, 8.358064e-01, 1.130973e+00, 1.017876e-01, 1.130973e+00, 2.846794e-01, 1.314957e-01, -1.742972e+05, 1.704192e+03, 2.501106e+04, 1.704192e+03, 4.700011e+06, 1.047150e-13, 1.171764e-06, 3.537415e-10, 1.053200e-09, 1.300303e-06, 3.420870e-10, 6.781657e-08, 3.424050e-11, 2.588609e-10, 6.443895e-10, 8.998525e-12, 4.635082e-10, 1.194873e-12, 3.697449e-12, 8.958984e-13, 1.103962e-05, 9.790788e-12, 9.064674e-08, 2.504956e-06, 1.477717e-06, 4.643498e-09, 2.070981e-07, 4.592612e-08, 2.265770e-03, 2.864541e-01, 2.969403e-02, 1.589207e-05, 5.000279e-01, 1.656858e-11, 1.780429e-01, 6.053729e-11, 6.728924e-09, 1.693468e-07, 9.194330e-15, 3.076785e-07, 3.480613e-03, 6.760465e-08, 1.200417e-12, 3.414528e-07, 1.368091e-02, 4.537959e+00, 2.327531e+03, 2.331383e+03
3.870000e-01, 8.779721e-01, 1.130973e+00, 1.017876e-01, 1.130973e+00, 2.845031e-01, 1.314957e-01, -1.604694e+05, 1.702804e+03, 2.501106e+04, 1.702804e+03, 4.700011e+06, 8.864508e-14, 1.050412e-06, 3.160449e-10, 9.546193e-10, 1.178547e-06, 3.089264e-10, 6.195597e-08, 3.008749e-11, 2.262483e-10, 5.617502e-10, 7.775019e-12, 4.023865e-10, 1.013701e-12, 3.138426e-12, 7.930111e-13, 1.045309e-05, 8.963971e-12, 8.602199e-08, 2.507079e-06, 1.396674e-06, 4.423506e-09, 2.070573e-07, 4.466409e-08, 2.169740e-03, 2.864780e-01, 2.970729e-02, 1.569084e-05, 5.002416e-01, 1.469873e-11, 1.778899e-01, 5.451734e-11, 6.690060e-09, 1.679294e-07, 8.908672e-15, 3.079871e-07, 3.479930e-03, 6.798544e-08, 1.163401e-12, 3.355251e-07, 1.367823e-02, 4.540771e+00, 2.227990e+03, 2.231831e+03
3.990000e-01, 9.201638e-01, 1.130973e+00, 1.017876e-01, 1.130973e+00, 2.843298e-01, 1.314957e-01, -1.539456e+05, 1.701458e+03, 2.501106e+04, 1.701458e+03, 4.700011e+06, 7.577813e-14, 9.452179e-07, 2.834644e-10, 8.686372e-10, 1.071908e-06, 2.799752e-10, 5.678501e-08, 2.660253e-11, 1.989215e-10, 4.926074e-10, 6.755543e-12, 3.511379e-10, 8.689203e-13, 2.689716e-12, 7.079162e-13, 9.906673e-06, 8.225947e-12, 8.178496e-08, 2.509109e-06, 1.322669e-06, 4.222056e-09, 2.070196e-07, 4.351822e-08, 2.081044e-03, 2.864983e-01, 2.972125e-02, 1.549796e-05, 5.004407e-01, 1.309381e-11, 1.777468e-01, 4.930059e-11, 6.655012e-09, 1.665631e-07, 8.640736e-15, 3.082913e-07, 3.479300e-03, 6.835457e-08, 1.128683e-12, 3.298857e-07, 1.367576e-02, 4.543539e+00, 2.136053e+03, 2.139885e+03
4.110000e-01, 9.623811e-01, 1.130973e+00, 1.017876e-01, 1.130973e+00, 2.841591e-01, 1.314957e-01, -1.356236e+05, 1.700152e+03, 2.501106e+04, 1.700152e+03, 4.700011e+06, 6.556708e-14, 8.538141e-07, 2.552582e-10, 7.934837e-10, 9.782657e-07, 2.546500e-10, 5.221070e-08, 2.367698e-11, 1.760251e-10, 4.347716e-10, 5.907661e-12, 3.081730e-10, 7.536829e-13, 2.333523e-12, 6.378289e-13, 9.396920e-06, 7.565802e-12, 7.789099e-08, 2.511054e-06, 1.254878e-06, 4.037072e-09, 2.069848e-07, 4.247522e-08, 1.998919e-03, 2.865155e-01, 2.973586e-02, 1.531220e-05, 5.006267e-01, 1.171267e-11, 1.776127e-01, 4.476866e-11, 6.623322e-09, 1.652385e-07, 8.388238e-15, 3.085919e-07, 3.478717e-03, 6.871289e-08, 1.095972e-12, 3.244966e-07, 1.367346e-02, 4.546268e+00, 2.050931e+03, 2.054755e+03
4.230000e-01, 1.004623e+00, 1.130973e+00, 1.017876e-01, 1.130973e+00, 2.839908e-01, 1.314957e-01, -1.239151e+05, 1.698881e+03, 2.501106e+04, 1.698881e+03, 4.700011e+06, 5.714112e-14, 7.737435e-07, 2.306085e-10, 7.272411e-10, 8.954837e-07, 2.323209e-10, 4.814052e-08, 2.117474e-11, 1.565150e-10, 3.855706e-10, 5.189459e-12, 2.716374e-10, 6.585123e-13, 2.038542e-12, 5.781693e-13, 8.920718e-06, 6.972894e-12, 7.430281e-08, 2.512921e-06, 1.192596e-06, 3.866606e-09, 2.069524e-07, 4.152325e-08, 1.922694e-03, 2.865298e-01, 2.975104e-02, 1.513337e-05, 5.008010e-01, 1.051334e-11, 1.774866e-01, 4.079592e-11, 6.594591e-09, 1.639570e-07, 8.149977e-15, 3.088890e-07, 3.478176e-03, 6.906115e-08, 1.065104e-12, 3.193430e-07, 1.367134e-02, 4.548962e+00, 1.971928e+03, 1.975744e+03
4.350000e-01, 1.046891e+00, 1.130973e+00, 1.017876e-01, 1.130973e+00, 2.838247e-01, 1.314957e-01, -1.244198e+05, 1.697641e+03, 2.501106e+04, 1.697641e+03, 4.700011e+06, 5.004191e-14, 7.032535e-07, 2.089494e-10, 6.685545e-10, 8.219788e-07, 2.125372e-10, 4.450407e-08, 1.901315e-11, 1.397425e-10, 3.433433e-10, 4.575553e-12, 2.403372e-10, 5.782102e-13, 1.788687e-12, 5.264995e-13, 8.475303e-06, 6.438838e-12, 7.098786e-08, 2.514719e-06, 1.135213e-06, 3.709063e-09, 2.069223e-07, 4.065236e-08, 1.851792e-03, 2.865415e-01, 2.976674e-02, 1.496093e-05, 5.009647e-01, 9.466192e-12, 1.773677e-01, 3.729444e-11, 6.568480e-09, 1.627161e-07, 7.924565e-15, 3.091831e-07, 3.477672e-03, 6.940003e-08, 1.035894e-12, 3.144045e-07, 1.366936e-02, 4.551625e+00, 1.898447e+03, 1.902255e+03
4.470000e-01, 1.089183e+00, 1.130973e+00, 1.017876e-01, 1.130973e+00, 2.836604e-01, 1.314957e-01, -1.504847e+05, 1.696430e+03, 2.501106e+04, 1.696430e+03, 4.700011e+06, 4.413614e-14, 6.410610e-07, 1.898847e-10, 6.164310e-10, 7.565205e-07, 1.949630e-10, 4.124458e-08, 1.715149e-11, 1.253337e-10, 3.071277e-10, 4.051921e-12, 2.134918e-10, 5.116825e-13, 1.579939e-12, 4.820667e-13, 8.058222e-06, 5.956929e-12, 6.791723e-08, 2.516453e-06, 1.082194e-06, 3.563117e-09, 2.068942e-07, 3.985388e-08, 1.785720e-03, 2.865509e-01, 2.978293e-02, 1.479415e-05, 5.011189e-01, 8.550810e-12, 1.772553e-01, 3.420168e-11, 6.544703e-09, 1.615108e-07, 7.710491e-15, 3.094748e-07, 3.477203e-03, 6.973009e-08, 1.008152e-12, 3.096564e-07, 1.366751e-02, 4.554260e+00, 1.829974e+03, 1.833776e+03
4.590000e-01, 1.131499e+00, 1.130973e+00, 1.017876e-01, 1.130973e+00, 2.834979e-01, 1.314957e-01, -1.381834e+05, 1.695244e+03, 2.501106e+04, 1.695244e+03, 4.700011e+06, 3.936811e-14, 5.861546e-07, 1.731190e-10, 5.701637e-10, 6.982081e-07, 1.793695e-10, 3.832281e-08, 1.555115e-11, 1.130070e-10, 2.762143e-10, 3.608455e-12, 1.905846e-10, 4.573791e-13, 1.412219e-12, 4.445523e-13, 7.667223e-06, 5.521593e-12, 6.506665e-08, 2.518129e-06, 1.033117e-06, 3.427725e-09, 2.068680e-07, 3.912104e-08, 1.724028e-03, 2.865581e-01, 2.979956e-02, 1.463201e-05, 5.012643e-01, 7.749142e-12, 1.771489e-01, 3.146824e-11, 6.523007e-09, 1.603311e-07, 7.506525e-15, 3.097641e-07, 3.476765e-03, 7.005187e-08, 9.817281e-13, 3.050734e-07, 1.366579e-02, 4.556871e+00, 1.766045e+03, 1.769841e+03
4.710000e-01, 1.173839e+00, 1.130973e+00, 1.017876e-01, 1.130973e+00, 2.833371e-01, 1.314957e-01, -6.878440e+04, 1.694083e+03, 2.501106e+04, 1.694083e+03, 4.700011e+06, 3.556358e-14, 5.375336e-07, 1.583448e-10, 5.290058e-10, 6.461471e-07, 1.655145e-10, 3.569986e-08, 1.416961e-11, 1.024314e-10, 2.497621e-10, 3.232463e-12, 1.710085e-10, 4.130624e-13, 1.280089e-12, 4.130034e-13, 7.300289e-06, 5.127551e-12, 6.241516e-08, 2.519751e-06, 9.876088e-07, 3.301938e-09, 2.068434e-07, 3.844761e-08, 1.666326e-03, 2.865634e-01, 2.981657e-02, 1.447391e-05, 5.014017e-01, 7.044339e-12, 1.770479e-01, 2.904419e-11, 6.503177e-09, 1.591717e-07, 7.311725e-15, 3.100511e-07, 3.476355e-03, 7.036581e-08, 9.565032e-13, 3.006386e-07, 1.366418e-02, 4.559457e+00, 1.706256e+03, 1.710046e+03
4.830000e-01, 1.216204e+00, 1.130973e+00, 1.017876e-01, 1.130973e+00, 2.831783e-01, 1.314957e-01, 1.716182e+04, 1.692947e+03, 2.501106e+04, 1.692947e+03, 4.700011e+06, 3.205364e-14, 4.938876e-07, 1.451038e-10, 4.918751e-10, 5.992173e-07, 1.530471e-10, 3.332834e-08, 1.292259e-11, 9.297247e-11, 2.261482e-10, 2.897432e-12, 1.536941e-10, 3.717205e-13, 1.157581e-12, 3.838147e-13, 6.955605e-06, 4.768788e-12, 5.994615e-08, 2.521323e-06, 9.453486e-07, 3.184784e-09, 2.068204e-07, 3.782763e-08, 1.612276e-03, 2.865670e-01, 2.983390e-02, 1.432036e-05, 5.015318e-01, 6.415023e-12, 1.769520e-01, 2.686057e-11, 6.485032e-09, 1.580393e-07, 7.125975e-15, 3.103354e-07, 3.475971e-03, 7.067232e-08, 9.324409e-13, 2.963575e-07, 1.366267e-02, 4.562015e+00, 1.650255e+03, 1.654039e+03
4.950000e-01, 1.258591e+00, 1.130973e+00, 1.017876e-01, 1.130973e+00, 2.830209e-01, 1.314957e-01, -2.729772e+04, 1.691831e+03, 2.501106e+04, 1.691831e+03, 4.700011e+06, 2.884275e-14, 4.547050e-07, 1.332099e-10, 4.582239e-10, 5.566733e-07, 1.417400e-10, 3.116469e-08, 1.181985e-11, 8.458394e-11, 2.052210e-10, 2.601700e-12, 1.383540e-10, 3.354014e-13, 1.042074e-12, 3.567971e-13, 6.631537e-06, 4.441324e-12, 5.764025e-08, 2.522848e-06, 9.059263e-07, 3.075175e-09, 2.067989e-07, 3.725473e-08, 1.561578e-03, 2.865690e-01, 2.985154e-02, 1.417188e-05, 5.016553e-01, 5.856438e-12, 1.768606e-01, 2.489596e-11, 6.468397e-09, 1.569450e-07, 6.948494e-15, 3.106177e-07, 3.475611e-03, 7.097178e-08, 9.094328e-13, 2.922292e-07, 1.366126e-02, 4.564551e+00, 1.597729e+03, 1.601508e+03
5.070000e-01, 1.301003e+00, 1.130973e+00, 1.017876e-01, 1.130973e+00, 2.828643e-01, 1.314957e-01, -2.516050e+05, 1.690730e+03, 2.501106e+04, 1.690730e+03, 4.700011e+06, 2.593901e-14, 4.195855e-07, 1.225119e-10, 4.276782e-10, 5.180198e-07, 1.314391e-10, 2.918032e-08, 1.085636e-11, 7.721821e-11, 1.868460e-10, 2.343459e-12, 1.248395e-10, 3.046446e-13, 9.329319e-13, 3.318549e-13, 6.326596e-06, 4.142465e-12, 5.548148e-08, 2.524332e-06, 8.690157e-07, 2.972197e-09, 2.067786e-07, 3.672420e-08, 1.513962e-03, 2.865694e-01, 2.986955e-02, 1.402852e-05, 5.017727e-01, 5.362343e-12, 1.767733e-01, 2.313269e-11, 6.453112e-09, 1.558937e-07, 6.778547e-15, 3.108993e-07, 3.475273e-03, 7.126455e-08, 8.873848e-13, 2.882457e-07, 1.365993e-02, 4.567078e+00, 1.548399e+03, 1.552174e+03
5.190000e-01, 1.343438e+00, 1.130973e+00, 1.017876e-01, 1.130973e+00, 2.827072e-01, 1.314957e-01, -3.557597e+05, 1.689636e+03, 2.501106e+04, 1.689636e+03, 4.700011e+06, 2.402535e-14, 3.888329e-07, 1.131660e-10, 4.008033e-10, 4.837735e-07, 1.223520e-10, 2.740259e-08, 1.004090e-11, 7.121489e-11, 1.719511e-10, 2.138468e-12, 1.139887e-10, 2.820918e-13, 8.629544e-13, 3.127246e-13, 6.039416e-06, 3.873807e-12, 5.345837e-08, 2.525779e-06, 8.344912e-07, 2.875586e-09, 2.067596e-07, 3.623590e-08, 1.469179e-03, 2.865681e-01, 2.988811e-02, 1.388739e-05, 5.018847e-01, 4.928473e-12, 1.766896e-01, 2.158749e-11, 6.439017e-09, 1.548538e-07, 6.614484e-15, 3.111827e-07, 3.474955e-03, 7.155098e-08, 8.661369e-13, 2.843492e-07, 1.365868e-02, 4.569617e+00, 1.502013e+03, 1.505784e+03
5.310000e-01, 1.385896e+00, 1.130973e+00, 1.017876e-01, 1.130973e+00, 2.825511e-01, 1.314957e-01, -2.677231e+05, 1.688558e+03, 2.501106e+04, 1.688558e+03, 4.700011e+06, 2.229353e-14, 3.606147e-07, 1.046817e-10, 3.762235e-10, 4.525319e-07, 1.141310e-10, 2.579038e-08, 9.279680e-12, 6.563415e-11, 1.581580e-10, 1.948748e-12, 1.040546e-10, 2.602271e-13, 8.045725e-13, 2.954924e-13, 5.768750e-06, 3.626799e-12, 5.156254e-08, 2.527198e-06, 8.022899e-07, 2.785614e-09, 2.067416e-07, 3.578573e-08, 1.427020e-03, 2.865655e-01, 2.990698e-02, 1.374708e-05, 5.019916e-01, 4.531730e-12, 1.766094e-01, 2.016104e-11, 6.426017e-09, 1.538025e-07, 6.455637e-15, 3.114649e-07, 3.474656e-03, 7.183129e-08, 8.455633e-13, 2.805185e-07, 1.365751e-02, 4.572141e+00, 1.458346e+03, 1.462113e+03
5.430000e-01, 1.428378e+00, 1.130973e+00, 1.017876e-01, 1.130973e+00, 2.823972e-01, 1.314957e-01, 1.708682e+04, 1.687501e+03, 2.501106e+04, 1.687501e+03, 4.700011e+06, 2.037582e-14, 3.341055e-07, 9.682769e-11, 3.532929e-10, 4.235764e-07, 1.065920e-10, 2.431691e-08, 8.533698e-12, 6.008368e-11, 1.444656e-10, 1.758694e-12, 9.429426e-11, 2.357703e-13, 7.437785e-13, 2.782461e-13, 5.513435e-06, 3.396485e-12, 4.978507e-08, 2.528589e-06, 7.722846e-07, 2.702058e-09, 2.067247e-07, 3.537019e-08, 1.387285e-03, 2.865619e-01, 2.992600e-02, 1.360742e-05, 5.020936e-01, 4.161535e-12, 1.765326e-01, 1.881015e-11, 6.414023e-09, 1.527348e-07, 6.301941e-15, 3.117439e-07, 3.474374e-03, 7.210568e-08, 8.256408e-13, 2.767531e-07, 1.365640e-02, 4.574633e+00, 1.417190e+03, 1.420954e+03
5.550000e-01, 1.470883e+00, 1.130973e+00, 1.017876e-01, 1.130973e+00, 2.822445e-01, 1.314957e-01, -6.113173e+04, 1.686460e+03, 2.501106e+04, 1.686460e+03, 4.700011e+06, 1.884647e-14, 3.111927e-07, 8.994292e-11, 3.328947e-10, 3.974900e-07, 9.973971e-11, 2.294761e-08, 7.944044e-12, 5.569794e-11, 1.336292e-10, 1.613190e-12, 8.645585e-11, 2.190939e-13, 6.846414e-13, 2.627203e-13, 5.272395e-06, 3.186339e-12, 4.810873e-08, 2.529934e-06, 7.438820e-07, 2.622303e-09, 2.067087e-07, 3.498293e-08, 1.349780e-03, 2.865573e-01, 2.994512e-02, 1.347494e-05, 5.021909e-01, 3.848055e-12, 1.764589e-01, 1.764803e-11, 6.402942e-09, 1.517400e-07, 6.155642e-15, 3.120212e-07, 3.474107e-03, 7.237442e-08, 8.066778e-13, 2.731594e-07, 1.365535e-02, 4.577108e+00, 1.378350e+03, 1.382110e+03
5.670000e-01, 1.513411e+00, 1.130973e+00, 1.017876e-01, 1.130973e+00, 2.820930e-01, 1.314957e-01, -1.043987e+05, 1.685433e+03, 2.501106e+04, 1.685433e+03, 4.700011e+06, 1.746994e-14, 2.902788e-07, 8.366498e-11, 3.141872e-10, 3.736397e-07, 9.348000e-11, 2.169332e-08, 7.399071e-12, 5.169615e-11, 1.237695e-10, 1.480794e-12, 7.940394e-11, 2.035425e-13, 6.329317e-13, 2.485168e-13, 5.044666e-06, 2.993454e-12, 4.653263e-08, 2.531248e-06, 7.172318e-07, 2.547195e-09, 2.066937e-07, 3.462467e-08, 1.314346e-03, 2.865517e-01, 2.996440e-02, 1.334561e-05, 5.022842e-01, 3.562770e-12, 1.763881e-01, 1.658238e-11, 6.392692e-09, 1.507651e-07, 6.015017e-15, 3.122969e-07, 3.473856e-03, 7.263774e-08, 7.884458e-13, 2.696667e-07, 1.365436e-02, 4.579566e+00, 1.341659e+03, 1.345416e+03
5.790000e-01, 1.555961e+00, 1.130973e+00, 1.017876e-01, 1.130973e+00, 2.819425e-01, 1.314957e-01, -6.279244e+04, 1.684418e+03, 2.501106e+04, 1.684418e+03, 4.700011e+06, 1.626576e-14, 2.709962e-07, 7.789342e-11, 2.969488e-10, 3.518122e-07, 8.776220e-11, 2.054943e-08, 6.878822e-12, 4.796443e-11, 1.146177e-10, 1.356936e-12, 7.298658e-11, 1.883855e-13, 5.922447e-13, 2.358555e-13, 4.829365e-06, 2.816929e-12, 4.505011e-08, 2.532538e-06, 6.922313e-07, 2.476516e-09, 2.066794e-07, 3.429377e-08, 1.280838e-03, 2.865451e-01, 2.998389e-02, 1.321860e-05, 5.023736e-01, 3.298641e-12, 1.763199e-01, 1.559328e-11, 6.383203e-09, 1.498015e-07, 5.879373e-15, 3.125718e-07, 3.473618e-03, 7.289587e-08, 7.708574e-13, 2.662567e-07, 1.365343e-02, 4.582011e+00, 1.306965e+03, 1.310719e+03
5.910000e-01, 1.598535e+00, 1.130973e+00, 1.017876e-01, 1.130973e+00, 2.817926e-01, 1.314957e-01, -7.945469e+04, 1.683414e+03, 2.501106e+04, 1.683414e+03, 4.700011e+06, 1.519015e-14, 2.535003e-07, 7.269117e-11, 2.812060e-10, 3.317470e-07, 8.253876e-11, 1.949134e-08, 6.423865e-12, 4.466874e-11, 1.065444e-10, 1.250127e-12, 6.730502e-11, 1.755536e-13, 5.537883e-13, 2.242173e-13, 4.625683e-06, 2.653458e-12, 4.364603e-08, 2.533803e-06, 6.685939e-07, 2.409908e-09, 2.066659e-07, 3.398620e-08, 1.249123e-03, 2.865377e-01, 3.000358e-02, 1.309298e-05, 5.024595e-01, 3.062239e-12, 1.762541e-01, 1.469396e-11, 6.374399e-09, 1.488421e-07, 5.747225e-15, 3.128458e-07, 3.473393e-03, 7.314900e-08, 7.537250e-13, 2.629031e-07, 1.365255e-02, 4.584447e+00, 1.274131e+03, 1.277882e+03
6.030000e-01, 1.641130e+00, 1.130973e+00, 1.017876e-01, 1.130973e+00, 2.816436e-01, 1.314957e-01, -3.397699e+04, 1.682420e+03, 2.501106e+04, 1.682420e+03, 4.700011e+06, 1.420590e-14, 2.375351e-07, 6.796216e-11, 2.667646e-10, 3.133294e-07, 7.776183e-11, 1.851647e-08, 6.009214e-12, 4.167427e-11, 9.922257e-11, 1.154256e-12, 6.219289e-11, 1.638082e-13, 5.180796e-13, 2.133674e-13, 4.432856e-06, 2.502004e-12, 4.232015e-08, 2.535045e-06, 6.463265e-07, 2.347043e-09, 2.066531e-07, 3.370166e-08, 1.219076e-03, 2.865294e-01, 3.002345e-02, 1.296951e-05, 5.025421e-01, 2.847818e-12, 1.761906e-01, 1.386999e-11, 6.366221e-09, 1.478939e-07, 5.619530e-15, 3.131191e-07, 3.473180e-03, 7.339730e-08, 7.371670e-13, 2.596243e-07, 1.365171e-02, 4.586874e+00, 1.243027e+03, 1.246775e+03
6.150000e-01, 1.683749e+00, 1.130973e+00, 1.017876e-01, 1.130973e+00, 2.814956e-01, 1.314957e-01, 9.071438e+04, 1.681438e+03, 2.501106e+04, 1.681438e+03, 4.700011e+06, 1.327166e-14, 2.229512e-07, 6.363213e-11, 2.534531e-10, 2.964047e-07, 7.336636e-11, 1.761532e-08, 5.624601e-12, 3.892110e-11, 9.249728e-11, 1.066400e-12, 5.755247e-11, 1.526867e-13, 4.832500e-13, 2.029513e-13, 4.250189e-06, 2.361235e-12, 4.107028e-08, 2.536262e-06, 6.253731e-07, 2.287489e-09, 2.066409e-07, 3.343887e-08, 1.190586e-03, 2.865204e-01, 3.004344e-02, 1.284934e-05, 5.026215e-01, 2.652602e-12, 1.761292e-01, 1.311405e-11, 6.358618e-09, 1.469699e-07, 5.497103e-15, 3.133911e-07, 3.472978e-03, 7.364094e-08, 7.212826e-13, 2.564437e-07, 1.365091e-02, 4.589285e+00, 1.213537e+03, 1.217284e+03
6.270000e-01, 1.726389e+00, 1.130973e+00, 1.017876e-01, 1.130973e+00, 2.813491e-01, 1.314957e-01, -5.631224e+04, 1.680470e+03, 2.501106e+04, 1.680470e+03, 4.700011e+06, 1.240477e-14, 2.092924e-07, 5.953625e-11, 2.408555e-10, 2.804903e-07, 6.919723e-11, 1.676430e-08, 5.264187e-12, 3.635589e-11, 8.623088e-11, 9.839935e-13, 5.322422e-11, 1.425064e-13, 4.512174e-13, 1.931205e-13, 4.077073e-06, 2.230177e-12, 3.988618e-08, 2.537456e-06, 6.054693e-07, 2.230746e-09, 2.066294e-07, 3.319309e-08, 1.163564e-03, 2.865109e-01, 3.006346e-02, 1.273326e-05, 5.026979e-01, 2.470316e-12, 1.760699e-01, 1.240369e-11, 6.351539e-09, 1.460840e-07, 5.378798e-15, 3.136611e-07, 3.472786e-03, 7.388007e-08, 7.059189e-13, 2.533642e-07, 1.365016e-02, 4.591675e+00, 1.185569e+03, 1.189313e+03
6.390000e-01, 1.769052e+00, 1.130973e+00, 1.017876e-01, 1.130973e+00, 2.812033e-01, 1.314957e-01, -1.933501e+05, 1.679512e+03, 2.501106e+04, 1.679512e+03, 4.700011e+06, 1.166371e-14, 1.968518e-07, 5.582375e-11, 2.293255e-10, 2.658908e-07, 6.538896e-11, 1.598132e-08, 4.940273e-12, 3.407587e-11, 8.068579e-11, 9.119022e-13, 4.942360e-11, 1.336348e-13, 4.247509e-13, 1.843751e-13, 3.912897e-06, 2.109838e-12, 3.876247e-08, 2.538627e-06, 5.866142e-07, 2.177025e-09, 2.066185e-07, 3.296543e-08, 1.137908e-03, 2.865006e-01, 3.008358e-02, 1.261862e-05, 5.027716e-01, 2.305716e-12, 1.760125e-01, 1.175445e-11, 6.344937e-09, 1.452036e-07, 5.263771e-15, 3.139301e-07, 3.472604e-03, 7.411485e-08, 6.909899e-13, 2.503392e-07, 1.364945e-02, 4.594055e+00, 1.159018e+03, 1.162759e+03
6.510000e-01, 1.811737e+00, 1.130973e+00, 1.017876e-01, 1.130973e+00, 2.810573e-01, 1.314957e-01, -2.098107e+04, 1.678556e+03, 2.501106e+04, 1.678556e+03, 4.700011e+06, 1.110474e-14, 1.859490e-07, 5.266572e-11, 2.192623e-10, 2.529476e-07, 6.209757e-11, 1.528686e-08, 4.666598e-12, 3.217901e-11, 7.612615e-11, 8.553814e-13, 4.636906e-11, 1.264214e-13, 4.062633e-13, 1.772090e-13, 3.757093e-06, 2.001212e-12, 3.769352e-08, 2.539779e-06, 5.688189e-07, 2.126661e-09, 2.066081e-07, 3.275742e-08, 1.113522e-03, 2.864897e-01, 3.010395e-02, 1.250207e-05, 5.028429e-01, 2.164022e-12, 1.759567e-01, 1.118285e-11, 6.338760e-09, 1.442884e-07, 5.150802e-15, 3.141999e-07, 3.472431e-03, 7.434543e-08, 6.763618e-13, 2.473080e-07, 1.364877e-02, 4.596442e+00, 1.133785e+03, 1.137525e+03
6.630000e-01, 1.854444e+00, 1.130973e+00, 1.017876e-01, 1.130973e+00, 2.809113e-01, 1.314957e-01, -1.982928e+04, 1.677605e+03, 2.501106e+04, 1.677605e+03, 4.700011e+06, 1.050539e-14, 1.755455e-07, 4.960703e-11, 2.095557e-10, 2.406154e-07, 5.892164e-11, 1.462257e-08, 4.398276e-12, 3.030365e-11, 7.159267e-11, 7.982756e-13, 4.332639e-11, 1.191057e-13, 3.845538e-13, 1.697707e-13, 3.609173e-06, 1.898603e-12, 3.667866e-08, 2.540922e-06, 5.518757e-07, 2.078572e-09, 2.065982e-07, 3.256358e-08, 1.090338e-03, 2.864780e-01, 3.012456e-02, 1.238862e-05, 5.029119e-01, 2.028280e-12, 1.759024e-01, 1.063400e-11, 6.332963e-09, 1.434032e-07, 5.041093e-15, 3.144703e-07, 3.472267e-03, 7.457193e-08, 6.621284e-13, 2.443526e-07, 1.364812e-02, 4.598830e+00, 1.109798e+03, 1.113536e+03
6.750000e-01, 1.897173e+00, 1.130973e+00, 1.017876e-01, 1.130973e+00, 2.807653e-01, 1.314957e-01, -3.034122e+04, 1.676657e+03, 2.501106e+04, 1.676657e+03, 4.700011e+06, 9.926570e-15, 1.658591e-07, 4.674662e-11, 2.004399e-10, 2.290749e-07, 5.594029e-11, 1.399765e-08, 4.145720e-12, 2.854481e-11, 6.733930e-11, 7.447340e-13, 4.048906e-11, 1.121137e-13, 3.630235e-13, 1.625588e-13, 3.468655e-06, 1.802390e-12, 3.571479e-08, 2.542052e-06, 5.357822e-07, 2.032767e-09, 2.065888e-07, 3.238443e-08, 1.068279e-03, 2.864657e-01, 3.014541e-02, 1.227723e-05, 5.029787e-01, 1.902142e-12, 1.758495e-01, 1.012080e-11, 6.327506e-09, 1.425341e-07, 4.934534e-15, 3.147415e-07, 3.472110e-03, 7.479446e-08, 6.482945e-13, 2.414566e-07, 1.364751e-02, 4.601222e+00, 1.086976e+03, 1.090712e+03
6.870000e-01, 1.939924e+00, 1.130973e+00, 1.017876e-01, 1.130973e+00, 2.806195e-01, 1.314957e-01, 1.047576e+04, 1.675715e+03, 2.501106e+04, 1.675715e+03, 4.700011e+06, 9.404257e-15, 1.569707e-07, 4.412119e-11, 1.920001e-10, 2.183726e-07, 5.317817e-11, 1.341407e-08, 3.913888e-12, 2.695435e-11, 6.350562e-11, 6.968608e-13, 3.796040e-11, 1.057032e-13, 3.439562e-13, 1.558734e-13, 3.335087e-06, 1.712402e-12, 3.479930e-08, 2.543169e-06, 5.205121e-07, 1.989130e-09, 2.065798e-07, 3.221969e-08, 1.047277e-03, 2.864528e-01, 3.016645e-02, 1.216770e-05, 5.030436e-01, 1.787089e-12, 1.757979e-01, 9.648883e-12, 6.322349e-09, 1.416778e-07, 4.831241e-15, 3.150131e-07, 3.471961e-03, 7.501314e-08, 6.348858e-13, 2.386188e-07, 1.364692e-02, 4.603613e+00, 1.065251e+03, 1.068986e+03
6.990000e-01, 1.982698e+00, 1.130973e+00, 1.017876e-01, 1.130973e+00, 2.804741e-01, 1.314957e-01, -6.967354e+04, 1.674778e+03, 2.501106e+04, 1.674778e+03, 4.700011e+06, 8.911979e-15, 1.486159e-07, 4.166519e-11, 1.840691e-10, 2.083507e-07, 5.059877e-11, 1.287031e-08, 3.697299e-12, 2.546001e-11, 5.990908e-11, 6.522520e-13, 3.560272e-11, 9.979469e-14, 3.263237e-13, 1.496362e-13, 3.208098e-06, 1.628648e-12, 3.392460e-08, 2.544271e-06, 5.059265e-07, 1.947718e-09, 2.065713e-07, 3.206684e-08, 1.027281e-03, 2.864393e-01, 3.018760e-02, 1.205895e-05, 5.031065e-01, 1.679489e-12, 1.757477e-01, 9.202172e-12, 6.317468e-09, 1.408232e-07, 4.729698e-15, 3.152843e-07, 3.471819e-03, 7.522805e-08, 6.217024e-13, 2.358119e-07, 1.364636e-02, 4.605999e+00, 1.044568e+03, 1.048301e+03
7.110000e-01, 2.025494e+00, 1.130973e+00, 1.017876e-01, 1.130973e+00, 2.803287e-01, 1.314957e-01, -1.607708e+05, 1.673845e+03, 2.501106e+04, 1.673845e+03, 4.700011e+06, 8.472374e-15, 1.408952e-07, 3.941629e-11, 1.767352e-10, 1.990872e-07, 4.822989e-11, 1.236973e-08, 3.499540e-12, 2.409563e-11, 5.663806e-11, 6.123092e-13, 3.347741e-11, 9.451204e-14, 3.108090e-13, 1.439456e-13, 3.087285e-06, 1.551280e-12, 3.308863e-08, 2.545362e-06, 4.920109e-07, 1.908428e-09, 2.065631e-07, 3.192615e-08, 1.008228e-03, 2.864254e-01, 3.020891e-02, 1.195050e-05, 5.031676e-01, 1.580861e-12, 1.756987e-01, 8.786508e-12, 6.312827e-09, 1.399647e-07, 4.629975e-15, 3.155558e-07, 3.471684e-03, 7.543930e-08, 6.087586e-13, 2.330285e-07, 1.364583e-02, 4.608388e+00, 1.024861e+03, 1.028593e+03
7.230000e-01, 2.068312e+00, 1.130973e+00, 1.017876e-01, 1.130973e+00, 2.801827e-01, 1.314957e-01, -1.071541e+05, 1.672911e+03, 2.501106e+04, 1.672911e+03, 4.700011e+06, 8.109340e-15, 1.339607e-07, 3.742511e-11, 1.701179e-10, 1.906950e-07, 4.610749e-11, 1.191625e-08, 3.324777e-12, 2.290196e-11, 5.379690e-11, 5.786678e-13, 3.165679e-11, 8.995387e-14, 2.978367e-13, 1.388581e-13, 2.972283e-06, 1.480552e-12, 3.229061e-08, 2.546441e-06, 4.787780e-07, 1.871152e-09, 2.065554e-07, 3.179842e-08, 9.900594e-04, 2.864108e-01, 3.023047e-02, 1.184199e-05, 5.032271e-01, 1.493379e-12, 1.756508e-01, 8.410573e-12, 6.308392e-09, 1.390976e-07, 4.532416e-15, 3.158289e-07, 3.471555e-03, 7.564697e-08, 5.961032e-13, 2.302643e-07, 1.364533e-02, 4.610789e+00, 1.006073e+03, 1.009804e+03
7.350000e-01, 2.111152e+00, 1.130973e+00, 1.017876e-01, 1.130973e+00, 2.800378e-01, 1.314956e-01, -5.291275e+04, 1.671987e+03, 2.501106e+04, 1.671987e+03, 4.700011e+06, 7.698271e-15, 1.272893e-07, 3.546848e-11, 1.636506e-10, 1.825450e-07, 4.401713e-11, 1.146803e-08, 3.148373e-12, 2.169647e-11, 5.090429e-11, 5.434802e-13, 2.979499e-11, 8.497585e-14, 2.826443e-13, 1.334602e-13, 2.862772e-06, 1.411842e-12, 3.153573e-08, 2.547512e-06, 4.662346e-07, 1.835369e-09, 2.065480e-07, 3.168115e-08, 9.727321e-04, 2.863959e-01, 3.025211e-02, 1.173770e-05, 5.032849e-01, 1.408580e-12, 1.756040e-01, 8.049306e-12, 6.304165e-09, 1.382703e-07, 4.439161e-15, 3.161010e-07, 3.471433e-03, 7.585115e-08, 5.839818e-13, 2.276021e-07, 1.364485e-02, 4.613176e+00, 9.881553e+02, 9.918844e+02
7.470000e-01, 2.154014e+00, 1.130973e+00, 1.017876e-01, 1.130973e+00, 2.798937e-01, 1.314956e-01, -9.429667e+03, 1.671070e+03, 2.501106e+04, 1.671070e+03, 4.700011e+06, 7.279344e-15, 1.209656e-07, 3.359363e-11, 1.574517e-10, 1.747594e-07, 4.200637e-11, 1.103523e-08, 2.977180e-12, 2.052911e-11, 4.809439e-11, 5.089695e-13, 2.798917e-11, 7.998611e-14, 2.669524e-13, 1.280661e-13, 2.758426e-06, 1.345983e-12, 3.081830e-08, 2.548572e-06, 4.543023e-07, 1.801100e-09, 2.065409e-07, 3.157366e-08, 9.561963e-04, 2.863806e-01, 3.027380e-02, 1.163629e-05, 5.033411e-01, 1.328103e-12, 1.755583e-01, 7.706456e-12, 6.300125e-09, 1.374680e-07, 4.349233e-15, 3.163722e-07, 3.471315e-03, 7.605193e-08, 5.722808e-13, 2.250143e-07, 1.364438e-02, 4.615550e+00, 9.710568e+02, 9.747847e+02
7.590000e-01, 2.196899e+00, 1.130973e+00, 1.017876e-01, 1.130973e+00, 2.797502e-01, 1.314956e-01, -5.825217e+04, 1.670160e+03, 2.501106e+04, 1.670160e+03, 4.700011e+06, 6.957439e-15, 1.152561e-07, 3.193926e-11, 1.518764e-10, 1.677249e-07, 4.021778e-11, 1.064870e-08, 2.830231e-12, 1.953620e-11, 4.573213e-11, 4.811491e-13, 2.650508e-11, 7.607643e-14, 2.553372e-13, 1.235332e-13, 2.658961e-06, 1.285931e-12, 3.012681e-08, 2.549613e-06, 4.428331e-07, 1.768596e-09, 2.065341e-07, 3.147522e-08, 9.404079e-04, 2.863650e-01, 3.029550e-02, 1.153412e-05, 5.033957e-01, 1.256868e-12, 1.755137e-01, 7.393668e-12, 6.296255e-09, 1.366502e-07, 4.260004e-15, 3.166425e-07, 3.471203e-03, 7.624939e-08, 5.606932e-13, 2.224264e-07, 1.364395e-02, 4.617918e+00, 9.547332e+02, 9.584601e+02
7.710000e-01, 2.239805e+00, 1.130973e+00, 1.017876e-01, 1.130973e+00, 2.796071e-01, 1.314956e-01, -3.731923e+04, 1.669254e+03, 2.501106e+04, 1.669254e+03, 4.700011e+06, 6.647894e-15, 1.099108e-07, 3.039021e-11, 1.466353e-10, 1.611399e-07, 3.854348e-11, 1.028707e-08, 2.690823e-12, 1.859825e-11, 4.350286e-11, 4.549244e-13, 2.511776e-11, 7.229111e-14, 2.441456e-13, 1.191987e-13, 2.564109e-06, 1.229972e-12, 2.946681e-08, 2.550645e-06, 4.319016e-07, 1.737600e-09, 2.065277e-07, 3.138611e-08, 9.253271e-04, 2.863490e-01, 3.031728e-02, 1.143331e-05, 5.034490e-01, 1.190104e-12, 1.754700e-01, 7.099333e-12, 6.292539e-09, 1.358397e-07, 4.173334e-15, 3.169127e-07, 3.471097e-03, 7.644361e-08, 5.494293e-13, 2.198834e-07, 1.364353e-02, 4.620282e+00, 9.391426e+02, 9.428684e+02
7.830000e-01, 2.282734e+00, 1.130973e+00, 1.017876e-01, 1.130973e+00, 2.794643e-01, 1.314956e-01, 2.045259e+04, 1.668352e+03, 2.501106e+04, 1.668352e+03, 4.700011e+06, 6.352690e-15, 1.049077e-07, 2.894159e-11, 1.417068e-10, 1.549665e-07, 3.697495e-11, 9.947830e-09, 2.559223e-12, 1.771486e-11, 4.140550e-11, 4.303486e-13, 2.382264e-11, 6.867269e-14, 2.334455e-13, 1.150620e-13, 2.473603e-06, 1.177799e-12, 2.883602e-08, 2.551667e-06, 4.214651e-07, 1.708013e-09, 2.065215e-07, 3.130565e-08, 9.109142e-04, 2.863327e-01, 3.033915e-02, 1.133379e-05, 5.035009e-01, 1.127717e-12, 1.754272e-01, 6.822408e-12, 6.288961e-09, 1.350366e-07, 4.088964e-15, 3.171829e-07, 3.470994e-03, 7.663468e-08, 5.384585e-13, 2.173821e-07, 1.364312e-02, 4.622643e+00, 9.242438e+02, 9.279686e+02
7.950000e-01, 2.325684e+00, 1.130973e+00, 1.017876e-01, 1.130973e+00, 2.793219e-01, 1.314956e-01, -4.313587e+03, 1.667455e+03, 2.501106e+04, 1.667455e+03, 4.700011e+06, 6.069654e-15, 1.002162e-07, 2.758004e-11, 1.370293e-10, 1.490952e-07, 3.548192e-11, 9.621142e-09, 2.435986e-12, 1.688389e-11, 3.943009e-11, 4.073801e-13, 2.259955e-11, 6.529480e-14, 2.230237e-13, 1.110400e-13, 2.387214e-06, 1.128186e-12, 2.823278e-08, 2.552683e-06, 4.114722e-07, 1.679647e-09, 2.065156e-07, 3.123273e-08, 8.971360e-04, 2.863161e-01, 3.036110e-02, 1.123607e-05, 5.035517e-01, 1.069943e-12, 1.753853e-01, 6.561932e-12, 6.285506e-09, 1.342492e-07, 4.006630e-15, 3.174529e-07, 3.470897e-03, 7.682266e-08, 5.277526e-13, 2.149279e-07, 1.364274e-02, 4.625000e+00, 9.100019e+02, 9.137258e+02
8.070000e-01, 2.368656e+00, 1.130973e+00, 1.017876e-01, 1.130973e+00, 2.791796e-01, 1.314956e-01, -3.073633e+04, 1.666561e+03, 2.501106e+04, 1.666561e+03, 4.700011e+06, 5.806737e-15, 9.583221e-08, 2.631004e-11, 1.326389e-10, 1.435895e-07, 3.408432e-11, 9.314190e-09, 2.320646e-12, 1.611101e-11, 3.759696e-11, 3.862541e-13, 2.147804e-11, 6.214433e-14, 2.133650e-13, 1.072422e-13, 2.304725e-06, 1.081489e-12, 2.765465e-08, 2.553688e-06, 4.019001e-07, 1.652519e-09, 2.065100e-07, 3.116747e-08, 8.839605e-04, 2.862991e-01, 3.038316e-02, 1.113930e-05, 5.036012e-01, 1.016085e-12, 1.753441e-01, 6.317216e-12, 6.282158e-09, 1.334667e-07, 3.926118e-15, 3.177230e-07, 3.470803e-03, 7.700764e-08, 5.172851e-13, 2.125060e-07, 1.364237e-02, 4.627356e+00, 8.963839e+02, 9.001070e+02
8.190000e-01, 2.411650e+00, 1.130973e+00, 1.017876e-01, 1.130973e+00, 2.790375e-01, 1.314956e-01, -4.765380e+04, 1.665670e+03, 2.501106e+04, 1.665670e+03, 4.700011e+06, 5.563818e-15, 9.173079e-08, 2.512513e-11, 1.285199e-10, 1.384329e-07, 3.277819e-11, 9.026937e-09, 2.212594e-12, 1.539265e-11, 3.589827e-11, 3.668486e-13, 2.045388e-11, 5.920602e-14, 2.045001e-13, 1.036756e-13, 2.225917e-06, 1.037512e-12, 2.709997e-08, 2.554685e-06, 3.927234e-07, 1.626574e-09, 2.065046e-07, 3.110954e-08, 8.713550e-04, 2.862818e-01, 3.040533e-02, 1.104330e-05, 5.036497e-01, 9.657412e-13, 1.753036e-01, 6.086952e-12, 6.278901e-09, 1.326871e-07, 3.847330e-15, 3.179934e-07, 3.470714e-03, 7.718968e-08, 5.070423e-13, 2.101127e-07, 1.364202e-02, 4.629713e+00, 8.833561e+02, 8.870785e+02
8.310000e-01, 2.454666e+00, 1.130973e+00, 1.017876e-01, 1.130973e+00, 2.788956e-01, 1.314956e-01, -1.739081e+04, 1.664782e+03, 2.501106e+04, 1.664782e+03, 4.700011e+06, 5.333415e-15, 8.786836e-08, 2.401308e-11, 1.246311e-10, 1.335875e-07, 3.155228e-11, 8.758910e-09, 2.110670e-12, 1.471389e-11, 3.429598e-11, 3.485897e-13, 1.949251e-11, 5.641856e-14, 1.961386e-13, 1.003060e-13, 2.150598e-06, 9.962705e-13, 2.656827e-08, 2.555676e-06, 3.839399e-07, 1.601820e-09, 2.064994e-07, 3.105859e-08, 8.592916e-04, 2.862642e-01, 3.042758e-02, 1.094826e-05, 5.036971e-01, 9.186288e-13, 1.752639e-01, 5.868931e-12, 6.275724e-09, 1.319113e-07, 3.770497e-15, 3.182639e-07, 3.470629e-03, 7.736884e-08, 4.970426e-13, 2.077530e-07, 1.364169e-02, 4.632068e+00, 8.708893e+02, 8.746109e+02
8.430000e-01, 2.497704e+00, 1.130973e+00, 1.017876e-01, 1.130973e+00, 2.787540e-01, 1.314956e-01, 1.392999e+04, 1.663898e+03, 2.501106e+04, 1.663898e+03, 4.700011e+06, 5.114201e-15, 8.423355e-08, 2.296833e-11, 1.209520e-10, 1.290125e-07, 3.039582e-11, 8.505885e-09, 2.014643e-12, 1.407325e-11, 3.278485e-11, 3.314659e-13, 1.858826e-11, 5.378292e-14, 1.881693e-13, 9.709101e-14, 2.078582e-06, 9.574531e-13, 2.605827e-08, 2.556661e-06, 3.755189e-07, 1.578143e-09, 2.064945e-07, 3.101406e-08, 8.477431e-04, 2.862463e-01, 3.044990e-02, 1.085434e-05, 5.037436e-01, 8.745717e-13, 1.752248e-01, 5.662749e-12, 6.272616e-09, 1.311424e-07, 3.695470e-15, 3.185343e-07, 3.470547e-03, 7.754519e-08, 4.872726e-13, 2.054281e-07, 1.364137e-02, 4.634421e+00, 8.589554e+02, 8.626763e+02
8.550000e-01, 2.540763e+00, 1.130973e+00, 1.017876e-01, 1.130973e+00, 2.786128e-01, 1.314956e-01, -6.863278e+03, 1.663017e+03, 2.501106e+04, 1.663017e+03, 4.700011e+06, 4.904743e-15, 8.081918e-08, 2.198568e-11, 1.174625e-10, 1.246648e-07, 2.929711e-11, 8.262799e-09, 1.924341e-12, 1.346998e-11, 3.136099e-11, 3.154929e-13, 1.773688e-11, 5.130388e-14, 1.804571e-13, 9.397656e-14, 2.009702e-06, 9.207362e-13, 2.556885e-08, 2.557640e-06, 3.674300e-07, 1.555410e-09, 2.064898e-07, 3.097540e-08, 8.366849e-04, 2.862282e-01, 3.047231e-02, 1.076174e-05, 5.037891e-01, 8.334517e-13, 1.751864e-01, 5.468254e-12, 6.269567e-09, 1.303842e-07, 3.622094e-15, 3.188048e-07, 3.470468e-03, 7.771878e-08, 4.777200e-13, 2.031397e-07, 1.364106e-02, 4.636771e+00, 8.475287e+02, 8.512490e+02
8.670000e-01, 2.583845e+00, 1.130973e+00, 1.017876e-01, 1.130973e+00, 2.784715e-01, 1.314956e-01, -5.778648e+04, 1.662138e+03, 2.501106e+04, 1.662138e+03, 4.700011e+06, 4.710179e-15, 7.762432e-08, 2.106500e-11, 1.141759e-10, 1.205624e-07, 2.826168e-11, 8.030674e-09, 1.839443e-12, 1.290928e-11, 3.003998e-11, 3.008567e-13, 1.696265e-11, 4.899559e-14, 1.732554e-13, 9.099112e-14, 1.943796e-06, 8.860240e-13, 2.509840e-08, 2.558608e-06, 3.596476e-07, 1.533534e-09, 2.064852e-07, 3.094268e-08, 8.260933e-04, 2.862098e-01, 3.049481e-02, 1.067002e-05, 5.038337e-01, 7.949455e-13, 1.751485e-01, 5.285262e-12, 6.266564e-09, 1.296318e-07, 3.550148e-15, 3.190756e-07, 3.470393e-03, 7.788967e-08, 4.683648e-13, 2.008790e-07, 1.364076e-02, 4.639124e+00, 8.365847e+02, 8.403044e+02
8.790000e-01, 2.626948e+00, 1.130973e+00, 1.017876e-01, 1.130973e+00, 2.783302e-01, 1.314956e-01, -8.085737e+04, 1.661260e+03, 2.501106e+04, 1.661260e+03, 4.700011e+06, 4.529457e-15, 7.462371e-08, 2.020151e-11, 1.110790e-10, 1.167039e-07, 2.728921e-11, 7.811879e-09, 1.759395e-12, 1.238540e-11, 2.880921e-11, 2.873160e-13, 1.625621e-11, 4.683356e-14, 1.665967e-13, 8.815876e-14, 1.880711e-06, 8.532053e-13, 2.464618e-08, 2.559568e-06, 3.521699e-07, 1.512540e-09, 2.064809e-07, 3.091586e-08, 8.159455e-04, 2.861911e-01, 3.051741e-02, 1.057907e-05, 5.038775e-01, 7.588132e-13, 1.751112e-01, 5.112404e-12, 6.263600e-09, 1.288827e-07, 3.479783e-15, 3.193469e-07, 3.470322e-03, 7.805793e-08, 4.592176e-13, 1.986454e-07, 1.364048e-02, 4.641478e+00, 8.260998e+02, 8.298191e+02
8.910000e-01, 2.670073e+00, 1.130973e+00, 1.017876e-01, 1.130973e+00, 2.781891e-01, 1.314956e-01, 1.956010e+04, 1.660385e+03, 2.501106e+04, 1.660385e+03, 4.700011e+06, 4.359502e-15, 7.177700e-08, 1.938878e-11, 1.081518e-10, 1.130934e-07, 2.638103e-11, 7.611703e-09, 1.683440e-12, 1.188729e-11, 2.764373e-11, 2.744112e-13, 1.559437e-11, 4.476961e-14, 1.604918e-13, 8.553018e-14, 1.820300e-06, 8.222405e-13, 2.421176e-08, 2.560524e-06, 3.450095e-07, 1.492544e-09, 2.064767e-07, 3.089490e-08, 8.062200e-04, 2.861722e-01, 3.054008e-02, 1.048877e-05, 5.039205e-01, 7.247707e-13, 1.750744e-01, 4.947448e-12, 6.260669e-09, 1.281328e-07, 3.411321e-15, 3.196184e-07, 3.470253e-03, 7.822359e-08, 4.502999e-13, 1.964400e-07, 1.364021e-02, 4.643831e+00, 8.160518e+02, 8.197706e+02
9.030000e-01, 2.713220e+00, 1.130973e+00, 1.017876e-01, 1.130973e+00, 2.780488e-01, 1.314956e-01, 8.825435e+04, 1.659516e+03, 2.501106e+04, 1.659516e+03, 4.700011e+06, 4.192564e-15, 6.905865e-08, 1.861672e-11, 1.053459e-10, 1.096484e-07, 2.551486e-11, 7.423864e-09, 1.611523e-12, 1.140686e-11, 2.651863e-11, 2.619594e-13, 1.493803e-11, 4.277902e-14, 1.545227e-13, 8.303848e-14, 1.762433e-06, 7.927385e-13, 2.379391e-08, 2.561483e-06, 3.381300e-07, 1.473512e-09, 2.064727e-07, 3.087834e-08, 7.968981e-04, 2.861531e-01, 3.056277e-02, 1.039966e-05, 5.039626e-01, 6.926648e-13, 1.750382e-01, 4.789336e-12, 6.257766e-09, 1.273908e-07, 3.344447e-15, 3.198892e-07, 3.470187e-03, 7.838672e-08, 4.415676e-13, 1.942690e-07, 1.363995e-02, 4.646176e+00, 8.064210e+02, 8.101393e+02
9.150000e-01, 2.756389e+00, 1.130973e+00, 1.017876e-01, 1.130973e+00, 2.779088e-01, 1.314956e-01, 5.614169e+04, 1.658650e+03, 2.501106e+04, 1.658650e+03, 4.700011e+06, 4.028505e-15, 6.647865e-08, 1.788423e-11, 1.026591e-10, 1.063440e-07, 2.468418e-11, 7.243438e-09, 1.543614e-12, 1.094733e-11, 2.543982e-11, 2.501485e-13, 1.429370e-11, 4.087373e-14, 1.485740e-13, 8.063192e-14, 1.706985e-06, 7.647005e-13, 2.339127e-08, 2.562441e-06, 3.314939e-07, 1.455294e-09, 2.064689e-07, 3.086574e-08, 7.879619e-04, 2.861338e-01, 3.058551e-02, 1.031169e-05, 5.040040e-01, 6.624711e-13, 1.750025e-01, 4.638661e-12, 6.254881e-09, 1.266585e-07, 3.278787e-15, 3.201597e-07, 3.470123e-03, 7.854734e-08, 4.329872e-13, 1.921282e-07, 1.363970e-02, 4.648516e+00, 7.971888e+02, 8.009067e+02
9.270000e-01, 2.799580e+00, 1.130973e+00, 1.017876e-01, 1.130973e+00, 2.777684e-01, 1.314956e-01, -1.482271e+05, 1.657783e+03, 2.501106e+04, 1.657783e+03, 4.700011e+06, 3.874550e-15, 6.409167e-08, 1.719834e-11, 1.001277e-10, 1.031835e-07, 2.389011e-11, 7.062081e-09, 1.479976e-12, 1.052616e-11, 2.444895e-11, 2.396937e-13, 1.371534e-11, 3.912128e-14, 1.427306e-13, 7.822496e-14, 1.653840e-06, 7.383467e-13, 2.300221e-08, 2.563387e-06, 3.250465e-07, 1.437535e-09, 2.064652e-07, 3.085737e-08, 7.793947e-04, 2.861142e-01, 3.060839e-02, 1.022449e-05, 5.040448e-01, 6.343335e-13, 1.749672e-01, 4.498327e-12, 6.252000e-09, 1.259354e-07, 3.213723e-15, 3.204313e-07, 3.470063e-03, 7.870554e-08, 4.245213e-13, 1.900055e-07, 1.363947e-02, 4.650866e+00, 7.883379e+02, 7.920555e+02
9.390000e-01, 2.842792e+00, 1.130973e+00, 1.017876e-01, 1.130973e+00, 2.776282e-01, 1.314956e-01, -1.036329e+05, 1.656919e+03, 2.501106e+04, 1.656919e+03, 4.700011e+06, 3.736535e-15, 6.183715e-08, 1.655350e-11, 9.774814e-11, 1.002457e-07, 2.315284e-11, 6.894384e-09, 1.419219e-12, 1.013104e-11, 2.352615e-11, 2.298034e-13, 1.321051e-11, 3.748768e-14, 1.376321e-13, 7.594885e-14, 1.602878e-06, 7.135156e-13, 2.262971e-08, 2.564318e-06, 3.188929e-07, 1.420449e-09, 2.064617e-07, 3.085516e-08, 7.711773e-04, 2.860945e-01, 3.063132e-02, 1.013821e-05, 5.040849e-01, 6.077480e-13, 1.749323e-01, 4.365073e-12, 6.249127e-09, 1.252132e-07, 3.151004e-15, 3.207031e-07, 3.470005e-03, 7.886136e-08, 4.163590e-13, 1.879194e-07, 1.363924e-02, 4.653214e+00, 7.798488e+02, 7.835661e+02
9.510000e-01, 2.886026e+00, 1.130973e+00, 1.017876e-01, 1.130973e+00, 2.774881e-01, 1.314956e-01, 3.540559e+04, 1.656056e+03, 2.501106e+04, 1.656056e+03, 4.700011e+06, 3.608855e-15, 5.970206e-08, 1.594478e-11, 9.549532e-11, 9.748254e-08, 2.246003e-11, 6.737346e-09, 1.361418e-12, 9.758073e-12, 2.265864e-11, 2.204646e-13, 1.275186e-11, 3.594926e-14, 1.329884e-13, 7.378705e-14, 1.553992e-06, 6.900213e-13, 2.227147e-08, 2.565240e-06, 3.129829e-07, 1.404034e-09, 2.064583e-07, 3.085784e-08, 7.632941e-04, 2.860745e-01, 3.065431e-02, 1.005274e-05, 5.041244e-01, 5.826241e-13, 1.748979e-01, 4.238194e-12, 6.246255e-09, 1.244937e-07, 3.089951e-15, 3.209752e-07, 3.469949e-03, 7.901483e-08, 4.084110e-13, 1.858618e-07, 1.363902e-02, 4.655563e+00, 7.717051e+02, 7.754221e+02
9.630000e-01, 2.929282e+00, 1.130973e+00, 1.017876e-01, 1.130973e+00, 2.773483e-01, 1.314956e-01, -6.540749e+03, 1.655196e+03, 2.501106e+04, 1.655196e+03, 4.700011e+06, 3.478624e-15, 5.765092e-08, 1.536248e-11, 9.331568e-11, 9.480697e-08, 2.178938e-11, 6.588112e-09, 1.306796e-12, 9.395372e-12, 2.181130e-11, 2.114671e-13, 1.227119e-11, 3.444277e-14, 1.282157e-13, 7.173780e-14, 1.507080e-06, 6.674994e-13, 2.192404e-08, 2.566174e-06, 3.072450e-07, 1.388423e-09, 2.064550e-07, 3.086302e-08, 7.557309e-04, 2.860544e-01, 3.067738e-02, 9.967945e-06, 5.041633e-01, 5.588305e-13, 1.748639e-01, 4.115762e-12, 6.243378e-09, 1.237804e-07, 3.029473e-15, 3.212474e-07, 3.469895e-03, 7.916600e-08, 4.005192e-13, 1.838213e-07, 1.363881e-02, 4.657911e+00, 7.638919e+02, 7.676086e+02
9.750000e-01, 2.972560e+00, 1.130973e+00, 1.017876e-01, 1.130973e+00, 2.772084e-01, 1.314956e-01, -1.281151e+04, 1.654337e+03, 2.501106e+04, 1.654337e+03, 4.700011e+06, 3.355534e-15, 5.571376e-08, 1.481287e-11, 9.124791e-11, 9.227012e-08, 2.115439e-11, 6.445973e-09, 1.255003e-12, 9.053120e-12, 2.101280e-11, 2.030517e-13, 1.182480e-11, 3.302030e-14, 1.236916e-13, 6.977080e-14, 1.462051e-06, 6.461158e-13, 2.158901e-08, 2.567102e-06, 3.017125e-07, 1.373400e-09, 2.064519e-07, 3.087235e-08, 7.484738e-04, 2.860340e-01, 3.070054e-02, 9.883904e-06, 5.042016e-01, 5.364049e-13, 1.748302e-01, 3.999504e-12, 6.240488e-09, 1.230709e-07, 2.970345e-15, 3.215200e-07, 3.469844e-03, 7.931491e-08, 3.928053e-13, 1.818058e-07, 1.363861e-02, 4.660260e+00, 7.563949e+02, 7.601114e+02
9.870000e-01, 3.015860e+00, 1.130973e+00, 1.017876e-01, 1.130973e+00, 2.770687e-01, 1.314956e-01, -5.818277e+03, 1.653479e+03, 2.501106e+04, 1.653479e+03, 4.700011e+06, 3.238719e-15, 5.387824e-08, 1.429235e-11, 8.927994e-11, 8.985727e-08, 2.055100e-11, 6.310304e-09, 1.205820e-12, 8.729034e-12, 2.025743e-11, 1.951425e-13, 1.140726e-11, 3.167372e-14, 1.193860e-13, 6.787936e-14, 1.418811e-06, 6.257772e-13, 2.126571e-08, 2.568024e-06, 2.963725e-07, 1.358942e-09, 2.064489e-07, 3.088553e-08, 7.415092e-04, 2.860135e-01, 3.072377e-02, 9.800632e-06, 5.042394e-01, 5.152122e-13, 1.747968e-01, 3.888776e-12, 6.237582e-09, 1.223657e-07, 2.912473e-15, 3.217930e-07, 3.469795e-03, 7.946161e-08, 3.852555e-13, 1.798146e-07, 1.363841e-02, 4.662612e+00, 7.492000e+02, 7.529163e+02
9.990000e-01, 3.059181e+00, 1.130973e+00, 1.017876e-01, 1.130973e+00, 2.769291e-01, 1.314956e-01, -7.385974e+02, 1.652624e+03, 2.501106e+04, 1.652624e+03, 4.700011e+06, 3.128689e-15, 5.212758e-08, 1.379612e-11, 8.739817e-11, 8.755780e-08, 1.997563e-11, 6.180875e-09, 1.158906e-12, 8.420782e-12, 1.954020e-11, 1.876225e-13, 1.101843e-11, 3.039902e-14, 1.153482e-13, 6.605566e-14, 1.377276e-06, 6.064277e-13, 2.095386e-08, 2.568942e-06, 2.912180e-07, 1.345020e-09, 2.064460e-07, 3.090241e-08, 7.348249e-04, 2.859928e-01, 3.074706e-02, 9.718226e-06, 5.042767e-01, 4.950579e-13, 1.747639e-01, 3.782684e-12, 6.234655e-09, 1.216660e-07, 2.855828e-15, 3.220662e-07, 3.469747e-03, 7.960614e-08, 3.778651e-13, 1.778493e-07, 1.363823e-02, 4.664962e+00, 7.422945e+02, 7.460106e+02
1.011000e+00, 3.102524e+00, 1.130973e+00, 1.017876e-01, 1.130973e+00, 2.767896e-01, 1.314956e-01, -2.985553e+03, 1.651770e+03, 2.501106e+04, 1.651770e+03, 4.700011e+06, 3.023243e-15, 5.046390e-08, 1.332544e-11, 8.560214e-11, 8.536562e-08, 1.942759e-11, 6.057785e-09, 1.114364e-12, 8.127423e-12, 1.885799e-11, 1.805159e-13, 1.064836e-11, 2.918507e-14, 1.114802e-13, 6.430940e-14, 1.337370e-06, 5.880088e-13, 2.065244e-08, 2.569858e-06, 2.862350e-07, 1.331647e-09, 2.064433e-07, 3.092262e-08, 7.284093e-04, 2.859719e-01, 3.077042e-02, 9.636545e-06, 5.043134e-01, 4.760082e-13, 1.747312e-01, 3.681334e-12, 6.231704e-09, 1.209705e-07, 2.800310e-15, 3.223397e-07, 3.469702e-03, 7.974853e-08, 3.706191e-13, 1.759066e-07, 1.363805e-02, 4.667313e+00, 7.356664e+02, 7.393824e+02
1.023000e+00, 3.145890e+00, 1.130973e+00, 1.017876e-01, 1.130973e+00, 2.766502e-01, 1.314956e-01, -1.119454e+04, 1.650918e+03, 2.501106e+04, 1.650918e+03, 4.700011e+06, 2.922121e-15, 4.888159e-08, 1.287863e-11, 8.388682e-11, 8.327443e-08, 1.890526e-11, 5.940681e-09, 1.072043e-12, 7.848010e-12, 1.820854e-11, 1.737933e-13, 1.029573e-11, 2.802814e-14, 1.077724e-13, 6.263677e-14, 1.299015e-06, 5.704686e-13, 2.036097e-08, 2.570770e-06, 2.814158e-07, 1.318799e-09, 2.064406e-07, 3.094604e-08, 7.222510e-04, 2.859509e-01, 3.079383e-02, 9.555582e-06, 5.043497e-01, 4.579856e-13, 1.746989e-01, 3.584437e-12, 6.228725e-09, 1.202792e-07, 2.745899e-15, 3.226134e-07, 3.469658e-03, 7.988883e-08, 3.635150e-13, 1.739864e-07, 1.363788e-02, 4.669664e+00, 7.293039e+02, 7.330198e+02
1.035000e+00, 3.189277e+00, 1.130973e+00, 1.017876e-01, 1.130973e+00, 2.765109e-01, 1.314956e-01, -1.416522e+04, 1.650067e+03, 2.501106e+04, 1.650067e+03, 4.700011e+06, 2.825554e-15, 4.737534e-08, 1.245368e-11, 8.224819e-11, 8.127953e-08, 1.840721e-11, 5.828997e-09, 1.031755e-12, 7.582009e-12, 1.759066e-11, 1.674299e-13, 9.962253e-12, 2.692759e-14, 1.042265e-13, 6.102997e-14, 1.262148e-06, 5.537607e-13, 2.007924e-08, 2.571680e-06, 2.767561e-07, 1.306442e-09, 2.064381e-07, 3.097268e-08, 7.163404e-04, 2.859297e-01, 3.081731e-02, 9.475359e-06, 5.043856e-01, 4.408820e-13, 1.746668e-01, 3.491724e-12, 6.225716e-09, 1.195922e-07, 2.692610e-15, 3.228874e-07, 3.469616e-03, 8.002706e-08, 3.565559e-13, 1.720890e-07, 1.363771e-02, 4.672016e+00, 7.231970e+02, 7.269128e+02
1.047000e+00, 3.232685e+00, 1.130973e+00, 1.017876e-01, 1.130973e+00, 2.763718e-01, 1.314956e-01, -1.022164e+04, 1.649217e+03, 2.501106e+04, 1.649217e+03, 4.700011e+06, 2.733109e-15, 4.594041e-08, 1.204918e-11, 8.068183e-11, 7.937486e-08, 1.793196e-11, 5.722411e-09, 9.933740e-13, 7.328510e-12, 1.700210e-11, 1.614024e-13, 9.645952e-12, 2.587918e-14, 1.008232e-13, 5.948633e-14, 1.226696e-06, 5.378336e-13, 1.980678e-08, 2.572586e-06, 2.722480e-07, 1.294555e-09, 2.064356e-07, 3.100238e-08, 7.106666e-04, 2.859083e-01, 3.084085e-02, 9.395858e-06, 5.044210e-01, 4.246305e-13, 1.746351e-01, 3.402949e-12, 6.222674e-09, 1.189093e-07, 2.640421e-15, 3.231618e-07, 3.469576e-03, 8.016327e-08, 3.497386e-13, 1.702140e-07, 1.363756e-02, 4.674369e+00, 7.173346e+02, 7.210503e+02
1.059000e+00, 3.276116e+00, 1.130973e+00, 1.017876e-01, 1.130973e+00, 2.762327e-01, 1.314956e-01, -1.367174e+03, 1.648369e+03, 2.501106e+04, 1.648369e+03, 4.700011e+06, 2.644635e-15, 4.457225e-08, 1.166381e-11, 7.918341e-11, 7.755500e-08, 1.747808e-11, 5.620619e-09, 9.567872e-13, 7.086778e-12, 1.644112e-11, 1.556871e-13, 9.345937e-12, 2.488027e-14, 9.755928e-14, 5.800217e-14, 1.192593e-06, 5.226408e-13, 1.954316e-08, 2.573490e-06, 2.678844e-07, 1.283118e-09, 2.064333e-07, 3.103505e-08, 7.052198e-04, 2.858868e-01, 3.086445e-02, 9.317069e-06, 5.044560e-01, 4.091783e-13, 1.746035e-01, 3.317877e-12, 6.219596e-09, 1.182306e-07, 2.589298e-15, 3.234365e-07, 3.469538e-03, 8.029750e-08, 3.430590e-13, 1.683610e-07, 1.363741e-02, 4.676722e+00, 7.117063e+02, 7.154220e+02
1.071000e+00, 3.319569e+00, 1.130973e+00, 1.017876e-01, 1.130973e+00, 2.760937e-01, 1.314956e-01, 1.221857e+03, 1.647522e+03, 2.501106e+04, 1.647522e+03, 4.700011e+06, 2.560166e-15, 4.326683e-08, 1.129665e-11, 7.774848e-11, 7.581492e-08, 1.704424e-11, 5.523442e-09, 9.219273e-13, 6.856201e-12, 1.590646e-11, 1.502597e-13, 9.061573e-12, 2.392933e-14, 9.444829e-14, 5.657427e-14, 1.159781e-06, 5.081423e-13, 1.928798e-08, 2.574391e-06, 2.636582e-07, 1.272110e-09, 2.064310e-07, 3.107055e-08, 6.999915e-04, 2.858652e-01, 3.088812e-02, 9.238977e-06, 5.044906e-01, 3.945100e-13, 1.745723e-01, 3.236295e-12, 6.216480e-09, 1.175560e-07, 2.539182e-15, 3.237114e-07, 3.469501e-03, 8.042977e-08, 3.365095e-13, 1.665292e-07, 1.363726e-02, 4.679077e+00, 7.063035e+02, 7.100191e+02
1.083000e+00, 3.363043e+00, 1.130973e+00, 1.017876e-01, 1.130973e+00, 2.759548e-01, 1.314956e-01, 1.284037e+03, 1.646676e+03, 2.501106e+04, 1.646676e+03, 4.700011e+06, 2.479432e-15, 4.201926e-08, 1.094613e-11, 7.637272e-11, 7.414891e-08, 1.662898e-11, 5.430495e-09, 8.886523e-13, 6.635962e-12, 1.539612e-11, 1.450967e-13, 8.791806e-12, 2.302303e-14, 9.147604e-14, 5.519867e-14, 1.128192e-06, 4.942877e-13, 1.904081e-08, 2.575290e-06, 2.595623e-07, 1.261510e-09, 2.064288e-07, 3.110878e-08, 6.949711e-04, 2.858434e-01, 3.091184e-02, 9.161575e-06, 5.045248e-01, 3.805482e-13, 1.745413e-01, 3.157952e-12, 6.213322e-09, 1.168856e-07, 2.490058e-15, 3.239867e-07, 3.469465e-03, 8.056012e-08, 3.300883e-13, 1.647184e-07, 1.363712e-02, 4.681432e+00, 7.011150e+02, 7.048307e+02
1.095000e+00, 3.406540e+00, 1.130973e+00, 1.017876e-01, 1.130973e+00, 2.758160e-01, 1.314956e-01, -9.607950e+02, 1.645832e+03, 2.501106e+04, 1.645832e+03, 4.700011e+06, 2.402224e-15, 4.082611e-08, 1.061127e-11, 7.505291e-11, 7.255281e-08, 1.623122e-11, 5.341558e-09, 8.568735e-13, 6.425460e-12, 1.490866e-11, 1.401810e-13, 8.535658e-12, 2.215878e-14, 8.863525e-14, 5.387297e-14, 1.097768e-06, 4.810407e-13, 1.880131e-08, 2.576186e-06, 2.555908e-07, 1.251299e-09, 2.064268e-07, 3.114964e-08, 6.901502e-04, 2.858215e-01, 3.093562e-02, 9.084847e-06, 5.045587e-01, 3.672487e-13, 1.745105e-01, 3.082668e-12, 6.210120e-09, 1.162193e-07, 2.441902e-15, 3.242623e-07, 3.469431e-03, 8.068859e-08, 3.237923e-13, 1.629281e-07, 1.363699e-02, 4.683788e+00, 6.961323e+02, 6.998480e+02
1.107000e+00, 3.450058e+00, 1.130973e+00, 1.017876e-01, 1.130973e+00, 2.756772e-01, 1.314956e-01, -8.383159e+02, 1.644988e+03, 2.501106e+04, 1.644988e+03, 4.700011e+06, 2.328217e-15, 3.968676e-08, 1.029191e-11, 7.378845e-11, 7.102554e-08, 1.585079e-11, 5.256637e-09, 8.265668e-13, 6.224441e-12, 1.444339e-11, 1.355128e-13, 8.291972e-12, 2.133439e-14, 8.591164e-14, 5.259795e-14, 1.068478e-06, 4.683906e-13, 1.856922e-08, 2.577080e-06, 2.517405e-07, 1.241472e-09, 2.064248e-07, 3.119309e-08, 6.855238e-04, 2.857994e-01, 3.095947e-02, 9.008770e-06, 5.045922e-01, 3.545948e-13, 1.744800e-01, 3.010402e-12, 6.206875e-09, 1.155566e-07, 2.394702e-15, 3.245383e-07, 3.469398e-03, 8.081520e-08, 3.176196e-13, 1.611579e-07, 1.363686e-02, 4.686145e+00, 6.913501e+02, 6.950658e+02
1.119000e+00, 3.493598e+00, 1.130973e+00, 1.017876e-01, 1.130973e+00, 2.755385e-01, 1.314956e-01, -1.292568e+03, 1.644146e+03, 2.501106e+04, 1.644146e+03, 4.700011e+06, 2.257271e-15, 3.859610e-08, 9.986539e-12, 7.257449e-11, 6.956106e-08, 1.548610e-11, 5.175377e-09, 7.976041e-13, 6.032095e-12, 1.399843e-11, 1.310649e-13, 8.059878e-12, 2.054709e-14, 8.330220e-14, 5.136931e-14, 1.040253e-06, 4.562856e-13, 1.834412e-08, 2.577972e-06, 2.480037e-07, 1.232006e-09, 2.064228e-07, 3.123900e-08, 6.810814e-04, 2.857773e-01, 3.098338e-02, 8.933334e-06, 5.046254e-01, 3.425257e-13, 1.744496e-01, 2.940889e-12, 6.203582e-09, 1.148977e-07, 2.348425e-15, 3.248146e-07, 3.469367e-03, 8.094000e-08, 3.115662e-13, 1.594073e-07, 1.363674e-02, 4.688504e+00, 6.867575e+02, 6.904733e+02
1.131000e+00, 3.537160e+00, 1.130973e+00, 1.017876e-01, 1.130973e+00, 2.753999e-01, 1.314956e-01, -2.201571e+03, 1.643304e+03, 2.501106e+04, 1.643304e+03, 4.700011e+06, 2.189203e-15, 3.755112e-08, 9.694285e-12, 7.140817e-11, 6.815568e-08, 1.513620e-11, 5.097577e-09, 7.699064e-13, 5.847894e-12, 1.357251e-11, 1.268228e-13, 7.838533e-12, 1.979463e-14, 8.079972e-14, 5.018490e-14, 1.013041e-06, 4.446942e-13, 1.812568e-08, 2.578862e-06, 2.443754e-07, 1.222886e-09, 2.064210e-07, 3.128729e-08, 6.768154e-04, 2.857549e-01, 3.100734e-02, 8.858531e-06, 5.046583e-01, 3.310030e-13, 1.744195e-01, 2.873970e-12, 6.200240e-09, 1.142425e-07, 2.303051e-15, 3.250914e-07, 3.469337e-03, 8.106300e-08, 3.056294e-13, 1.576759e-07, 1.363662e-02, 4.690864e+00, 6.823468e+02, 6.860627e+02
1.143000e+00, 3.580744e+00, 1.130973e+00, 1.017876e-01, 1.130973e+00, 2.752614e-01, 1.314956e-01, -9.948088e+02, 1.642464e+03, 2.501106e+04, 1.642464e+03, 4.700011e+06, 2.123911e-15, 3.655107e-08, 9.414887e-12, 7.028873e-11, 6.680843e-08, 1.480085e-11, 5.023160e-09, 7.434474e-13, 5.671693e-12, 1.316524e-11, 1.227840e-13, 7.627662e-12, 1.907626e-14, 7.839612e-14, 4.904422e-14, 9.868229e-07, 4.336091e-13, 1.791381e-08, 2.579751e-06, 2.408540e-07, 1.214105e-09, 2.064192e-07, 3.133792e-08, 6.727224e-04, 2.857325e-01, 3.103137e-02, 8.784374e-06, 5.046909e-01, 3.200178e-13, 1.743895e-01, 2.809602e-12, 6.196849e-09, 1.135911e-07, 2.258578e-15, 3.253684e-07, 3.469308e-03, 8.118424e-08, 2.998089e-13, 1.559642e-07, 1.363650e-02, 4.693225e+00, 6.781143e+02, 6.818303e+02
1.155000e+00, 3.624350e+00, 1.130973e+00, 1.017876e-01, 1.130973e+00, 2.751229e-01, 1.314956e-01, 1.322587e+03, 1.641624e+03, 2.501106e+04, 1.641624e+03, 4.700011e+06, 2.061175e-15, 3.559201e-08, 9.147207e-12, 6.921244e-11, 6.551451e-08, 1.447881e-11, 4.951877e-09, 7.181262e-13, 5.502809e-12, 1.277501e-11, 1.189290e-13, 7.426190e-12, 1.838915e-14, 7.608457e-14, 4.794447e-14, 9.615365e-07, 4.229885e-13, 1.770811e-08, 2.580637e-06, 2.374327e-07, 1.205645e-09, 2.064175e-07, 3.139079e-08, 6.687931e-04, 2.857100e-01, 3.105545e-02, 8.710845e-06, 5.047233e-01, 3.095194e-13, 1.743597e-01, 2.747578e-12, 6.193406e-09, 1.129435e-07, 2.214977e-15, 3.256459e-07, 3.469280e-03, 8.130375e-08, 2.941011e-13, 1.542714e-07, 1.363639e-02, 4.695588e+00, 6.740505e+02, 6.777666e+02
1.167000e+00, 3.667978e+00, 1.130973e+00, 1.017876e-01, 1.130973e+00, 2.749844e-01, 1.314956e-01, 4.519584e+03, 1.640786e+03, 2.501106e+04, 1.640786e+03, 4.700011e+06, 2.000845e-15, 3.467132e-08, 8.890481e-12, 6.817679e-11, 6.427070e-08, 1.416928e-11, 4.883545e-09, 6.938736e-13, 5.340789e-12, 1.240074e-11, 1.152450e-13, 7.233434e-12, 1.773139e-14, 7.385914e-14, 4.688367e-14, 9.371373e-07, 4.128049e-13, 1.750828e-08, 2.581522e-06, 2.341069e-07, 1.197491e-09, 2.064159e-07, 3.144581e-08, 6.650206e-04, 2.856873e-01, 3.107959e-02, 8.637936e-06, 5.047553e-01, 2.994751e-13, 1.743301e-01, 2.687759e-12, 6.189910e-09, 1.122994e-07, 2.172229e-15, 3.259237e-07, 3.469253e-03, 8.142157e-08, 2.885032e-13, 1.525973e-07, 1.363629e-02, 4.697952e+00, 6.701482e+02, 6.738645e+02
1.179000e+00, 3.711627e+00, 1.130973e+00, 1.017876e-01, 1.130973e+00, 2.748461e-01, 1.314956e-01, 5.619856e+03, 1.639948e+03, 2.501106e+04, 1.639948e+03, 4.700011e+06, 1.943001e-15, 3.378855e-08, 8.644603e-12, 6.718104e-11, 6.307614e-08, 1.387203e-11, 4.818085e-09, 6.706768e-13, 5.185600e-12, 1.204242e-11, 1.117299e-13, 7.049728e-12, 1.710306e-14, 7.172502e-14, 4.586027e-14, 9.136096e-07, 4.030506e-13, 1.731423e-08, 2.582406e-06, 2.308746e-07, 1.189636e-09, 2.064143e-07, 3.150296e-08, 6.614023e-04, 2.856645e-01, 3.110378e-02, 8.565640e-06, 5.047871e-01, 2.898829e-13, 1.743007e-01, 2.630116e-12, 6.186362e-09, 1.116591e-07, 2.130310e-15, 3.262019e-07, 3.469228e-03, 8.153770e-08, 2.830127e-13, 1.509417e-07, 1.363619e-02, 4.700317e+00, 6.664047e+02, 6.701212e+02
1.191000e+00, 3.755299e+00, 1.130973e+00, 1.017876e-01, 1.130973e+00, 2.747077e-01, 1.314956e-01, 5.049395e+03, 1.639111e+03, 2.501106e+04, 1.639111e+03, 4.700011e+06, 1.887423e-15, 3.294046e-08, 8.408620e-12, 6.622216e-11, 6.192692e-08, 1.358607e-11, 4.755286e-09, 6.484505e-13, 5.036668e-12, 1.169865e-11, 1.083681e-13, 6.874090e-12, 1.650169e-14, 6.967303e-14, 4.487218e-14, 8.909007e-07, 3.936921e-13, 1.712562e-08, 2.583288e-06, 2.277304e-07, 1.182065e-09, 2.064128e-07, 3.156214e-08, 6.579301e-04, 2.856416e-01, 3.112803e-02, 8.493951e-06, 5.048186e-01, 2.807011e-13, 1.742714e-01, 2.574479e-12, 6.182759e-09, 1.110224e-07, 2.089200e-15, 3.264804e-07, 3.469203e-03, 8.165219e-08, 2.776269e-13, 1.493041e-07, 1.363609e-02, 4.702683e+00, 6.628117e+02, 6.665283e+02
1.203000e+00, 3.798993e+00, 1.130973e+00, 1.017876e-01, 1.130973e+00, 2.745695e-01, 1.314956e-01, 2.183840e+03, 1.638275e+03, 2.501106e+04, 1.638275e+03, 4.700011e+06, 1.833993e-15, 3.212479e-08, 8.181874e-12, 6.529792e-11, 6.082022e-08, 1.331067e-11, 4.694986e-09, 6.271345e-13, 4.893605e-12, 1.136853e-11, 1.051487e-13, 6.705989e-12, 1.592568e-14, 6.769890e-14, 4.391751e-14, 8.689705e-07, 3.847050e-13, 1.694219e-08, 2.584169e-06, 2.246702e-07, 1.174764e-09, 2.064114e-07, 3.162329e-08, 6.545979e-04, 2.856186e-01, 3.115233e-02, 8.422860e-06, 5.048499e-01, 2.719016e-13, 1.742422e-01, 2.520728e-12, 6.179100e-09, 1.103893e-07, 2.048879e-15, 3.267593e-07, 3.469179e-03, 8.176506e-08, 2.723434e-13, 1.476844e-07, 1.363600e-02, 4.705051e+00, 6.593628e+02, 6.630796e+02
1.215000e+00, 3.842709e+00, 1.130973e+00, 1.017876e-01, 1.130973e+00, 2.744313e-01, 1.314956e-01, 9.414540e+02, 1.637440e+03, 2.501106e+04, 1.637440e+03, 4.700011e+06, 1.782659e-15, 3.134093e-08, 7.964215e-12, 6.440774e-11, 5.975532e-08, 1.304569e-11, 4.637164e-09, 6.067113e-13, 4.756298e-12, 1.105182e-11, 1.020696e-13, 6.545317e-12, 1.537445e-14, 6.580358e-14, 4.299547e-14, 8.477996e-07, 3.760818e-13, 1.676381e-08, 2.585048e-06, 2.216920e-07, 1.167727e-09, 2.064100e-07, 3.168639e-08, 6.514023e-04, 2.855955e-01, 3.117669e-02, 8.352356e-06, 5.048810e-01, 2.634758e-13, 1.742132e-01, 2.468828e-12, 6.175386e-09, 1.097597e-07, 2.009344e-15, 3.270386e-07, 3.469157e-03, 8.187634e-08, 2.671614e-13, 1.460824e-07, 1.363591e-02, 4.707420e+00, 6.560546e+02, 6.597716e+02
1.227000e+00, 3.886447e+00, 1.130973e+00, 1.017876e-01, 1.130973e+00, 2.742932e-01, 1.314956e-01, 9.423378e+02, 1.636606e+03, 2.501106e+04, 1.636606e+03, 4.700011e+06, 1.733309e-15, 3.058679e-08, 7.755035e-12, 6.354954e-11, 5.872962e-08, 1.279047e-11, 4.581670e-09, 5.871248e-13, 4.624386e-12, 1.074766e-11, 9.912068e-14, 6.391582e-12, 1.484650e-14, 6.398327e-14, 4.210427e-14, 8.273498e-07, 3.677999e-13, 1.659024e-08, 2.585925e-06, 2.187918e-07, 1.160942e-09, 2.064086e-07, 3.175137e-08, 6.483375e-04, 2.855722e-01, 3.120111e-02, 8.282431e-06, 5.049119e-01, 2.553976e-13, 1.741844e-01, 2.418669e-12, 6.171615e-09, 1.091335e-07, 1.970576e-15, 3.273183e-07, 3.469135e-03, 8.198605e-08, 2.620786e-13, 1.444977e-07, 1.363583e-02, 4.709791e+00, 6.528810e+02, 6.565982e+02
1.239000e+00, 3.930206e+00, 1.130973e+00, 1.017876e-01, 1.130973e+00, 2.741551e-01, 1.314956e-01, 3.529237e+03, 1.635772e+03, 2.501106e+04, 1.635772e+03, 4.700011e+06, 1.685857e-15, 2.986091e-08, 7.553923e-12, 6.272190e-11, 5.774131e-08, 1.254454e-11, 4.528410e-09, 5.683355e-13, 4.497613e-12, 1.045547e-11, 9.629533e-14, 6.244457e-12, 1.434074e-14, 6.223626e-14, 4.124257e-14, 8.075912e-07, 3.598430e-13, 1.642130e-08, 2.586802e-06, 2.159666e-07, 1.154399e-09, 2.064074e-07, 3.181820e-08, 6.453986e-04, 2.855489e-01, 3.122558e-02, 8.213077e-06, 5.049425e-01, 2.476483e-13, 1.741556e-01, 2.370171e-12, 6.167787e-09, 1.085106e-07, 1.932563e-15, 3.275984e-07, 3.469114e-03, 8.209422e-08, 2.570934e-13, 1.429300e-07, 1.363575e-02, 4.712163e+00, 6.498369e+02, 6.535544e+02
1.251000e+00, 3.973988e+00, 1.130973e+00, 1.017876e-01, 1.130973e+00, 2.740171e-01, 1.314956e-01, 5.544599e+03, 1.634939e+03, 2.501106e+04, 1.634939e+03, 4.700011e+06, 1.640158e-15, 2.916198e-08, 7.360481e-12, 6.192340e-11, 5.678856e-08, 1.230744e-11, 4.477273e-09, 5.503053e-13, 4.375711e-12, 1.017457e-11, 9.358713e-14, 6.103351e-12, 1.385591e-14, 6.055336e-14, 4.040965e-14, 7.884973e-07, 3.521943e-13, 1.625681e-08, 2.587677e-06, 2.132138e-07, 1.148092e-09, 2.064061e-07, 3.188681e-08, 6.425815e-04, 2.855255e-01, 3.125009e-02, 8.144299e-06, 5.049729e-01, 2.402156e-13, 1.741270e-01, 2.323259e-12, 6.163901e-09, 1.078912e-07, 1.895282e-15, 3.278789e-07, 3.469094e-03, 8.220087e-08, 2.522030e-13, 1.413795e-07, 1.363567e-02, 4.714537e+00, 6.469182e+02, 6.506359e+02
1.263000e+00, 4.017792e+00, 1.130973e+00, 1.017876e-01, 1.130973e+00, 2.738791e-01, 1.314956e-01, 8.270644e+03, 1.634107e+03, 2.501106e+04, 1.634107e+03, 4.700011e+06, 1.596129e-15, 2.848884e-08, 7.174379e-12, 6.115285e-11, 5.586989e-08, 1.207881e-11, 4.428186e-09, 5.330016e-13, 4.258467e-12, 9.904458e-12, 9.099083e-14, 5.967962e-12, 1.339105e-14, 5.893245e-14, 3.960442e-14, 7.700418e-07, 3.448403e-13, 1.609663e-08, 2.588552e-06, 2.105308e-07, 1.142010e-09, 2.064049e-07, 3.195716e-08, 6.398819e-04, 2.855020e-01, 3.127467e-02, 8.076093e-06, 5.050032e-01, 2.330851e-13, 1.740985e-01, 2.277869e-12, 6.159958e-09, 1.072753e-07, 1.858723e-15, 3.281597e-07, 3.469075e-03, 8.230603e-08, 2.474059e-13, 1.398458e-07, 1.363559e-02, 4.716911e+00, 6.441203e+02, 6.478383e+02
1.275000e+00, 4.061618e+00, 1.130973e+00, 1.017876e-01, 1.130973e+00, 2.737412e-01, 1.314956e-01, 1.175474e+04, 1.633276e+03, 2.501106e+04, 1.633276e+03, 4.700011e+06, 1.553668e-15, 2.784046e-08, 6.995320e-12, 6.040918e-11, 5.498395e-08, 1.185830e-11, 4.381075e-09, 5.163946e-13, 4.145675e-12, 9.644646e-12, 8.850175e-14, 5.837921e-12, 1.294519e-14, 5.736923e-14, 3.882609e-14, 7.522008e-07, 3.377680e-13, 1.594060e-08, 2.589425e-06, 2.079153e-07, 1.136149e-09, 2.064038e-07, 3.202920e-08, 6.372959e-04, 2.854784e-01, 3.129929e-02, 8.008455e-06, 5.050333e-01, 2.262452e-13, 1.740702e-01, 2.233944e-12, 6.155957e-09, 1.066628e-07, 1.822871e-15, 3.284409e-07, 3.469057e-03, 8.240972e-08, 2.427003e-13, 1.383288e-07, 1.363552e-02, 4.719288e+00, 6.414393e+02, 6.451575e+02
1.287000e+00, 4.105466e+00, 1.130973e+00, 1.017876e-01, 1.130973e+00, 2.736034e-01, 1.314956e-01, 1.440259e+04, 1.632445e+03, 2.501106e+04, 1.632445e+03, 4.700011e+06, 1.512755e-15, 2.721498e-08, 6.822764e-12, 5.969059e-11, 5.412841e-08, 1.164533e-11, 4.335789e-09, 5.004376e-13, 4.037069e-12, 9.394519e-12, 8.611141e-14, 5.713014e-12, 1.251732e-14, 5.586205e-14, 3.807314e-14, 7.349460e-07, 3.309625e-13, 1.578849e-08, 2.590298e-06, 2.053635e-07, 1.130496e-09, 2.064027e-07, 3.210289e-08, 6.348189e-04, 2.854547e-01, 3.132396e-02, 7.941359e-06, 5.050632e-01, 2.196712e-13, 1.740419e-01, 2.191382e-12, 6.151898e-09, 1.060535e-07, 1.787700e-15, 3.287225e-07, 3.469039e-03, 8.251197e-08, 2.380830e-13, 1.368278e-07, 1.363545e-02, 4.721666e+00, 6.388705e+02, 6.425890e+02
1.299000e+00, 4.149336e+00, 1.130973e+00, 1.017876e-01, 1.130973e+00, 2.734655e-01, 1.314956e-01, 1.543964e+04, 1.631615e+03, 2.501106e+04, 1.631615e+03, 4.700011e+06, 1.473315e-15, 2.661131e-08, 6.656397e-12, 5.899595e-11, 5.330185e-08, 1.143952e-11, 4.292244e-09, 4.851008e-13, 3.932456e-12, 9.153617e-12, 8.381499e-14, 5.592937e-12, 1.210656e-14, 5.440705e-14, 3.734475e-14, 7.182551e-07, 3.244122e-13, 1.564017e-08, 2.591169e-06, 2.028728e-07, 1.125045e-09, 2.064017e-07, 3.217821e-08, 6.324475e-04, 2.854309e-01, 3.134870e-02, 7.874796e-06, 5.050929e-01, 2.133507e-13, 1.740137e-01, 2.150121e-12, 6.147779e-09, 1.054474e-07, 1.753193e-15, 3.290045e-07, 3.469023e-03, 8.261280e-08, 2.335516e-13, 1.353425e-07, 1.363539e-02, 4.724045e+00, 6.364101e+02, 6.401290e+02
1.311000e+00, 4.193229e+00, 1.130973e+00, 1.017876e-01, 1.130973e+00, 2.733277e-01, 1.314956e-01, 1.374236e+04, 1.630785e+03, 2.501106e+04, 1.630785e+03, 4.700011e+06, 1.435289e-15, 2.602838e-08, 6.495903e-12, 5.832416e-11, 5.250283e-08, 1.124053e-11, 4.250351e-09, 4.703546e-13, 3.831650e-12, 8.921495e-12, 8.160764e-14, 5.477425e-12, 1.171208e-14, 5.300066e-14, 3.664013e-14, 7.021066e-07, 3.181064e-13, 1.549548e-08, 2.592040e-06, 2.004408e-07, 1.119789e-09, 2.064007e-07, 3.225511e-08, 6.301780e-04, 2.854070e-01, 3.137348e-02, 7.808757e-06, 5.051225e-01, 2.072707e-13, 1.739856e-01, 2.110099e-12, 6.143601e-09, 1.048445e-07, 1.719331e-15, 3.292870e-07, 3.469007e-03, 8.271222e-08, 2.291039e-13, 1.338727e-07, 1.363532e-02, 4.726427e+00, 6.340546e+02, 6.377737e+02
1.323000e+00, 4.237143e+00, 1.130973e+00, 1.017876e-01, 1.130973e+00, 2.731899e-01, 1.314956e-01, 7.802138e+03, 1.629955e+03, 2.501106e+04, 1.629955e+03, 4.700011e+06, 1.398630e-15, 2.546507e-08, 6.340955e-12, 5.767407e-11, 5.172987e-08, 1.104797e-11, 4.210018e-09, 4.561691e-13, 3.734472e-12, 8.697727e-12, 7.948447e-14, 5.366245e-12, 1.133309e-14, 5.163957e-14, 3.595845e-14, 6.864801e-07, 3.120348e-13, 1.535426e-08, 2.592911e-06, 1.980649e-07, 1.114719e-09, 2.063997e-07, 3.233357e-08, 6.280070e-04, 2.853830e-01, 3.139833e-02, 7.743225e-06, 5.051519e-01, 2.014176e-13, 1.739576e-01, 2.071254e-12, 6.139364e-09, 1.042446e-07, 1.686092e-15, 3.295700e-07, 3.468991e-03, 8.281027e-08, 2.247372e-13, 1.324178e-07, 1.363526e-02, 4.728811e+00, 6.318004e+02, 6.355199e+02
1.335000e+00, 4.281080e+00, 1.130973e+00, 1.017876e-01, 1.130973e+00, 2.730521e-01, 1.314956e-01, -4.183220e+03, 1.629126e+03, 2.501106e+04, 1.629126e+03, 4.700011e+06, 1.363300e-15, 2.492030e-08, 6.191243e-12, 5.704459e-11, 5.098158e-08, 1.086148e-11, 4.171150e-09, 4.425162e-13, 3.640751e-12, 8.481914e-12, 7.744082e-14, 5.259188e-12, 1.096888e-14, 5.032055e-14, 3.529895e-14, 6.713561e-07, 3.061883e-13, 1.521638e-08, 2.593781e-06, 1.957425e-07, 1.109830e-09, 2.063988e-07, 3.241354e-08, 6.259314e-04, 2.853589e-01, 3.142323e-02, 7.678184e-06, 5.051812e-01, 1.957784e-13, 1.739297e-01, 2.033523e-12, 6.135068e-09, 1.036477e-07, 1.653456e-15, 3.298535e-07, 3.468977e-03, 8.290697e-08, 2.204488e-13, 1.309774e-07, 1.363520e-02, 4.731198e+00, 6.296442e+02, 6.333640e+02
