Distance_PFRC2_(m), Plug_flow_residence_time_PFRC2_(sec), Internal_surface_area_per_unit_distance_PFRC2_(m), Cross-section_area_PFRC2_(m2), External_surface_area_per_unit_distance_PFRC2_(m), Velocity_PFRC2_(m/sec), Exit_mass_flow_rate_PFRC2_(kg/sec), Volumetric_heat_production_rate_PFRC2_(J/m3-sec), Surface_temperature_PFRC2_(K), Heat_loss_rate_PFRC2_(J/m-sec), Temperature_PFRC2_(K), Pressure_PFRC2_(Pa), Mass_fraction_N2_PFRC2_(), Mass_fraction_H2_PFRC2_(), Mass_fraction_H_PFRC2_(), Mass_fraction_O2_PFRC2_(), Mass_fraction_H2O_PFRC2_(), Mass_fraction_OH_PFRC2_(), Mass_fraction_HO2_PFRC2_(), Mass_fraction_CO_PFRC2_(), Mass_fraction_CO2_PFRC2_(), Mass_fraction_CH4_PFRC2_(), Mass_fraction_CH3_PFRC2_(), Mass_fraction_CH3OH_PFRC2_(), Mass_fraction_CH2O_PFRC2_(), Mass_fraction_HCO_PFRC2_(), Mass_fraction_HOCHO_PFRC2_(), Mass_fraction_C2H6_PFRC2_(), Mass_fraction_C2H5_PFRC2_(), Mass_fraction_C2H4_PFRC2_(), Mass_fraction_C2H3_PFRC2_(), Mass_fraction_CHCHO_PFRC2_(), Mass_fraction_C2H2_PFRC2_(), Mass_fraction_CH3CHO_PFRC2_(), Mass_fraction_C2H3OH_PFRC2_(), Mass_fraction_CH2CO_PFRC2_(), Mass_fraction_HCCOH_PFRC2_(), Mass_fraction_C3H6_PFRC2_(), Mass_fraction_CH3CHCO_PFRC2_(), Mass_fraction_C3H4-P_PFRC2_(), Mass_fraction_C3H4-A_PFRC2_(), Mass_fraction_C3H3_PFRC2_(), Mass_fraction_C4H4_PFRC2_(), Mass_fraction_C4H2_PFRC2_(), Mass_fraction_C6H6_PFRC2_(), Molecular_weight_PFRC2_(kg/mole), Mass_density_PFRC2_(kg/m3), Unburned_hydrocarbons_PFRC2_(ppm), Volatile_organic_compounds_PFRC2_(ppm)
1.350000e-01, 0.000000e+00, 1.130973e+00, 1.017876e-01, 1.130973e+00, 2.879135e-01, 1.766300e-01, 3.574329e+07, 1.779793e+03, 0.000000e+00, 1.779793e+03, 4.700000e+06, 4.456110e-03, 2.968919e-02, 1.250125e-06, 3.745091e-05, 2.928970e-01, 1.684628e-06, 9.547622e-08, 4.523689e-01, 2.103462e-01, 9.578359e-03, 1.541553e-05, 3.391541e-06, 4.561449e-06, 3.295756e-07, 6.803272e-07, 5.075093e-06, 4.238376e-08, 1.639881e-04, 1.168044e-07, 1.010845e-05, 4.089189e-04, 3.184459e-07, 4.123402e-07, 4.792972e-06, 3.120458e-07, 5.072426e-07, 3.253500e-08, 2.780627e-06, 1.092216e-06, 2.540893e-07, 2.728803e-07, 2.390740e-07, 6.057184e-08, 1.897640e-02, 6.027087e+00, 1.218119e+04, 1.220102e+04
1.416408e-01, 2.313890e-02, 1.130973e+00, 1.017876e-01, 1.130973e+00, 2.863547e-01, 1.766300e-01, -8.851038e+06, 1.750870e+03, 2.501106e+04, 1.750870e+03, 4.700076e+06, 4.456110e-03, 3.130007e-02, 9.788523e-07, 2.621194e-09, 2.886882e-01, 1.152305e-06, 6.435256e-12, 4.629229e-01, 2.072533e-01, 5.229292e-03, 6.270012e-06, 1.400746e-06, 3.632246e-06, 2.833705e-07, 7.224549e-07, 1.309802e-06, 9.765921e-09, 4.145107e-05, 2.181446e-08, 8.291603e-06, 8.228808e-05, 9.021389e-08, 8.681885e-08, 1.608768e-06, 5.119248e-08, 6.242895e-08, 4.033803e-09, 2.792891e-07, 1.089074e-07, 2.047253e-08, 1.323026e-08, 9.099214e-09, 1.079358e-09, 1.876932e-02, 6.059891e+00, 6.302243e+03, 6.314867e+03
1.470000e-01, 4.187515e-02, 1.130973e+00, 1.017876e-01, 1.130973e+00, 2.857586e-01, 1.766300e-01, -5.363934e+06, 1.741172e+03, 2.501106e+04, 1.741172e+03, 4.700076e+06, 4.456110e-03, 3.182325e-02, 9.084793e-07, 2.200976e-09, 2.873050e-01, 1.022977e-06, 5.324328e-12, 4.660844e-01, 2.064606e-01, 3.792826e-03, 4.154047e-06, 9.389978e-07, 3.457018e-06, 2.713859e-07, 7.332419e-07, 6.662082e-07, 4.669612e-09, 2.018360e-05, 9.635208e-09, 7.266011e-06, 3.688895e-05, 5.028032e-08, 4.029538e-08, 1.014079e-06, 2.144812e-08, 2.139374e-08, 1.541789e-09, 8.812542e-08, 3.426251e-08, 5.909446e-09, 2.991733e-09, 1.776927e-09, 5.718362e-11, 1.870428e-02, 6.072527e+00, 4.508134e+03, 4.518783e+03
1.590000e-01, 8.392979e-02, 1.130973e+00, 1.017876e-01, 1.130973e+00, 2.850130e-01, 1.766300e-01, -2.454186e+06, 1.729992e+03, 2.501106e+04, 1.729992e+03, 4.700076e+06, 4.456110e-03, 3.240766e-02, 8.328091e-07, 1.614140e-09, 2.857493e-01, 8.915456e-07, 3.848679e-12, 4.694852e-01, 2.056910e-01, 2.179495e-03, 2.150386e-06, 4.964922e-07, 3.308342e-06, 2.579639e-07, 7.451843e-07, 2.144225e-07, 1.384983e-09, 6.130871e-06, 2.588170e-09, 5.592987e-06, 1.009027e-05, 2.080790e-08, 1.161402e-08, 5.039480e-07, 5.391739e-09, 2.933286e-09, 3.593525e-10, 1.221980e-08, 4.763481e-09, 8.150008e-10, -1.267605e-10, 1.203824e-10, 4.993709e-11, 1.863281e-02, 6.088418e+00, 2.556877e+03, 2.565129e+03
1.710000e-01, 1.260679e-01, 1.130973e+00, 1.017876e-01, 1.130973e+00, 2.845770e-01, 1.766300e-01, -6.249030e+05, 1.724157e+03, 2.501106e+04, 1.724157e+03, 4.700076e+06, 4.456110e-03, 3.269406e-02, 7.950397e-07, 1.243168e-09, 2.849718e-01, 8.295641e-07, 2.949081e-12, 4.710763e-01, 2.053917e-01, 1.391486e-03, 1.301252e-06, 3.069140e-07, 3.252258e-06, 2.509456e-07, 7.512416e-07, 8.616265e-08, 5.434902e-10, 2.420548e-06, 9.836509e-10, 4.406341e-06, 3.851918e-06, 1.122074e-08, 4.650804e-09, 3.014850e-07, 2.013651e-09, 9.417223e-10, 1.300648e-10, 3.521343e-09, 1.365473e-09, 2.192809e-10, 5.643686e-11, 3.177532e-11, 3.686037e-13, 1.859841e-02, 6.097746e+00, 1.623566e+03, 1.630408e+03
1.830000e-01, 1.682597e-01, 1.130973e+00, 1.017876e-01, 1.130973e+00, 2.842690e-01, 1.766301e-01, -8.592420e+05, 1.720450e+03, 2.501106e+04, 1.720450e+03, 4.700076e+06, 4.456110e-03, 3.286231e-02, 7.732149e-07, 9.787880e-10, 2.845028e-01, 7.940476e-07, 2.323132e-12, 4.719667e-01, 2.052657e-01, 9.330510e-04, 8.430573e-07, 2.038227e-07, 3.224234e-06, 2.469855e-07, 7.541766e-07, 3.865501e-08, 2.382660e-10, 1.072549e-06, 4.168929e-10, 3.512880e-06, 1.652429e-06, 6.757020e-09, 2.095636e-09, 1.943221e-07, 8.448256e-10, 2.875240e-10, 5.336735e-11, 1.021892e-09, 3.946692e-10, 5.502065e-11, 1.205623e-11, 4.114928e-12, 8.060463e-13, 1.857852e-02, 6.104349e+00, 1.085386e+03, 1.091250e+03
1.950000e-01, 2.104919e-01, 1.130973e+00, 1.017876e-01, 1.130973e+00, 2.840297e-01, 1.766301e-01, -4.942387e+05, 1.717861e+03, 2.501106e+04, 1.717861e+03, 4.700076e+06, 4.456110e-03, 3.296864e-02, 7.573326e-07, 7.810763e-10, 2.841957e-01, 7.694898e-07, 1.859609e-12, 4.724943e-01, 2.052268e-01, 6.477441e-04, 5.717125e-07, 1.425197e-07, 3.208609e-06, 2.439044e-07, 7.565054e-07, 1.841597e-08, 1.121562e-10, 5.071212e-07, 1.919465e-10, 2.822476e-06, 7.620563e-07, 4.369533e-09, 1.029004e-09, 1.314508e-07, 3.835967e-10, 8.420191e-11, 2.396068e-11, 2.925995e-10, 1.131774e-10, 1.659605e-11, 1.516149e-12, 6.825417e-13, 1.545433e-13, 1.856619e-02, 6.109490e+00, 7.521061e+02, 7.572514e+02
2.070000e-01, 2.527565e-01, 1.130973e+00, 1.017876e-01, 1.130973e+00, 2.838305e-01, 1.766301e-01, -7.630036e+05, 1.715917e+03, 2.501106e+04, 1.715917e+03, 4.700076e+06, 4.456110e-03, 3.303929e-02, 7.470233e-07, 6.294602e-10, 2.839822e-01, 7.531742e-07, 1.507348e-12, 4.728143e-01, 2.052366e-01, 4.622875e-04, 4.007815e-07, 1.037218e-07, 3.199347e-06, 2.420633e-07, 7.574375e-07, 9.593426e-09, 5.778107e-11, 2.633343e-07, 9.789894e-11, 2.280476e-06, 3.906416e-07, 2.980788e-09, 5.610842e-10, 9.221581e-08, 1.954567e-10, 3.161848e-11, 1.207909e-11, 9.754790e-11, 3.764713e-11, 6.254667e-12, 1.257871e-13, 1.220584e-12, 4.077866e-14, 1.855819e-02, 6.113777e+00, 5.361758e+02, 5.407747e+02
2.190000e-01, 2.950487e-01, 1.130973e+00, 1.017876e-01, 1.130973e+00, 2.836558e-01, 1.766301e-01, 3.175082e+05, 1.714356e+03, 2.501106e+04, 1.714356e+03, 4.700076e+06, 4.456110e-03, 3.308899e-02, 7.363052e-07, 5.103438e-10, 2.838237e-01, 7.380554e-07, 1.231937e-12, 4.730134e-01, 2.052741e-01, 3.354635e-04, 2.878780e-07, 7.811882e-08, 3.193540e-06, 2.397290e-07, 7.592315e-07, 5.112660e-09, 3.114369e-11, 1.411578e-07, 5.252270e-11, 1.849173e-06, 2.089383e-07, 2.105011e-09, 3.234317e-10, 6.617592e-08, 1.057473e-10, 1.720217e-11, 6.541617e-12, 6.307877e-11, 2.442111e-11, 3.339991e-12, 3.940123e-13, -1.853281e-13, 4.976348e-14, 1.855273e-02, 6.117542e+00, 3.887885e+02, 3.929621e+02
2.310000e-01, 3.373655e-01, 1.130973e+00, 1.017876e-01, 1.130973e+00, 2.834978e-01, 1.766301e-01, 3.098705e+05, 1.713050e+03, 2.501106e+04, 1.713050e+03, 4.700076e+06, 4.456110e-03, 3.312499e-02, 7.287319e-07, 4.159010e-10, 2.837014e-01, 7.269971e-07, 1.014203e-12, 4.731343e-01, 2.053286e-01, 2.469034e-04, 2.095894e-07, 6.029278e-08, 3.189738e-06, 2.382137e-07, 7.600470e-07, 2.780991e-09, 1.701150e-11, 7.700404e-08, 2.846062e-11, 1.503531e-06, 1.128044e-07, 1.515039e-09, 1.922809e-10, 4.822736e-08, 5.721336e-11, 7.230786e-12, 3.505340e-12, 2.401395e-11, 9.269320e-12, 1.416824e-12, 2.386195e-13, 7.764988e-14, 2.685217e-14, 1.854891e-02, 6.120948e+00, 2.859941e+02, 2.898320e+02
2.430000e-01, 3.797051e-01, 1.130973e+00, 1.017876e-01, 1.130973e+00, 2.833494e-01, 1.766301e-01, -1.159398e+06, 1.711907e+03, 2.501106e+04, 1.711907e+03, 4.700076e+06, 4.456110e-03, 3.315146e-02, 7.251073e-07, 3.406873e-10, 2.836039e-01, 7.204102e-07, 8.392571e-13, 4.731993e-01, 2.053969e-01, 1.851574e-04, 1.539103e-07, 4.749178e-08, 3.187241e-06, 2.378745e-07, 7.591945e-07, 1.531691e-09, 9.006969e-12, 4.282496e-08, 1.478501e-11, 1.225473e-06, 6.123379e-08, 1.102028e-09, 1.151228e-10, 3.571103e-08, 3.087615e-11, -7.548711e-14, 1.866128e-12, 7.928278e-13, 3.477651e-13, 1.343485e-13, -2.629725e-13, 8.236498e-14, -3.551035e-14, 1.854626e-02, 6.124155e+00, 2.143839e+02, 2.179548e+02
2.550000e-01, 4.220662e-01, 1.130973e+00, 1.017876e-01, 1.130973e+00, 2.832068e-01, 1.766301e-01, -8.513385e+05, 1.710874e+03, 2.501106e+04, 1.710874e+03, 4.700076e+06, 4.456110e-03, 3.317141e-02, 7.183996e-07, 2.802054e-10, 2.835230e-01, 7.113070e-07, 6.997882e-13, 4.732254e-01, 2.054753e-01, 1.419142e-04, 1.170936e-07, 3.911808e-08, 3.185783e-06, 2.363982e-07, 7.600545e-07, 9.247730e-10, 5.686492e-12, 2.666415e-08, 9.605467e-12, 1.001033e-06, 3.931546e-08, 8.376058e-10, 7.947154e-11, 2.723720e-08, 2.056425e-11, 3.110164e-12, 1.194219e-12, 1.090418e-11, 4.135351e-12, 2.299594e-14, 1.324068e-13, -6.206987e-14, -1.858104e-14, 1.854440e-02, 6.127238e+00, 1.642781e+02, 1.676365e+02
2.670000e-01, 4.644480e-01, 1.130973e+00, 1.017876e-01, 1.130973e+00, 2.830710e-01, 1.766301e-01, 2.146358e+05, 1.709930e+03, 2.501106e+04, 1.709930e+03, 4.700076e+06, 4.456110e-03, 3.318703e-02, 7.106779e-07, 2.311697e-10, 2.834539e-01, 7.015765e-07, 5.887965e-13, 4.732278e-01, 2.055580e-01, 1.106198e-04, 9.155100e-08, 3.336908e-08, 3.184909e-06, 2.344939e-07, 7.616566e-07, 5.676773e-10, 3.569263e-12, 1.605900e-08, 5.852041e-12, 8.189394e-07, 2.298790e-08, 6.558288e-10, 5.484849e-11, 2.121218e-08, 1.207184e-11, 8.730802e-13, 7.199552e-13, 2.716822e-12, 1.046658e-12, 1.815743e-13, 6.167301e-14, -1.045961e-14, 5.728328e-15, 1.854305e-02, 6.130179e+00, 1.280258e+02, 1.312133e+02
2.790000e-01, 5.068501e-01, 1.130973e+00, 1.017876e-01, 1.130973e+00, 2.829390e-01, 1.766301e-01, -7.892291e+04, 1.709046e+03, 2.501106e+04, 1.709046e+03, 4.700076e+06, 4.456110e-03, 3.319924e-02, 7.060261e-07, 1.918972e-10, 2.833937e-01, 6.950301e-07, 4.978257e-13, 4.732105e-01, 2.056451e-01, 8.889861e-05, 7.267011e-08, 2.904930e-08, 3.184408e-06, 2.335703e-07, 7.618350e-07, 3.728831e-10, 2.360342e-12, 1.091290e-08, 3.862982e-12, 6.720016e-07, 1.551531e-08, 5.215238e-10, 4.022695e-11, 1.694651e-08, 8.200883e-12, 2.516194e-13, 4.806076e-13, 6.621115e-13, 2.552104e-13, 4.811681e-14, 7.162822e-15, 5.624731e-15, 2.250693e-15, 1.854212e-02, 6.133039e+00, 1.028736e+02, 1.059240e+02
2.910000e-01, 5.492719e-01, 1.130973e+00, 1.017876e-01, 1.130973e+00, 2.828092e-01, 1.766301e-01, -7.766585e+05, 1.708202e+03, 2.501106e+04, 1.708202e+03, 4.700076e+06, 4.456110e-03, 3.320911e-02, 7.014105e-07, 1.602501e-10, 2.833396e-01, 6.886599e-07, 4.238412e-13, 4.731793e-01, 2.057358e-01, 7.380396e-05, 5.968342e-08, 2.606779e-08, 3.184211e-06, 2.326296e-07, 7.621427e-07, 3.188940e-10, 1.908732e-12, 9.312806e-09, 3.147520e-12, 5.532863e-07, 1.361701e-08, 4.299953e-10, 3.332801e-11, 1.402816e-08, 7.342549e-12, 1.230417e-12, 4.286610e-13, 4.062196e-12, 1.562639e-12, 2.001537e-13, 9.657562e-14, 9.765356e-15, 8.749121e-15, 1.854147e-02, 6.135854e+00, 8.540366e+01, 8.834430e+01
3.030000e-01, 5.917131e-01, 1.130973e+00, 1.017876e-01, 1.130973e+00, 2.826806e-01, 1.766301e-01, -1.193797e+06, 1.707382e+03, 2.501106e+04, 1.707382e+03, 4.700076e+06, 4.456110e-03, 3.321753e-02, 6.965887e-07, 1.344733e-10, 2.832891e-01, 6.822098e-07, 3.636601e-13, 4.731394e-01, 2.058289e-01, 6.283400e-05, 5.037490e-08, 2.394999e-08, 3.184211e-06, 2.315912e-07, 7.625797e-07, 2.885975e-10, 1.634833e-12, 8.277158e-09, 2.710327e-12, 4.564256e-07, 1.241529e-08, 3.644692e-10, 2.869881e-11, 1.192121e-08, 6.818820e-12, 2.085529e-12, 3.984780e-13, 6.947286e-12, 2.668800e-12, 3.221477e-13, 1.789562e-13, 3.174815e-15, 1.357310e-14, 1.854100e-02, 6.138646e+00, 7.270884e+01, 7.556031e+01
3.150000e-01, 6.341735e-01, 1.130973e+00, 1.017876e-01, 1.130973e+00, 2.825532e-01, 1.766301e-01, 3.715746e+05, 1.706579e+03, 2.501106e+04, 1.706579e+03, 4.700076e+06, 4.456110e-03, 3.322503e-02, 6.909597e-07, 1.132967e-10, 2.832410e-01, 6.751612e-07, 3.165720e-13, 4.730942e-01, 2.059232e-01, 5.443197e-05, 4.354105e-08, 2.249502e-08, 3.184365e-06, 2.302280e-07, 7.632414e-07, 1.522224e-10, 1.074067e-12, 4.807900e-09, 1.728582e-12, 3.767160e-07, 6.419116e-09, 3.164864e-10, 2.152885e-11, 1.027018e-08, 3.313347e-12, -7.782529e-13, 1.898136e-13, -3.198957e-12, -1.236782e-12, -1.622893e-13, -8.078507e-14, 6.759571e-15, -2.359411e-15, 1.854064e-02, 6.141413e+00, 6.297560e+01, 6.575383e+01
3.270000e-01, 6.766527e-01, 1.130973e+00, 1.017876e-01, 1.130973e+00, 2.824286e-01, 1.766301e-01, 6.508609e+05, 1.705802e+03, 2.501106e+04, 1.705802e+03, 4.700076e+06, 4.456110e-03, 3.323175e-02, 6.858959e-07, 9.576017e-11, 2.831955e-01, 6.686851e-07, 2.764871e-13, 4.730458e-01, 2.060169e-01, 4.803358e-05, 3.837183e-08, 2.134788e-08, 3.184578e-06, 2.290511e-07, 7.638966e-07, 1.137269e-10, 7.807603e-13, 3.647138e-09, 1.367172e-12, 3.111639e-07, 5.474884e-09, 2.799658e-10, 1.805104e-11, 9.066923e-09, 3.180166e-12, -1.224961e-13, 1.661790e-13, 3.204945e-13, 1.435242e-13, 7.580637e-14, -3.180530e-14, 1.980619e-15, -4.512576e-15, 1.854036e-02, 6.144121e+00, 5.557095e+01, 5.828918e+01
3.390000e-01, 7.191507e-01, 1.130973e+00, 1.017876e-01, 1.130973e+00, 2.823051e-01, 1.766301e-01, 2.055341e+05, 1.705037e+03, 2.501106e+04, 1.705037e+03, 4.700076e+06, 4.456110e-03, 3.323792e-02, 6.812880e-07, 8.135438e-11, 2.831514e-01, 6.626719e-07, 2.424509e-13, 4.729945e-01, 2.061111e-01, 4.313385e-05, 3.420710e-08, 2.041645e-08, 3.184832e-06, 2.280252e-07, 7.643790e-07, 1.137238e-10, 6.829397e-13, 3.425026e-09, 1.215342e-12, 2.571267e-07, 5.404349e-09, 2.507651e-10, 1.627557e-11, 8.131880e-09, 3.234925e-12, 7.772675e-13, 1.728956e-13, 3.348367e-12, 1.304276e-12, 2.058906e-13, 5.282233e-14, -2.811012e-15, -2.391074e-16, 1.854015e-02, 6.146809e+00, 4.990240e+01, 5.257122e+01
3.510000e-01, 7.616672e-01, 1.130973e+00, 1.017876e-01, 1.130973e+00, 2.821809e-01, 1.766301e-01, -2.430326e+05, 1.704272e+03, 2.501106e+04, 1.704272e+03, 4.700076e+06, 4.456110e-03, 3.324369e-02, 6.769020e-07, 6.955247e-11, 2.831081e-01, 6.569068e-07, 2.138688e-13, 4.729400e-01, 2.062068e-01, 3.949734e-05, 3.076546e-08, 1.968887e-08, 3.185129e-06, 2.270684e-07, 7.646210e-07, 9.845066e-11, 6.942126e-13, 2.928873e-09, 9.530049e-13, 2.121180e-07, 2.965339e-09, 2.272758e-10, 1.453789e-11, 7.364667e-09, 1.121609e-12, -7.337912e-13, 8.809977e-14, -4.874319e-12, -1.925338e-12, -3.674559e-13, -5.628567e-14, -5.568667e-16, 1.800841e-15, 1.854000e-02, 6.149516e+00, 4.569106e+01, 4.831869e+01
3.630000e-01, 8.042024e-01, 1.130973e+00, 1.017876e-01, 1.130973e+00, 2.820572e-01, 1.766301e-01, -3.107324e+05, 1.703514e+03, 2.501106e+04, 1.703514e+03, 4.700076e+06, 4.456110e-03, 3.324920e-02, 6.722553e-07, 5.922209e-11, 2.830655e-01, 6.509486e-07, 1.895169e-13, 4.728841e-01, 2.063028e-01, 3.655582e-05, 2.821060e-08, 1.915149e-08, 3.185472e-06, 2.260065e-07, 7.651014e-07, 8.279459e-11, 5.974101e-13, 2.453698e-09, 7.726398e-13, 1.733078e-07, 2.190491e-09, 2.096180e-10, 1.299919e-11, 6.784899e-09, 6.846123e-13, -8.246005e-13, 6.450979e-14, -5.287159e-12, -2.086875e-12, -3.954362e-13, -6.070794e-14, -3.473366e-16, 2.090922e-15, 1.853987e-02, 6.152211e+00, 4.228651e+01, 4.487876e+01
3.750000e-01, 8.467563e-01, 1.130973e+00, 1.017876e-01, 1.130973e+00, 2.819339e-01, 1.766301e-01, -1.517298e+05, 1.702761e+03, 2.501106e+04, 1.702761e+03, 4.700076e+06, 4.456110e-03, 3.325444e-02, 6.674916e-07, 5.063337e-11, 2.830235e-01, 6.449275e-07, 1.696068e-13, 4.728264e-01, 2.063994e-01, 3.443104e-05, 2.647480e-08, 1.879947e-08, 3.185860e-06, 2.248916e-07, 7.656940e-07, 6.551726e-11, 4.541588e-13, 1.982692e-09, 6.380675e-13, 1.413572e-07, 2.172007e-09, 1.975716e-10, 1.168758e-11, 6.384210e-09, 1.020849e-12, -3.754611e-13, 6.771890e-14, -2.403969e-12, -9.487522e-13, -1.797703e-13, -2.773549e-14, -6.549252e-17, 1.012572e-15, 1.853978e-02, 6.154902e+00, 3.982803e+01, 4.239127e+01
3.870000e-01, 8.893286e-01, 1.130973e+00, 1.017876e-01, 1.130973e+00, 2.818109e-01, 1.766301e-01, 1.722347e+04, 1.702012e+03, 2.501106e+04, 1.702012e+03, 4.700076e+06, 4.456110e-03, 3.325947e-02, 6.627744e-07, 4.346376e-11, 2.829821e-01, 6.389855e-07, 1.529421e-13, 4.727674e-01, 2.064963e-01, 3.288482e-05, 2.520673e-08, 1.855636e-08, 3.186271e-06, 2.237837e-07, 7.662872e-07, 5.207045e-11, 3.370297e-13, 1.623739e-09, 5.441916e-13, 1.147920e-07, 2.303282e-09, 1.889606e-10, 1.070911e-11, 6.092192e-09, 1.423318e-12, 7.863495e-14, 7.538157e-14, 4.551669e-13, 1.778643e-13, 2.831555e-14, 4.959749e-15, 8.154594e-17, -1.022010e-16, 1.853971e-02, 6.157589e+00, 3.803916e+01, 4.057832e+01
3.990000e-01, 9.319196e-01, 1.130973e+00, 1.017876e-01, 1.130973e+00, 2.816882e-01, 1.766301e-01, 6.182818e+04, 1.701266e+03, 2.501106e+04, 1.701266e+03, 4.700076e+06, 4.456110e-03, 3.326435e-02, 6.582199e-07, 3.748366e-11, 2.829411e-01, 6.332236e-07, 1.386710e-13, 4.727076e-01, 2.065935e-01, 3.174757e-05, 2.415629e-08, 1.836776e-08, 3.186692e-06, 2.227253e-07, 7.668013e-07, 4.633517e-11, 2.976848e-13, 1.453643e-09, 4.873844e-13, 9.256249e-08, 2.152482e-09, 1.822359e-10, 1.013926e-11, 5.858727e-09, 1.388722e-12, 1.568365e-13, 7.159043e-14, 9.267372e-13, 3.595773e-13, 4.997787e-14, 1.055979e-14, -5.366595e-17, -3.051662e-16, 1.853967e-02, 6.160272e+00, 3.672309e+01, 3.924208e+01
4.110000e-01, 9.745291e-01, 1.130973e+00, 1.017876e-01, 1.130973e+00, 2.815657e-01, 1.766301e-01, 1.237574e+05, 1.700524e+03, 2.501106e+04, 1.700524e+03, 4.700076e+06, 4.456110e-03, 3.326904e-02, 6.537294e-07, 3.288780e-11, 2.829005e-01, 6.275562e-07, 1.275157e-13, 4.726467e-01, 2.066909e-01, 3.116311e-05, 2.353557e-08, 1.827981e-08, 3.187134e-06, 2.216802e-07, 7.673038e-07, 4.502018e-11, 2.923128e-13, 1.407271e-09, 4.707222e-13, 7.555880e-08, 2.085818e-09, 1.787112e-10, 9.914010e-12, 5.726318e-09, 1.343876e-12, 1.821200e-13, 6.983555e-14, 1.015089e-12, 3.879430e-13, 3.688278e-14, 1.180731e-14, -3.460894e-16, -4.004604e-16, 1.853964e-02, 6.162951e+00, 3.604668e+01, 3.855030e+01
4.230000e-01, 1.017157e+00, 1.130973e+00, 1.017876e-01, 1.130973e+00, 2.814432e-01, 1.766301e-01, 1.516508e+05, 1.699782e+03, 2.501106e+04, 1.699782e+03, 4.700076e+06, 4.456110e-03, 3.327372e-02, 6.492568e-07, 2.868786e-11, 2.828600e-01, 6.219240e-07, 1.172604e-13, 4.725855e-01, 2.067885e-01, 3.063301e-05, 2.296399e-08, 1.820349e-08, 3.187579e-06, 2.206369e-07, 7.678062e-07, 4.355343e-11, 2.833982e-13, 1.353944e-09, 4.506403e-13, 6.005051e-08, 2.004943e-09, 1.754900e-10, 9.684503e-12, 5.604436e-09, 1.294178e-12, 1.950747e-13, 6.762968e-14, 1.058156e-12, 4.013488e-13, 2.922530e-14, 1.243647e-14, -5.113129e-16, -4.529795e-16, 1.853962e-02, 6.165634e+00, 3.543315e+01, 3.792272e+01
4.350000e-01, 1.059804e+00, 1.130973e+00, 1.017876e-01, 1.130973e+00, 2.813206e-01, 1.766301e-01, 1.431463e+05, 1.699039e+03, 2.501106e+04, 1.699039e+03, 4.700076e+06, 4.456110e-03, 3.327840e-02, 6.447988e-07, 2.481728e-11, 2.828193e-01, 6.163230e-07, 1.077559e-13, 4.725241e-01, 2.068864e-01, 3.012370e-05, 2.241593e-08, 1.813280e-08, 3.188027e-06, 2.195944e-07, 7.683093e-07, 4.162693e-11, 2.684139e-13, 1.284859e-09, 4.242036e-13, 4.578632e-08, 1.903231e-09, 1.723770e-10, 9.427234e-12, 5.486982e-09, 1.239991e-12, 1.984350e-13, 6.480525e-14, 1.078702e-12, 4.091173e-13, 2.971318e-14, 1.269884e-14, -5.301768e-16, -4.670954e-16, 1.853960e-02, 6.168322e+00, 3.484362e+01, 3.732026e+01
4.470000e-01, 1.102469e+00, 1.130973e+00, 1.017876e-01, 1.130973e+00, 2.811979e-01, 1.766301e-01, 1.192406e+05, 1.698297e+03, 2.501106e+04, 1.698297e+03, 4.700076e+06, 4.456110e-03, 3.328304e-02, 6.403686e-07, 2.155352e-11, 2.827788e-01, 6.107699e-07, 9.962418e-14, 4.724622e-01, 2.069846e-01, 2.977511e-05, 2.199823e-08, 1.809275e-08, 3.188482e-06, 2.185562e-07, 7.688099e-07, 4.052428e-11, 2.578925e-13, 1.236704e-09, 4.036434e-13, 3.381354e-08, 1.808294e-09, 1.701855e-10, 9.240147e-12, 5.399372e-09, 1.179800e-12, 1.808054e-13, 6.206058e-14, 9.818522e-13, 3.723957e-13, 2.706155e-14, 1.154604e-14, -4.825306e-16, -4.245883e-16, 1.853958e-02, 6.171012e+00, 3.444003e+01, 3.690581e+01
4.590000e-01, 1.145153e+00, 1.130973e+00, 1.017876e-01, 1.130973e+00, 2.810753e-01, 1.766301e-01, 8.408540e+04, 1.697556e+03, 2.501106e+04, 1.697556e+03, 4.700076e+06, 4.456110e-03, 3.328762e-02, 6.359660e-07, 1.889659e-11, 2.827383e-01, 6.052646e-07, 9.286532e-14, 4.724000e-01, 2.070830e-01, 2.958724e-05, 2.171088e-08, 1.808332e-08, 3.188945e-06, 2.175221e-07, 7.693080e-07, 4.024549e-11, 2.518339e-13, 1.209479e-09, 3.889595e-13, 2.413219e-08, 1.720132e-09, 1.689156e-10, 9.123242e-12, 5.341607e-09, 1.113605e-12, 1.421857e-13, 5.939567e-14, 7.676061e-13, 2.911841e-13, 2.127039e-14, 8.978052e-15, -3.683744e-16, -3.254581e-16, 1.853958e-02, 6.173705e+00, 3.422239e+01, 3.667939e+01
4.710000e-01, 1.187856e+00, 1.130973e+00, 1.017876e-01, 1.130973e+00, 2.809526e-01, 1.766301e-01, 4.181684e+04, 1.696815e+03, 2.501106e+04, 1.696815e+03, 4.700076e+06, 4.456110e-03, 3.329215e-02, 6.315911e-07, 1.684648e-11, 2.826979e-01, 5.998071e-07, 8.747930e-14, 4.723372e-01, 2.071816e-01, 2.956009e-05, 2.155390e-08, 1.810452e-08, 3.189415e-06, 2.164922e-07, 7.698035e-07, 4.079056e-11, 2.502382e-13, 1.203185e-09, 3.801521e-13, 1.674225e-08, 1.638745e-09, 1.685672e-10, 9.076520e-12, 5.313686e-09, 1.041406e-12, 8.257604e-14, 5.681051e-14, 4.359639e-13, 1.654824e-13, 1.233972e-14, 4.994890e-15, -1.877081e-16, -1.697048e-16, 1.853957e-02, 6.176400e+00, 3.419069e+01, 3.664097e+01
4.830000e-01, 1.230577e+00, 1.130973e+00, 1.017876e-01, 1.130973e+00, 2.808299e-01, 1.766301e-01, -2.554966e+03, 1.696075e+03, 2.501106e+04, 1.696075e+03, 4.700076e+06, 4.456110e-03, 3.329664e-02, 6.272439e-07, 1.534377e-11, 2.826575e-01, 5.943974e-07, 8.333191e-14, 4.722741e-01, 2.072805e-01, 2.967671e-05, 2.151140e-08, 1.815273e-08, 3.189891e-06, 2.154664e-07, 7.702974e-07, 4.200670e-11, 2.523608e-13, 1.214408e-09, 3.763788e-13, 1.142989e-08, 1.565529e-09, 1.690430e-10, 9.090931e-12, 5.312165e-09, 9.666435e-13, 7.745300e-15, 5.439008e-14, 1.953059e-14, 7.664270e-15, 1.178048e-15, -1.300877e-17, 4.177110e-17, 2.760117e-17, 1.853958e-02, 6.179098e+00, 3.432533e+01, 3.677077e+01
4.950000e-01, 1.273317e+00, 1.130973e+00, 1.017876e-01, 1.130973e+00, 2.807074e-01, 1.766301e-01, -3.386993e+04, 1.695335e+03, 2.501106e+04, 1.695335e+03, 4.700076e+06, 4.456110e-03, 3.330116e-02, 6.229249e-07, 1.363275e-11, 2.826171e-01, 5.890339e-07, 7.871624e-14, 4.722111e-01, 2.073794e-01, 2.972149e-05, 2.138155e-08, 1.818191e-08, 3.190362e-06, 2.144444e-07, 7.708005e-07, 4.195060e-11, 2.487328e-13, 1.199740e-09, 3.669285e-13, 5.475108e-09, 1.518248e-09, 1.691072e-10, 9.051364e-12, 5.293223e-09, 9.330718e-13, -8.933177e-15, 5.321512e-14, -6.699929e-14, -2.489302e-14, -6.595224e-16, -1.079724e-15, 9.497673e-17, 7.478502e-17, 1.853958e-02, 6.181795e+00, 3.437683e+01, 3.681685e+01
5.070000e-01, 1.316076e+00, 1.130973e+00, 1.017876e-01, 1.130973e+00, 2.805849e-01, 1.766301e-01, -5.674073e+04, 1.694596e+03, 2.501106e+04, 1.694596e+03, 4.700076e+06, 4.456110e-03, 3.330565e-02, 6.186337e-07, 1.227132e-11, 2.825767e-01, 5.837178e-07, 7.489238e-14, 4.721478e-01, 2.074784e-01, 2.985360e-05, 2.131336e-08, 1.822605e-08, 3.190835e-06, 2.134264e-07, 7.713048e-07, 4.205688e-11, 2.463446e-13, 1.191227e-09, 3.597086e-13, 8.858894e-10, 1.483788e-09, 1.696722e-10, 9.042798e-12, 5.289210e-09, 9.083898e-13, -2.162590e-14, 5.248780e-14, -1.297663e-13, -4.837031e-14, -1.703333e-15, -1.871255e-15, 1.380747e-16, 1.133472e-16, 1.853959e-02, 6.184494e+00, 3.452937e+01, 3.696519e+01
5.190000e-01, 1.358853e+00, 1.130973e+00, 1.017876e-01, 1.130973e+00, 2.804624e-01, 1.766301e-01, -6.729214e+04, 1.693857e+03, 2.501106e+04, 1.693857e+03, 4.700076e+06, 4.456110e-03, 3.331012e-02, 6.143704e-07, 1.125948e-11, 2.825364e-01, 5.784490e-07, 7.186034e-14, 4.720843e-01, 2.075776e-01, 3.007305e-05, 2.130682e-08, 1.828514e-08, 3.191312e-06, 2.124125e-07, 7.718103e-07, 4.232553e-11, 2.451961e-13, 1.188868e-09, 3.547191e-13, -2.337769e-09, 1.462150e-09, 1.707379e-10, 9.065232e-12, 5.300126e-09, 8.925977e-13, -3.033286e-14, 5.220812e-14, -1.687704e-13, -6.276759e-14, -1.953385e-15, -2.387599e-15, 1.710649e-16, 1.432876e-16, 1.853960e-02, 6.187195e+00, 3.478293e+01, 3.721786e+01
5.310000e-01, 1.401649e+00, 1.130973e+00, 1.017876e-01, 1.130973e+00, 2.803400e-01, 1.766301e-01, -6.166081e+04, 1.693119e+03, 2.501106e+04, 1.693119e+03, 4.700076e+06, 4.456110e-03, 3.331456e-02, 6.101348e-07, 1.059721e-11, 2.824960e-01, 5.732276e-07, 6.962012e-14, 4.720205e-01, 2.076770e-01, 3.037982e-05, 2.136193e-08, 1.835920e-08, 3.191792e-06, 2.114026e-07, 7.723169e-07, 4.275656e-11, 2.452872e-13, 1.192664e-09, 3.519599e-13, -4.195866e-09, 1.453334e-09, 1.723044e-10, 9.118667e-12, 5.325970e-09, 8.856954e-13, -3.505406e-14, 5.237607e-14, -1.840115e-13, -6.808486e-14, -1.409678e-15, -2.628758e-15, 1.939474e-16, 1.646063e-16, 1.853961e-02, 6.189897e+00, 3.513753e+01, 3.757236e+01
5.430000e-01, 1.444463e+00, 1.130973e+00, 1.017876e-01, 1.130973e+00, 2.802176e-01, 1.766301e-01, -3.599515e+04, 1.692381e+03, 2.501106e+04, 1.692381e+03, 4.700076e+06, 4.456110e-03, 3.331897e-02, 6.059271e-07, 1.028453e-11, 2.824557e-01, 5.680535e-07, 6.817171e-14, 4.719565e-01, 2.077765e-01, 3.077392e-05, 2.147870e-08, 1.844821e-08, 3.192276e-06, 2.103967e-07, 7.728248e-07, 4.334996e-11, 2.466181e-13, 1.202614e-09, 3.514310e-13, -4.688403e-09, 1.457338e-09, 1.743717e-10, 9.203102e-12, 5.366743e-09, 8.876829e-13, -3.578950e-14, 5.299165e-14, -1.754898e-13, -6.432212e-14, -7.221055e-17, -2.594731e-15, 2.067222e-16, 1.773033e-16, 1.853963e-02, 6.192601e+00, 3.559315e+01, 3.802792e+01
5.550000e-01, 1.487297e+00, 1.130973e+00, 1.017876e-01, 1.130973e+00, 2.800952e-01, 1.766301e-01, -2.597448e+04, 1.691643e+03, 2.501106e+04, 1.691643e+03, 4.700076e+06, 4.456110e-03, 3.332340e-02, 6.017428e-07, 9.940817e-12, 2.824153e-01, 5.629182e-07, 6.667078e-14, 4.718924e-01, 2.078762e-01, 3.113940e-05, 2.157596e-08, 1.853272e-08, 3.192759e-06, 2.093945e-07, 7.733334e-07, 4.395025e-11, 2.480234e-13, 1.212694e-09, 3.510708e-13, -5.327125e-09, 1.461509e-09, 1.762785e-10, 9.281188e-12, 5.402639e-09, 8.892078e-13, -3.602826e-14, 5.358960e-14, -1.672001e-13, -6.077043e-14, 1.004738e-15, -2.549449e-15, 2.152267e-16, 1.860569e-16, 1.853965e-02, 6.195308e+00, 3.601568e+01, 3.845039e+01
5.670000e-01, 1.530149e+00, 1.130973e+00, 1.017876e-01, 1.130973e+00, 2.799727e-01, 1.766301e-01, -6.077642e+04, 1.690904e+03, 2.501106e+04, 1.690904e+03, 4.700076e+06, 4.456110e-03, 3.332789e-02, 5.975783e-07, 9.263894e-12, 2.823748e-01, 5.578146e-07, 6.444703e-14, 4.718285e-01, 2.079760e-01, 3.138424e-05, 2.158928e-08, 1.859729e-08, 3.193240e-06, 2.083953e-07, 7.738426e-07, 4.443402e-11, 2.485781e-13, 1.218119e-09, 3.492422e-13, -7.312174e-09, 1.455801e-09, 1.775001e-10, 9.323274e-12, 5.417935e-09, 8.828454e-13, -3.854025e-14, 5.380055e-14, -1.781912e-13, -6.480576e-14, 9.841982e-16, -2.702438e-15, 2.240950e-16, 1.945810e-16, 1.853966e-02, 6.198019e+00, 3.629865e+01, 3.873327e+01
5.790000e-01, 1.573021e+00, 1.130973e+00, 1.017876e-01, 1.130973e+00, 2.798501e-01, 1.766301e-01, -9.643831e+04, 1.690165e+03, 2.501106e+04, 1.690165e+03, 4.700076e+06, 4.456110e-03, 3.333237e-02, 5.934382e-07, 8.653870e-12, 2.823342e-01, 5.527520e-07, 6.238802e-14, 4.717645e-01, 2.080759e-01, 3.163029e-05, 2.160398e-08, 1.866237e-08, 3.193722e-06, 2.073999e-07, 7.743527e-07, 4.496468e-11, 2.495071e-13, 1.225224e-09, 3.481127e-13, -9.054428e-09, 1.453514e-09, 1.787313e-10, 9.368622e-12, 5.433450e-09, 8.784269e-13, -3.965779e-14, 5.411358e-14, -1.832403e-13, -6.666150e-14, 9.744122e-16, -2.776261e-15, 2.271911e-16, 1.979580e-16, 1.853967e-02, 6.200732e+00, 3.658304e+01, 3.901756e+01
5.910000e-01, 1.615911e+00, 1.130973e+00, 1.017876e-01, 1.130973e+00, 2.797276e-01, 1.766301e-01, -1.300873e+05, 1.689426e+03, 2.501106e+04, 1.689426e+03, 4.700076e+06, 4.456110e-03, 3.333687e-02, 5.893227e-07, 8.110743e-12, 2.822935e-01, 5.477304e-07, 6.049373e-14, 4.717004e-01, 2.081759e-01, 3.187757e-05, 2.162005e-08, 1.872796e-08, 3.194204e-06, 2.064081e-07, 7.748637e-07, 4.554225e-11, 2.508104e-13, 1.234009e-09, 3.476823e-13, -1.055388e-08, 1.454651e-09, 1.799722e-10, 9.417232e-12, 5.449183e-09, 8.759522e-13, -3.938089e-14, 5.452869e-14, -1.823473e-13, -6.633763e-14, 9.753797e-16, -2.770916e-15, 2.245148e-16, 1.961878e-16, 1.853968e-02, 6.203448e+00, 3.686885e+01, 3.930328e+01
6.030000e-01, 1.658820e+00, 1.130973e+00, 1.017876e-01, 1.130973e+00, 2.796051e-01, 1.766301e-01, -1.588530e+05, 1.688687e+03, 2.501106e+04, 1.688687e+03, 4.700076e+06, 4.456110e-03, 3.334137e-02, 5.852317e-07, 7.634515e-12, 2.822528e-01, 5.427496e-07, 5.876417e-14, 4.716362e-01, 2.082761e-01, 3.212606e-05, 2.163749e-08, 1.879405e-08, 3.194688e-06, 2.054201e-07, 7.753756e-07, 4.616672e-11, 2.524880e-13, 1.244474e-09, 3.479510e-13, -1.181054e-08, 1.459210e-09, 1.812229e-10, 9.469103e-12, 5.465136e-09, 8.754213e-13, -3.770954e-14, 5.504589e-14, -1.755122e-13, -6.383418e-14, 9.871006e-16, -2.686406e-15, 2.160662e-16, 1.892705e-16, 1.853969e-02, 6.206167e+00, 3.715608e+01, 3.959043e+01
6.150000e-01, 1.701747e+00, 1.130973e+00, 1.017876e-01, 1.130973e+00, 2.794825e-01, 1.766301e-01, -1.798675e+05, 1.687948e+03, 2.501106e+04, 1.687948e+03, 4.700076e+06, 4.456110e-03, 3.334587e-02, 5.811651e-07, 7.225185e-12, 2.822120e-01, 5.378098e-07, 5.719935e-14, 4.715719e-01, 2.083765e-01, 3.237578e-05, 2.165631e-08, 1.886065e-08, 3.195172e-06, 2.044357e-07, 7.758884e-07, 4.683809e-11, 2.545399e-13, 1.256618e-09, 3.489187e-13, -1.282441e-08, 1.467192e-09, 1.824832e-10, 9.524235e-12, 5.481308e-09, 8.768343e-13, -3.464376e-14, 5.566517e-14, -1.627350e-13, -5.915112e-14, 1.009575e-15, -2.522728e-15, 2.018453e-16, 1.772059e-16, 1.853970e-02, 6.208888e+00, 3.744473e+01, 3.987900e+01
6.270000e-01, 1.744694e+00, 1.130973e+00, 1.017876e-01, 1.130973e+00, 2.793600e-01, 1.766302e-01, -1.902654e+05, 1.687209e+03, 2.501106e+04, 1.687209e+03, 4.700076e+06, 4.456110e-03, 3.335038e-02, 5.771231e-07, 6.882753e-12, 2.821711e-01, 5.329109e-07, 5.579926e-14, 4.715075e-01, 2.084769e-01, 3.262671e-05, 2.167651e-08, 1.892776e-08, 3.195657e-06, 2.034550e-07, 7.764022e-07, 4.755636e-11, 2.569660e-13, 1.270441e-09, 3.505855e-13, -1.359548e-08, 1.478596e-09, 1.837533e-10, 9.582628e-12, 5.497700e-09, 8.801911e-13, -3.018353e-14, 5.638654e-14, -1.440158e-13, -5.228847e-14, 1.042803e-15, -2.279884e-15, 1.818521e-16, 1.599942e-16, 1.853972e-02, 6.211612e+00, 3.773480e+01, 4.016899e+01
6.390000e-01, 1.787659e+00, 1.130973e+00, 1.017876e-01, 1.130973e+00, 2.792374e-01, 1.766302e-01, -1.871836e+05, 1.686470e+03, 2.501106e+04, 1.686470e+03, 4.700076e+06, 4.456110e-03, 3.335490e-02, 5.731056e-07, 6.607219e-12, 2.821302e-01, 5.280529e-07, 5.456391e-14, 4.714430e-01, 2.085775e-01, 3.287887e-05, 2.169808e-08, 1.899538e-08, 3.196143e-06, 2.024779e-07, 7.769168e-07, 4.832154e-11, 2.597665e-13, 1.285945e-09, 3.529514e-13, -1.412375e-08, 1.493424e-09, 1.850331e-10, 9.644283e-12, 5.514310e-09, 8.854918e-13, -2.432886e-14, 5.720998e-14, -1.193545e-13, -4.324622e-14, 1.086784e-15, -1.957873e-15, 1.560865e-16, 1.376354e-16, 1.853973e-02, 6.214338e+00, 3.802630e+01, 4.046041e+01
6.510000e-01, 1.830643e+00, 1.130973e+00, 1.017876e-01, 1.130973e+00, 2.791148e-01, 1.766302e-01, -1.677616e+05, 1.685731e+03, 2.501106e+04, 1.685731e+03, 4.700076e+06, 4.456110e-03, 3.335942e-02, 5.691126e-07, 6.398583e-12, 2.820893e-01, 5.232359e-07, 5.349328e-14, 4.713785e-01, 2.086783e-01, 3.313225e-05, 2.172103e-08, 1.906350e-08, 3.196630e-06, 2.015046e-07, 7.774324e-07, 4.913361e-11, 2.629412e-13, 1.303128e-09, 3.560163e-13, -1.440922e-08, 1.511673e-09, 1.863226e-10, 9.709200e-12, 5.531139e-09, 8.927363e-13, -1.707974e-14, 5.813551e-14, -8.875105e-14, -3.202437e-14, 1.141519e-15, -1.556695e-15, 1.245487e-16, 1.101293e-16, 1.853974e-02, 6.217068e+00, 3.831921e+01, 4.075325e+01
6.630000e-01, 1.873646e+00, 1.130973e+00, 1.017876e-01, 1.130973e+00, 2.789923e-01, 1.766302e-01, -1.291416e+05, 1.684991e+03, 2.501106e+04, 1.684991e+03, 4.700076e+06, 4.456110e-03, 3.336395e-02, 5.651441e-07, 6.256846e-12, 2.820483e-01, 5.184598e-07, 5.258739e-14, 4.713138e-01, 2.087791e-01, 3.338685e-05, 2.174535e-08, 1.913214e-08, 3.197118e-06, 2.005349e-07, 7.779489e-07, 4.999259e-11, 2.664902e-13, 1.321990e-09, 3.597803e-13, -1.445190e-08, 1.533346e-09, 1.876218e-10, 9.777377e-12, 5.548188e-09, 9.019246e-13, -8.436189e-15, 5.916313e-14, -5.220557e-14, -1.862293e-14, 1.207008e-15, -1.076350e-15, 8.723851e-17, 7.747611e-17, 1.853975e-02, 6.219799e+00, 3.861354e+01, 4.104751e+01
6.750000e-01, 1.916668e+00, 1.130973e+00, 1.017876e-01, 1.130973e+00, 2.788697e-01, 1.766302e-01, -6.846793e+04, 1.684252e+03, 2.501106e+04, 1.684252e+03, 4.700076e+06, 4.456110e-03, 3.336849e-02, 5.612001e-07, 6.182007e-12, 2.820072e-01, 5.137246e-07, 5.184623e-14, 4.712491e-01, 2.088802e-01, 3.364267e-05, 2.177105e-08, 1.920128e-08, 3.197606e-06, 1.995689e-07, 7.784662e-07, 5.089847e-11, 2.704135e-13, 1.342533e-09, 3.642434e-13, -1.425178e-08, 1.558441e-09, 1.889307e-10, 9.848816e-12, 5.565455e-09, 9.130568e-13, 1.601809e-15, 6.029282e-14, -9.718001e-15, -3.041891e-15, 1.283249e-15, -5.168392e-16, 4.415602e-17, 3.967572e-17, 1.853976e-02, 6.222534e+00, 3.890929e+01, 4.134320e+01
6.870000e-01, 1.959709e+00, 1.130973e+00, 1.017876e-01, 1.130973e+00, 2.787472e-01, 1.766302e-01, -8.912757e+03, 1.683514e+03, 2.501106e+04, 1.683514e+03, 4.700076e+06, 4.456110e-03, 3.337302e-02, 5.572847e-07, 6.140278e-12, 2.819662e-01, 5.090339e-07, 5.118540e-14, 4.711843e-01, 2.089812e-01, 3.390147e-05, 2.179715e-08, 1.927074e-08, 3.198095e-06, 1.986079e-07, 7.789835e-07, 5.181728e-11, 2.743575e-13, 1.363292e-09, 3.686723e-13, -1.392245e-08, 1.583402e-09, 1.902538e-10, 9.920767e-12, 5.582894e-09, 9.240209e-13, 1.152416e-14, 6.142789e-14, 3.213504e-14, 1.230020e-14, 1.351436e-15, 3.547457e-17, 1.642195e-18, 2.057786e-18, 1.853977e-02, 6.225267e+00, 3.920849e+01, 4.164234e+01
6.990000e-01, 2.002768e+00, 1.130973e+00, 1.017876e-01, 1.130973e+00, 2.786255e-01, 1.766302e-01, -6.471773e+04, 1.682780e+03, 2.501106e+04, 1.682780e+03, 4.700076e+06, 4.456110e-03, 3.337753e-02, 5.534168e-07, 5.976275e-12, 2.819253e-01, 5.044035e-07, 5.021677e-14, 4.711199e-01, 2.090817e-01, 3.417137e-05, 2.181913e-08, 1.933968e-08, 3.198580e-06, 1.976575e-07, 7.794955e-07, 5.259277e-11, 2.766958e-13, 1.377547e-09, 3.696954e-13, -1.398624e-08, 1.591874e-09, 1.916119e-10, 9.980582e-12, 5.600287e-09, 9.251052e-13, 1.438650e-14, 6.212360e-14, 4.311000e-14, 1.628131e-14, 1.325074e-15, 1.834310e-16, -1.114301e-17, -1.086857e-17, 1.853979e-02, 6.227986e+00, 3.952047e+01, 4.195427e+01
7.110000e-01, 2.045846e+00, 1.130973e+00, 1.017876e-01, 1.130973e+00, 2.785040e-01, 1.766302e-01, -1.119712e+05, 1.682047e+03, 2.501106e+04, 1.682047e+03, 4.700076e+06, 4.456110e-03, 3.338203e-02, 5.495777e-07, 5.843808e-12, 2.818845e-01, 4.998177e-07, 4.932455e-14, 4.710554e-01, 2.091823e-01, 3.444433e-05, 2.184146e-08, 1.940893e-08, 3.199066e-06, 1.967120e-07, 7.800074e-07, 5.337962e-11, 2.790383e-13, 1.391951e-09, 3.706502e-13, -1.392611e-08, 1.600046e-09, 1.929845e-10, 1.004078e-11, 5.617850e-09, 9.259231e-13, 1.706284e-14, 6.282018e-14, 5.314405e-14, 1.991079e-14, 1.289781e-15, 3.201663e-16, -2.306415e-17, -2.336417e-17, 1.853980e-02, 6.230703e+00, 3.983601e+01, 4.226975e+01
7.230000e-01, 2.088942e+00, 1.130973e+00, 1.017876e-01, 1.130973e+00, 2.783826e-01, 1.766302e-01, -1.467993e+05, 1.681315e+03, 2.501106e+04, 1.681315e+03, 4.700076e+06, 4.456110e-03, 3.338654e-02, 5.457674e-07, 5.742876e-12, 2.818436e-01, 4.952765e-07, 4.850872e-14, 4.709909e-01, 2.092829e-01, 3.472036e-05, 2.186414e-08, 1.947850e-08, 3.199551e-06, 1.957716e-07, 7.805190e-07, 5.417780e-11, 2.813849e-13, 1.406505e-09, 3.715368e-13, -1.374206e-08, 1.607919e-09, 1.943715e-10, 1.010136e-11, 5.635581e-09, 9.264745e-13, 1.955319e-14, 6.351762e-14, 6.223719e-14, 2.318865e-14, 1.245556e-15, 4.456807e-16, -3.412122e-17, -3.542903e-17, 1.853981e-02, 6.233420e+00, 4.015508e+01, 4.258878e+01
7.350000e-01, 2.132058e+00, 1.130973e+00, 1.017876e-01, 1.130973e+00, 2.782614e-01, 1.766302e-01, -1.653401e+05, 1.680584e+03, 2.501106e+04, 1.680584e+03, 4.700076e+06, 4.456110e-03, 3.339105e-02, 5.419859e-07, 5.673479e-12, 2.818027e-01, 4.907799e-07, 4.776930e-14, 4.709264e-01, 2.093835e-01, 3.499946e-05, 2.188717e-08, 1.954839e-08, 3.200037e-06, 1.948361e-07, 7.810304e-07, 5.498733e-11, 2.837357e-13, 1.421208e-09, 3.723550e-13, -1.343409e-08, 1.615492e-09, 1.957729e-10, 1.016233e-11, 5.653482e-09, 9.267595e-13, 2.185754e-14, 6.421593e-14, 7.038941e-14, 2.611489e-14, 1.192401e-15, 5.599740e-16, -4.431423e-17, -4.706314e-17, 1.853982e-02, 6.236136e+00, 4.047770e+01, 4.291135e+01
7.470000e-01, 2.175192e+00, 1.130973e+00, 1.017876e-01, 1.130973e+00, 2.781403e-01, 1.766302e-01, -1.637442e+05, 1.679854e+03, 2.501106e+04, 1.679854e+03, 4.700076e+06, 4.456110e-03, 3.339555e-02, 5.382331e-07, 5.635618e-12, 2.817619e-01, 4.863278e-07, 4.710628e-14, 4.708618e-01, 2.094841e-01, 3.528163e-05, 2.191055e-08, 1.961859e-08, 3.200523e-06, 1.939056e-07, 7.815416e-07, 5.580821e-11, 2.860907e-13, 1.436061e-09, 3.731050e-13, -1.300220e-08, 1.622765e-09, 1.971888e-10, 1.022368e-11, 5.671553e-09, 9.267781e-13, 2.397590e-14, 6.491511e-14, 7.760072e-14, 2.868952e-14, 1.130314e-15, 6.630463e-16, -5.364317e-17, -5.826650e-17, 1.853984e-02, 6.238851e+00, 4.080387e+01, 4.323748e+01
7.590000e-01, 2.218345e+00, 1.130973e+00, 1.017876e-01, 1.130973e+00, 2.780193e-01, 1.766302e-01, -1.381744e+05, 1.679124e+03, 2.501106e+04, 1.679124e+03, 4.700076e+06, 4.456110e-03, 3.340006e-02, 5.345092e-07, 5.629292e-12, 2.817210e-01, 4.819203e-07, 4.651965e-14, 4.707973e-01, 2.095847e-01, 3.556686e-05, 2.193428e-08, 1.968910e-08, 3.201009e-06, 1.929801e-07, 7.820525e-07, 5.664043e-11, 2.884499e-13, 1.451063e-09, 3.737867e-13, -1.244638e-08, 1.629739e-09, 1.986191e-10, 1.028541e-11, 5.689793e-09, 9.265302e-13, 2.590826e-14, 6.561516e-14, 8.387112e-14, 3.091252e-14, 1.059296e-15, 7.548975e-16, -6.210804e-17, -6.903911e-17, 1.853985e-02, 6.241566e+00, 4.113358e+01, 4.356715e+01
7.710000e-01, 2.261517e+00, 1.130973e+00, 1.017876e-01, 1.130973e+00, 2.778985e-01, 1.766302e-01, -8.480571e+04, 1.678396e+03, 2.501106e+04, 1.678396e+03, 4.700076e+06, 4.456110e-03, 3.340456e-02, 5.308141e-07, 5.654501e-12, 2.816801e-01, 4.775574e-07, 4.600943e-14, 4.707327e-01, 2.096854e-01, 3.585515e-05, 2.195836e-08, 1.975993e-08, 3.201495e-06, 1.920596e-07, 7.825633e-07, 5.748399e-11, 2.908132e-13, 1.466215e-09, 3.744001e-13, -1.176665e-08, 1.636413e-09, 2.000638e-10, 1.034752e-11, 5.708203e-09, 9.260160e-13, 2.765462e-14, 6.631607e-14, 8.920061e-14, 3.278391e-14, 9.793461e-16, 8.355277e-16, -6.970885e-17, -7.938098e-17, 1.853986e-02, 6.244279e+00, 4.146684e+01, 4.390037e+01
7.830000e-01, 2.304707e+00, 1.130973e+00, 1.017876e-01, 1.130973e+00, 2.777778e-01, 1.766302e-01, 1.745559e+02, 1.677668e+03, 2.501106e+04, 1.677668e+03, 4.700076e+06, 4.456110e-03, 3.340907e-02, 5.271478e-07, 5.711246e-12, 2.816393e-01, 4.732391e-07, 4.557560e-14, 4.706682e-01, 2.097860e-01, 3.614652e-05, 2.198278e-08, 1.983108e-08, 3.201981e-06, 1.911440e-07, 7.830738e-07, 5.833890e-11, 2.931807e-13, 1.481517e-09, 3.749452e-13, -1.096299e-08, 1.642788e-09, 2.015230e-10, 1.041002e-11, 5.726782e-09, 9.252353e-13, 2.921499e-14, 6.701786e-14, 9.358919e-14, 3.430368e-14, 8.904653e-16, 9.049369e-16, -7.644559e-17, -8.929210e-17, 1.853988e-02, 6.246992e+00, 4.180364e+01, 4.423714e+01
7.950000e-01, 2.347917e+00, 1.130973e+00, 1.017876e-01, 1.130973e+00, 2.776573e-01, 1.766302e-01, 1.205670e+05, 1.676941e+03, 2.501106e+04, 1.676941e+03, 4.700076e+06, 4.456110e-03, 3.341357e-02, 5.235103e-07, 5.799526e-12, 2.815984e-01, 4.689653e-07, 4.521818e-14, 4.706036e-01, 2.098867e-01, 3.644095e-05, 2.200756e-08, 1.990254e-08, 3.202467e-06, 1.902335e-07, 7.835841e-07, 5.920515e-11, 2.955523e-13, 1.496968e-09, 3.754221e-13, -1.003541e-08, 1.648863e-09, 2.029966e-10, 1.047290e-11, 5.745530e-09, 9.241881e-13, 3.058937e-14, 6.772051e-14, 9.703686e-14, 3.547183e-14, 7.926534e-16, 9.631251e-16, -8.231826e-17, -9.877247e-17, 1.853989e-02, 6.249704e+00, 4.214398e+01, 4.457746e+01
8.070000e-01, 2.391145e+00, 1.130973e+00, 1.017876e-01, 1.130973e+00, 2.775369e-01, 1.766302e-01, 2.801599e+05, 1.676215e+03, 2.501106e+04, 1.676215e+03, 4.700076e+06, 4.456110e-03, 3.341808e-02, 5.199016e-07, 5.919342e-12, 2.815575e-01, 4.647361e-07, 4.493715e-14, 4.705389e-01, 2.099874e-01, 3.673845e-05, 2.203269e-08, 1.997431e-08, 3.202954e-06, 1.893279e-07, 7.840942e-07, 6.008275e-11, 2.979282e-13, 1.512569e-09, 3.758306e-13, -8.983916e-09, 1.654638e-09, 2.044847e-10, 1.053617e-11, 5.764448e-09, 9.228746e-13, 3.177775e-14, 6.842403e-14, 9.954361e-14, 3.628836e-14, 6.859102e-16, 1.010092e-15, -8.732686e-17, -1.078221e-16, 1.853990e-02, 6.252415e+00, 4.248787e+01, 4.492132e+01
8.190000e-01, 2.434392e+00, 1.130973e+00, 1.017876e-01, 1.130973e+00, 2.774166e-01, 1.766302e-01, 4.827294e+05, 1.675490e+03, 2.501106e+04, 1.675490e+03, 4.700076e+06, 4.456110e-03, 3.342258e-02, 5.163217e-07, 6.070693e-12, 2.815166e-01, 4.605515e-07, 4.473253e-14, 4.704743e-01, 2.100881e-01, 3.703901e-05, 2.205817e-08, 2.004640e-08, 3.203440e-06, 1.884273e-07, 7.846040e-07, 6.097169e-11, 3.003081e-13, 1.528319e-09, 3.761709e-13, -7.808498e-09, 1.660114e-09, 2.059872e-10, 1.059981e-11, 5.783536e-09, 9.212946e-13, 3.278013e-14, 6.912842e-14, 1.011095e-13, 3.675327e-14, 5.702357e-16, 1.045838e-15, -9.147140e-17, -1.164410e-16, 1.853992e-02, 6.255126e+00, 4.283530e+01, 4.526874e+01
8.310000e-01, 2.477655e+00, 1.130973e+00, 1.017876e-01, 1.130973e+00, 2.772981e-01, 1.766302e-01, 4.719035e+05, 1.674775e+03, 2.501106e+04, 1.674775e+03, 4.700076e+06, 4.456110e-03, 3.342703e-02, 5.128024e-07, 6.087900e-12, 2.814762e-01, 4.564371e-07, 4.424621e-14, 4.704105e-01, 2.101876e-01, 3.732618e-05, 2.207443e-08, 2.011570e-08, 3.203920e-06, 1.875417e-07, 7.851064e-07, 6.178297e-11, 3.023591e-13, 1.541915e-09, 3.765302e-13, -7.180409e-09, 1.664735e-09, 2.074085e-10, 1.065784e-11, 5.800154e-09, 9.199754e-13, 3.299823e-14, 6.974751e-14, 1.010476e-13, 3.670938e-14, 5.565006e-16, 1.045337e-15, -9.188771e-17, -1.189230e-16, 1.853993e-02, 6.257800e+00, 4.316725e+01, 4.560066e+01
8.430000e-01, 2.520937e+00, 1.130973e+00, 1.017876e-01, 1.130973e+00, 2.771801e-01, 1.766303e-01, 4.411572e+05, 1.674064e+03, 2.501106e+04, 1.674064e+03, 4.700076e+06, 4.456110e-03, 3.343146e-02, 5.093215e-07, 6.087507e-12, 2.814360e-01, 4.523750e-07, 4.373009e-14, 4.703470e-01, 2.102866e-01, 3.761154e-05, 2.208821e-08, 2.018438e-08, 3.204399e-06, 1.866640e-07, 7.856065e-07, 6.257918e-11, 3.043153e-13, 1.554977e-09, 3.768472e-13, -6.627469e-09, 1.668892e-09, 2.088160e-10, 1.071448e-11, 5.816158e-09, 9.185461e-13, 3.285289e-14, 7.034192e-14, 9.984115e-14, 3.626727e-14, 5.667148e-16, 1.026193e-15, -9.059053e-17, -1.192821e-16, 1.853994e-02, 6.260464e+00, 4.349709e+01, 4.593048e+01
8.550000e-01, 2.564237e+00, 1.130973e+00, 1.017876e-01, 1.130973e+00, 2.770626e-01, 1.766303e-01, 4.252685e+05, 1.673355e+03, 2.501106e+04, 1.673355e+03, 4.700076e+06, 4.456110e-03, 3.343588e-02, 5.058751e-07, 6.088089e-12, 2.813959e-01, 4.483622e-07, 4.322432e-14, 4.702836e-01, 2.103854e-01, 3.789693e-05, 2.210057e-08, 2.025281e-08, 3.204876e-06, 1.857932e-07, 7.861051e-07, 6.337033e-11, 3.062143e-13, 1.567763e-09, 3.771120e-13, -6.074425e-09, 1.672648e-09, 2.102203e-10, 1.077039e-11, 5.831846e-09, 9.169475e-13, 3.241120e-14, 7.092130e-14, 9.756710e-14, 3.544454e-14, 5.884486e-16, 9.912111e-16, -8.790097e-17, -1.181580e-16, 1.853995e-02, 6.263119e+00, 4.382696e+01, 4.626034e+01
8.670000e-01, 2.607556e+00, 1.130973e+00, 1.017876e-01, 1.130973e+00, 2.769455e-01, 1.766303e-01, 4.294863e+05, 1.672649e+03, 2.501106e+04, 1.672649e+03, 4.700076e+06, 4.456110e-03, 3.344030e-02, 5.024635e-07, 6.089645e-12, 2.813559e-01, 4.443987e-07, 4.272889e-14, 4.702204e-01, 2.104840e-01, 3.818235e-05, 2.211152e-08, 2.032097e-08, 3.205353e-06, 1.849292e-07, 7.866021e-07, 6.415640e-11, 3.080559e-13, 1.580274e-09, 3.773247e-13, -5.521278e-09, 1.676001e-09, 2.116215e-10, 1.082558e-11, 5.847216e-09, 9.151799e-13, 3.167315e-14, 7.148566e-14, 9.422546e-14, 3.424121e-14, 6.217020e-16, 9.403922e-16, -8.381903e-17, -1.155505e-16, 1.853997e-02, 6.265768e+00, 4.415687e+01, 4.659023e+01
8.790000e-01, 2.650893e+00, 1.130973e+00, 1.017876e-01, 1.130973e+00, 2.768288e-01, 1.766303e-01, 4.590252e+05, 1.671946e+03, 2.501106e+04, 1.671946e+03, 4.700076e+06, 4.456110e-03, 3.344470e-02, 4.990866e-07, 6.092176e-12, 2.813159e-01, 4.404846e-07, 4.224381e-14, 4.701572e-01, 2.105824e-01, 3.846779e-05, 2.212105e-08, 2.038888e-08, 3.205828e-06, 1.840721e-07, 7.870975e-07, 6.493739e-11, 3.098403e-13, 1.592510e-09, 3.774851e-13, -4.968027e-09, 1.678953e-09, 2.130194e-10, 1.088004e-11, 5.862268e-09, 9.132430e-13, 3.063875e-14, 7.203499e-14, 8.981623e-14, 3.265726e-14, 6.664752e-16, 8.737359e-16, -7.834471e-17, -1.114598e-16, 1.853998e-02, 6.268409e+00, 4.448681e+01, 4.692016e+01
8.910000e-01, 2.694248e+00, 1.130973e+00, 1.017876e-01, 1.130973e+00, 2.767125e-01, 1.766303e-01, 5.190655e+05, 1.671245e+03, 2.501106e+04, 1.671245e+03, 4.700076e+06, 4.456110e-03, 3.344909e-02, 4.957443e-07, 6.095681e-12, 2.812761e-01, 4.366198e-07, 4.176907e-14, 4.700943e-01, 2.106805e-01, 3.875327e-05, 2.212917e-08, 2.045653e-08, 3.206303e-06, 1.832217e-07, 7.875914e-07, 6.571331e-11, 3.115674e-13, 1.604470e-09, 3.775934e-13, -4.414673e-09, 1.681502e-09, 2.144142e-10, 1.093379e-11, 5.877004e-09, 9.111369e-13, 2.930799e-14, 7.256929e-14, 8.433940e-14, 3.069270e-14, 7.227680e-16, 7.912423e-16, -7.147800e-17, -1.058859e-16, 1.853999e-02, 6.271042e+00, 4.481678e+01, 4.725013e+01
9.030000e-01, 2.737622e+00, 1.130973e+00, 1.017876e-01, 1.130973e+00, 2.765967e-01, 1.766303e-01, 6.147536e+05, 1.670546e+03, 2.501106e+04, 1.670546e+03, 4.700076e+06, 4.456110e-03, 3.345347e-02, 4.924367e-07, 6.100161e-12, 2.812363e-01, 4.328042e-07, 4.130469e-14, 4.700315e-01, 2.107784e-01, 3.903879e-05, 2.213588e-08, 2.052392e-08, 3.206776e-06, 1.823782e-07, 7.880837e-07, 6.648415e-11, 3.132371e-13, 1.616155e-09, 3.776496e-13, -3.861214e-09, 1.683650e-09, 2.158057e-10, 1.098680e-11, 5.891422e-09, 9.088617e-13, 2.768088e-14, 7.308857e-14, 7.779498e-14, 2.834753e-14, 7.905805e-16, 6.929113e-16, -6.321890e-17, -9.882860e-17, 1.854001e-02, 6.273668e+00, 4.514679e+01, 4.758013e+01
9.150000e-01, 2.781014e+00, 1.130973e+00, 1.017876e-01, 1.130973e+00, 2.764813e-01, 1.766304e-01, 7.512015e+05, 1.669850e+03, 2.501106e+04, 1.669850e+03, 4.700076e+06, 4.456110e-03, 3.345784e-02, 4.891638e-07, 6.105615e-12, 2.811967e-01, 4.290380e-07, 4.085064e-14, 4.699688e-01, 2.108761e-01, 3.932433e-05, 2.214117e-08, 2.059105e-08, 3.207248e-06, 1.815415e-07, 7.885745e-07, 6.724992e-11, 3.148496e-13, 1.627564e-09, 3.776535e-13, -3.307652e-09, 1.685396e-09, 2.171941e-10, 1.103910e-11, 5.905523e-09, 9.064172e-13, 2.575741e-14, 7.359283e-14, 7.018296e-14, 2.562175e-14, 8.699127e-16, 5.787430e-16, -5.356743e-17, -9.028807e-17, 1.854002e-02, 6.276287e+00, 4.547683e+01, 4.791017e+01
9.270000e-01, 2.824425e+00, 1.130973e+00, 1.017876e-01, 1.130973e+00, 2.763663e-01, 1.766304e-01, 9.334876e+05, 1.669157e+03, 2.501106e+04, 1.669157e+03, 4.700076e+06, 4.456110e-03, 3.346220e-02, 4.859256e-07, 6.112044e-12, 2.811571e-01, 4.253212e-07, 4.040695e-14, 4.699063e-01, 2.109736e-01, 3.960990e-05, 2.214505e-08, 2.065792e-08, 3.207719e-06, 1.807117e-07, 7.890638e-07, 6.801061e-11, 3.164047e-13, 1.638698e-09, 3.776053e-13, -2.753987e-09, 1.686739e-09, 2.185793e-10, 1.109067e-11, 5.919306e-09, 9.038036e-13, 2.353759e-14, 7.408206e-14, 6.150334e-14, 2.251535e-14, 9.607646e-16, 4.487374e-16, -4.252357e-17, -8.026427e-17, 1.854003e-02, 6.278898e+00, 4.580690e+01, 4.824024e+01
9.390000e-01, 2.867853e+00, 1.130973e+00, 1.017876e-01, 1.130973e+00, 2.762518e-01, 1.766305e-01, 1.166656e+06, 1.668467e+03, 2.501106e+04, 1.668467e+03, 4.700076e+06, 4.456110e-03, 3.346655e-02, 4.827220e-07, 6.119448e-12, 2.811176e-01, 4.216536e-07, 3.997360e-14, 4.698439e-01, 2.110708e-01, 3.989550e-05, 2.214751e-08, 2.072453e-08, 3.208189e-06, 1.798887e-07, 7.895515e-07, 6.876623e-11, 3.179026e-13, 1.649557e-09, 3.775049e-13, -2.200217e-09, 1.687681e-09, 2.199613e-10, 1.114152e-11, 5.932772e-09, 9.010208e-13, 2.102141e-14, 7.455626e-14, 5.175613e-14, 1.902835e-14, 1.063136e-15, 3.028945e-16, -3.008732e-17, -6.875720e-17, 1.854004e-02, 6.281501e+00, 4.613701e+01, 4.857035e+01
9.510000e-01, 2.911301e+00, 1.130973e+00, 1.017876e-01, 1.130973e+00, 2.761377e-01, 1.766305e-01, 1.455718e+06, 1.667778e+03, 2.501106e+04, 1.667778e+03, 4.700076e+06, 4.456110e-03, 3.347089e-02, 4.795531e-07, 6.127825e-12, 2.810782e-01, 4.180354e-07, 3.955060e-14, 4.697816e-01, 2.111678e-01, 4.018113e-05, 2.214856e-08, 2.079089e-08, 3.208659e-06, 1.790725e-07, 7.900377e-07, 6.951678e-11, 3.193431e-13, 1.660140e-09, 3.773524e-13, -1.646344e-09, 1.688221e-09, 2.213401e-10, 1.119164e-11, 5.945921e-09, 8.980688e-13, 1.820887e-14, 7.501544e-14, 4.094133e-14, 1.516073e-14, 1.177027e-15, 1.412142e-16, -1.625870e-17, -5.576685e-17, 1.854006e-02, 6.284097e+00, 4.646715e+01, 4.890050e+01
9.630000e-01, 2.954763e+00, 1.130973e+00, 1.017876e-01, 1.130973e+00, 2.760251e-01, 1.766305e-01, 1.545683e+06, 1.667100e+03, 2.501106e+04, 1.667100e+03, 4.700076e+06, 4.456110e-03, 3.347517e-02, 4.764338e-07, 6.119437e-12, 2.810393e-01, 4.144733e-07, 3.911049e-14, 4.697202e-01, 2.112636e-01, 4.046178e-05, 2.215154e-08, 2.085681e-08, 3.209122e-06, 1.782689e-07, 7.905171e-07, 7.028024e-11, 3.209282e-13, 1.671317e-09, 3.773958e-13, -1.205884e-09, 1.690087e-09, 2.226976e-10, 1.124244e-11, 5.959102e-09, 8.959121e-13, 1.626244e-14, 7.551435e-14, 3.372059e-14, 1.260013e-14, 1.267637e-15, 2.829080e-17, -6.458116e-18, -4.517564e-17, 1.854007e-02, 6.286659e+00, 4.679153e+01, 4.922489e+01
9.750000e-01, 2.998241e+00, 1.130973e+00, 1.017876e-01, 1.130973e+00, 2.759140e-01, 1.766305e-01, 1.486373e+06, 1.666430e+03, 2.501106e+04, 1.666430e+03, 4.700076e+06, 4.456110e-03, 3.347940e-02, 4.733617e-07, 6.097014e-12, 2.810009e-01, 4.109665e-07, 3.865750e-14, 4.696595e-01, 2.113582e-01, 4.073820e-05, 2.215595e-08, 2.092232e-08, 3.209581e-06, 1.774771e-07, 7.909906e-07, 7.105385e-11, 3.226267e-13, 1.682954e-09, 3.775969e-13, -8.613548e-10, 1.693014e-09, 2.240365e-10, 1.129370e-11, 5.972262e-09, 8.944022e-13, 1.500311e-14, 7.604456e-14, 2.937606e-14, 1.108666e-14, 1.340323e-15, -4.582275e-17, 1.491187e-19, -3.638571e-17, 1.854008e-02, 6.289191e+00, 4.711104e+01, 4.954440e+01
9.870000e-01, 3.041737e+00, 1.130973e+00, 1.017876e-01, 1.130973e+00, 2.758037e-01, 1.766306e-01, 1.433855e+06, 1.665765e+03, 2.501106e+04, 1.665765e+03, 4.700076e+06, 4.456110e-03, 3.348361e-02, 4.703283e-07, 6.070716e-12, 2.809627e-01, 4.075108e-07, 3.820735e-14, 4.695991e-01, 2.114523e-01, 4.101329e-05, 2.215985e-08, 2.098752e-08, 3.210038e-06, 1.766937e-07, 7.914612e-07, 7.182730e-11, 3.243231e-13, 1.694554e-09, 3.778137e-13, -5.477520e-10, 1.696011e-09, 2.253673e-10, 1.134462e-11, 5.985200e-09, 8.929867e-13, 1.376519e-14, 7.657471e-14, 2.523821e-14, 9.653896e-15, 1.415016e-15, -1.181167e-16, 6.667051e-18, -2.717377e-17, 1.854010e-02, 6.291708e+00, 4.742899e+01, 4.986237e+01
9.990000e-01, 3.085250e+00, 1.130973e+00, 1.017876e-01, 1.130973e+00, 2.756940e-01, 1.766306e-01, 1.394277e+06, 1.665104e+03, 2.501106e+04, 1.665104e+03, 4.700076e+06, 4.456110e-03, 3.348780e-02, 4.673337e-07, 6.040544e-12, 2.809247e-01, 4.041064e-07, 3.776004e-14, 4.695391e-01, 2.115459e-01, 4.128703e-05, 2.216326e-08, 2.105242e-08, 3.210493e-06, 1.759187e-07, 7.919288e-07, 7.260060e-11, 3.260173e-13, 1.706115e-09, 3.780461e-13, -2.650754e-10, 1.699078e-09, 2.266899e-10, 1.139520e-11, 5.997916e-09, 8.916657e-13, 1.254867e-14, 7.710480e-14, 2.130704e-14, 8.301835e-15, 1.491716e-15, -1.885910e-16, 1.309568e-17, -1.753982e-17, 1.854011e-02, 6.294209e+00, 4.774540e+01, 5.017879e+01
1.011000e+00, 3.128780e+00, 1.130973e+00, 1.017876e-01, 1.130973e+00, 2.755852e-01, 1.766306e-01, 1.373725e+06, 1.664447e+03, 2.501106e+04, 1.664447e+03, 4.700076e+06, 4.456110e-03, 3.349196e-02, 4.643778e-07, 6.006496e-12, 2.808869e-01, 4.007531e-07, 3.731558e-14, 4.694794e-01, 2.116390e-01, 4.155943e-05, 2.216617e-08, 2.111702e-08, 3.210945e-06, 1.751521e-07, 7.923935e-07, 7.337374e-11, 3.277095e-13, 1.717639e-09, 3.782942e-13, -1.332495e-11, 1.702216e-09, 2.280043e-10, 1.144543e-11, 6.010411e-09, 8.904392e-13, 1.135356e-14, 7.763483e-14, 1.758256e-14, 7.030477e-15, 1.570422e-15, -2.572456e-16, 1.943500e-17, -7.483864e-18, 1.854012e-02, 6.296696e+00, 4.806025e+01, 5.049366e+01
1.023000e+00, 3.172328e+00, 1.130973e+00, 1.017876e-01, 1.130973e+00, 2.754770e-01, 1.766306e-01, 1.378223e+06, 1.663795e+03, 2.501106e+04, 1.663795e+03, 4.700076e+06, 4.456110e-03, 3.349610e-02, 4.614607e-07, 5.968573e-12, 2.808493e-01, 3.974511e-07, 3.687395e-14, 4.694200e-01, 2.117316e-01, 4.183048e-05, 2.216857e-08, 2.118130e-08, 3.211395e-06, 1.743939e-07, 7.928552e-07, 7.414673e-11, 3.293994e-13, 1.729126e-09, 3.785579e-13, 2.074993e-10, 1.705424e-09, 2.293106e-10, 1.149533e-11, 6.022684e-09, 8.893071e-13, 1.017986e-14, 7.816481e-14, 1.406475e-14, 5.839825e-15, 1.651135e-15, -3.240807e-16, 2.568503e-17, 2.994100e-18, 1.854013e-02, 6.299167e+00, 4.837355e+01, 5.080717e+01
1.035000e+00, 3.215894e+00, 1.130973e+00, 1.017876e-01, 1.130973e+00, 2.753696e-01, 1.766307e-01, 1.413735e+06, 1.663148e+03, 2.501106e+04, 1.663148e+03, 4.700076e+06, 4.456110e-03, 3.350022e-02, 4.585823e-07, 5.926775e-12, 2.808120e-01, 3.942003e-07, 3.643517e-14, 4.693609e-01, 2.118236e-01, 4.210020e-05, 2.217049e-08, 2.124528e-08, 3.211843e-06, 1.736441e-07, 7.933139e-07, 7.491955e-11, 3.310873e-13, 1.740574e-09, 3.788373e-13, 3.973974e-10, 1.708703e-09, 2.306088e-10, 1.154489e-11, 6.034735e-09, 8.882695e-13, 9.027558e-15, 7.869473e-14, 1.075362e-14, 4.729877e-15, 1.733854e-15, -3.890961e-16, 3.184575e-17, 1.389407e-17, 1.854014e-02, 6.301624e+00, 4.868530e+01, 5.111911e+01
1.047000e+00, 3.259477e+00, 1.130973e+00, 1.017876e-01, 1.130973e+00, 2.752630e-01, 1.766307e-01, 1.486163e+06, 1.662505e+03, 2.501106e+04, 1.662505e+03, 4.700076e+06, 4.456110e-03, 3.350432e-02, 4.557427e-07, 5.881103e-12, 2.807748e-01, 3.910006e-07, 3.599923e-14, 4.693022e-01, 2.119152e-01, 4.236857e-05, 2.217190e-08, 2.130895e-08, 3.212288e-06, 1.729028e-07, 7.937697e-07, 7.569223e-11, 3.327730e-13, 1.751985e-09, 3.791323e-13, 5.563694e-10, 1.712052e-09, 2.318988e-10, 1.159410e-11, 6.046565e-09, 8.873263e-13, 7.896666e-15, 7.922459e-14, 7.649171e-15, 3.700633e-15, 1.818580e-15, -4.522919e-16, 3.791716e-17, 2.521605e-17, 1.854016e-02, 6.304065e+00, 4.899550e+01, 5.142947e+01
1.059000e+00, 3.303077e+00, 1.130973e+00, 1.017876e-01, 1.130973e+00, 2.751571e-01, 1.766308e-01, 1.601348e+06, 1.661866e+03, 2.501106e+04, 1.661866e+03, 4.700076e+06, 4.456110e-03, 3.350839e-02, 4.529417e-07, 5.831555e-12, 2.807378e-01, 3.878522e-07, 3.556614e-14, 4.692438e-01, 2.120062e-01, 4.263560e-05, 2.217281e-08, 2.137232e-08, 3.212732e-06, 1.721698e-07, 7.942225e-07, 7.646474e-11, 3.344566e-13, 1.763358e-09, 3.794430e-13, 6.844152e-10, 1.715472e-09, 2.331806e-10, 1.164297e-11, 6.058172e-09, 8.864776e-13, 6.787181e-15, 7.975439e-14, 4.751404e-15, 2.752094e-15, 1.905313e-15, -5.136680e-16, 4.389928e-17, 3.696004e-17, 1.854017e-02, 6.306491e+00, 4.930415e+01, 5.173826e+01
1.071000e+00, 3.346695e+00, 1.130973e+00, 1.017876e-01, 1.130973e+00, 2.750520e-01, 1.766309e-01, 1.765072e+06, 1.661232e+03, 2.501106e+04, 1.661232e+03, 4.700076e+06, 4.456110e-03, 3.351244e-02, 4.501796e-07, 5.778132e-12, 2.807011e-01, 3.847550e-07, 3.513588e-14, 4.691857e-01, 2.120967e-01, 4.290129e-05, 2.217323e-08, 2.143538e-08, 3.213173e-06, 1.714453e-07, 7.946723e-07, 7.723710e-11, 3.361380e-13, 1.774693e-09, 3.797693e-13, 7.815348e-10, 1.718962e-09, 2.344543e-10, 1.169151e-11, 6.069558e-09, 8.857234e-13, 5.699101e-15, 8.028413e-14, 2.060316e-15, 1.884260e-15, 1.994052e-15, -5.732245e-16, 4.979209e-17, 4.912603e-17, 1.854018e-02, 6.308902e+00, 4.961125e+01, 5.204548e+01
1.083000e+00, 3.390331e+00, 1.130973e+00, 1.017876e-01, 1.130973e+00, 2.749476e-01, 1.766309e-01, 1.983055e+06, 1.660603e+03, 2.501106e+04, 1.660603e+03, 4.700076e+06, 4.456110e-03, 3.351646e-02, 4.474561e-07, 5.720834e-12, 2.806645e-01, 3.817090e-07, 3.470847e-14, 4.691279e-01, 2.121867e-01, 4.316564e-05, 2.217314e-08, 2.149813e-08, 3.213612e-06, 1.707292e-07, 7.951192e-07, 7.800930e-11, 3.378173e-13, 1.785991e-09, 3.801113e-13, 8.477282e-10, 1.722522e-09, 2.357198e-10, 1.173970e-11, 6.080723e-09, 8.850636e-13, 4.632428e-15, 8.081382e-14, -4.240905e-16, 1.097130e-15, 2.084797e-15, -6.309614e-16, 5.559559e-17, 6.171404e-17, 1.854019e-02, 6.311297e+00, 4.991679e+01, 5.235111e+01
1.095000e+00, 3.433984e+00, 1.130973e+00, 1.017876e-01, 1.130973e+00, 2.748402e-01, 1.766310e-01, 2.074507e+06, 1.659955e+03, 2.501106e+04, 1.659955e+03, 4.700076e+06, 4.456110e-03, 3.352060e-02, 4.446496e-07, 5.661677e-12, 2.806270e-01, 3.785745e-07, 3.427186e-14, 4.690686e-01, 2.122792e-01, 4.343308e-05, 2.217014e-08, 2.156191e-08, 3.214057e-06, 1.699897e-07, 7.955848e-07, 7.881375e-11, 3.394728e-13, 1.797573e-09, 3.801944e-13, 8.888305e-10, 1.725525e-09, 2.369962e-10, 1.178768e-11, 6.091629e-09, 8.838652e-13, 4.529735e-15, 8.136010e-14, -1.705235e-16, 1.247751e-15, 2.121986e-15, -6.410957e-16, 5.722852e-17, 6.799037e-17, 1.854020e-02, 6.313763e+00, 5.022591e+01, 5.266030e+01
1.107000e+00, 3.477658e+00, 1.130973e+00, 1.017876e-01, 1.130973e+00, 2.747251e-01, 1.766311e-01, 1.773741e+06, 1.659261e+03, 2.501106e+04, 1.659261e+03, 4.700076e+06, 4.456110e-03, 3.352502e-02, 4.416033e-07, 5.603252e-12, 2.805869e-01, 3.751720e-07, 3.381060e-14, 4.690053e-01, 2.123779e-01, 4.370931e-05, 2.216112e-08, 2.162842e-08, 3.214521e-06, 1.691857e-07, 7.960968e-07, 7.969208e-11, 3.410765e-13, 1.809855e-09, 3.796656e-13, 9.123437e-10, 1.727162e-09, 2.383079e-10, 1.183561e-11, 6.102230e-09, 8.813142e-13, 6.602920e-15, 8.194437e-14, 6.075582e-15, 3.438056e-15, 2.034177e-15, -5.447630e-16, 4.944343e-17, 5.929731e-17, 1.854022e-02, 6.316408e+00, 5.054518e+01, 5.297960e+01
1.119000e+00, 3.521349e+00, 1.130973e+00, 1.017876e-01, 1.130973e+00, 2.746089e-01, 1.766311e-01, 1.393646e+06, 1.658561e+03, 2.501106e+04, 1.658561e+03, 4.700076e+06, 4.456110e-03, 3.352948e-02, 4.385340e-07, 5.541974e-12, 2.805464e-01, 3.717498e-07, 3.334607e-14, 4.689414e-01, 2.124776e-01, 4.398644e-05, 2.215037e-08, 2.169531e-08, 3.214987e-06, 1.683741e-07, 7.966168e-07, 8.058669e-11, 3.426671e-13, 1.822263e-09, 3.790132e-13, 9.078906e-10, 1.728551e-09, 2.396211e-10, 1.188326e-11, 6.112591e-09, 8.785365e-13, 9.175645e-15, 8.253703e-14, 1.381240e-14, 6.143814e-15, 1.920189e-15, -4.233865e-16, 3.949875e-17, 4.761052e-17, 1.854023e-02, 6.319081e+00, 5.086549e+01, 5.329993e+01
1.131000e+00, 3.565058e+00, 1.130973e+00, 1.017876e-01, 1.130973e+00, 2.744915e-01, 1.766312e-01, 9.285842e+05, 1.657853e+03, 2.501106e+04, 1.657853e+03, 4.700076e+06, 4.456110e-03, 3.353399e-02, 4.354416e-07, 5.477844e-12, 2.805055e-01, 3.683080e-07, 3.287828e-14, 4.688768e-01, 2.125783e-01, 4.426449e-05, 2.213790e-08, 2.176257e-08, 3.215456e-06, 1.675547e-07, 7.971449e-07, 8.149758e-11, 3.442445e-13, 1.834797e-09, 3.782371e-13, 8.754713e-10, 1.729692e-09, 2.409357e-10, 1.193064e-11, 6.122711e-09, 8.755322e-13, 1.224791e-14, 8.313807e-14, 2.303993e-14, 9.365025e-15, 1.780022e-15, -2.769665e-16, 2.739449e-17, 3.292998e-17, 1.854024e-02, 6.321783e+00, 5.118686e+01, 5.362129e+01
1.143000e+00, 3.608785e+00, 1.130973e+00, 1.017876e-01, 1.130973e+00, 2.743730e-01, 1.766312e-01, 3.728787e+05, 1.657138e+03, 2.501106e+04, 1.657138e+03, 4.700076e+06, 4.456110e-03, 3.353855e-02, 4.323261e-07, 5.410861e-12, 2.804642e-01, 3.648466e-07, 3.240724e-14, 4.688116e-01, 2.126800e-01, 4.454344e-05, 2.212370e-08, 2.183020e-08, 3.215927e-06, 1.667276e-07, 7.976809e-07, 8.242474e-11, 3.458088e-13, 1.847457e-09, 3.773375e-13, 8.150856e-10, 1.730584e-09, 2.422519e-10, 1.197774e-11, 6.132591e-09, 8.723011e-13, 1.581971e-14, 8.374750e-14, 3.375818e-14, 1.310169e-14, 1.613676e-15, -1.055028e-16, 1.313064e-17, 1.525570e-17, 1.854025e-02, 6.324513e+00, 5.150926e+01, 5.394366e+01
1.155000e+00, 3.652531e+00, 1.130973e+00, 1.017876e-01, 1.130973e+00, 2.742536e-01, 1.766312e-01, -7.988976e+04, 1.656418e+03, 2.501106e+04, 1.656418e+03, 4.700076e+06, 4.456110e-03, 3.354315e-02, 4.292198e-07, 5.337862e-12, 2.804224e-01, 3.614044e-07, 3.192236e-14, 4.687457e-01, 2.127827e-01, 4.482581e-05, 2.210814e-08, 2.189853e-08, 3.216405e-06, 1.659009e-07, 7.982187e-07, 8.335064e-11, 3.473214e-13, 1.859823e-09, 3.764228e-13, 7.506469e-10, 1.731126e-09, 2.435799e-10, 1.202451e-11, 6.142196e-09, 8.689708e-13, 1.885073e-14, 8.434109e-14, 4.274751e-14, 1.623379e-14, 1.473896e-15, 3.822844e-17, 1.131341e-18, 1.148273e-20, 1.854027e-02, 6.327268e+00, 5.183563e+01, 5.426999e+01
1.167000e+00, 3.696298e+00, 1.130973e+00, 1.017876e-01, 1.130973e+00, 2.741334e-01, 1.766313e-01, -1.893671e+05, 1.655693e+03, 2.501106e+04, 1.655693e+03, 4.700076e+06, 4.456110e-03, 3.354781e-02, 4.261615e-07, 5.255027e-12, 2.803802e-01, 3.580285e-07, 3.141091e-14, 4.686790e-01, 2.128867e-01, 4.511466e-05, 2.209163e-08, 2.196798e-08, 3.216898e-06, 1.650845e-07, 7.987508e-07, 8.425407e-11, 3.487359e-13, 1.871385e-09, 3.756240e-13, 7.110285e-10, 1.731192e-09, 2.449325e-10, 1.207089e-11, 6.151484e-09, 8.656949e-13, 2.008485e-14, 8.488957e-14, 4.612050e-14, 1.740901e-14, 1.424366e-15, 9.050447e-17, -3.261625e-18, -6.253881e-18, 1.854028e-02, 6.330042e+00, 5.216947e+01, 5.460383e+01
1.179000e+00, 3.740084e+00, 1.130973e+00, 1.017876e-01, 1.130973e+00, 2.740122e-01, 1.766313e-01, -2.059497e+05, 1.654962e+03, 2.501106e+04, 1.654962e+03, 4.700076e+06, 4.456110e-03, 3.355251e-02, 4.231108e-07, 5.166325e-12, 2.803375e-01, 3.546701e-07, 3.088613e-14, 4.686117e-01, 2.129917e-01, 4.540681e-05, 2.207374e-08, 2.203812e-08, 3.217398e-06, 1.642682e-07, 7.992850e-07, 8.515706e-11, 3.501006e-13, 1.882672e-09, 3.748050e-13, 6.662286e-10, 1.730912e-09, 2.462964e-10, 1.211695e-11, 6.160497e-09, 8.623137e-13, 2.082729e-14, 8.542334e-14, 4.791653e-14, 1.803252e-14, 1.398913e-15, 1.175387e-16, -5.598830e-18, -1.034515e-17, 1.854029e-02, 6.332841e+00, 5.250713e+01, 5.494149e+01
1.191000e+00, 3.783888e+00, 1.130973e+00, 1.017876e-01, 1.130973e+00, 2.738901e-01, 1.766313e-01, -1.316004e+05, 1.654226e+03, 2.501106e+04, 1.654226e+03, 4.700076e+06, 4.456110e-03, 3.355727e-02, 4.200678e-07, 5.071757e-12, 2.802944e-01, 3.513291e-07, 3.034803e-14, 4.685436e-01, 2.130979e-01, 4.570227e-05, 2.205447e-08, 2.210895e-08, 3.217906e-06, 1.634520e-07, 7.998212e-07, 8.605960e-11, 3.514155e-13, 1.893685e-09, 3.739658e-13, 6.162472e-10, 1.730286e-09, 2.476718e-10, 1.216267e-11, 6.169237e-09, 8.588272e-13, 2.107803e-14, 8.594242e-14, 4.813558e-14, 1.810433e-14, 1.397537e-15, 1.193312e-16, -5.880272e-18, -1.226233e-17, 1.854031e-02, 6.335665e+00, 5.284860e+01, 5.528298e+01
1.203000e+00, 3.827712e+00, 1.130973e+00, 1.017876e-01, 1.130973e+00, 2.737670e-01, 1.766314e-01, 3.173490e+04, 1.653484e+03, 2.501106e+04, 1.653484e+03, 4.700076e+06, 4.456110e-03, 3.356207e-02, 4.170324e-07, 4.971322e-12, 2.802509e-01, 3.480055e-07, 2.979660e-14, 4.684749e-01, 2.132051e-01, 4.600103e-05, 2.203380e-08, 2.218047e-08, 3.218422e-06, 1.626358e-07, 8.003595e-07, 8.696171e-11, 3.526806e-13, 1.904423e-09, 3.731065e-13, 5.610842e-10, 1.729313e-09, 2.490586e-10, 1.220807e-11, 6.177704e-09, 8.552354e-13, 2.083708e-14, 8.644679e-14, 4.677767e-14, 1.762444e-14, 1.420237e-15, 9.588195e-17, -4.105952e-18, -1.200541e-17, 1.854032e-02, 6.338514e+00, 5.319390e+01, 5.562828e+01
1.215000e+00, 3.871609e+00, 1.130973e+00, 1.017876e-01, 1.130973e+00, 2.736437e-01, 1.766316e-01, 4.443852e+05, 1.652740e+03, 2.501106e+04, 1.652740e+03, 4.700076e+06, 4.456110e-03, 3.356689e-02, 4.140361e-07, 4.874780e-12, 2.802071e-01, 3.447392e-07, 2.926495e-14, 4.684057e-01, 2.133128e-01, 4.630991e-05, 2.201529e-08, 2.225355e-08, 3.218943e-06, 1.618267e-07, 8.008973e-07, 8.790496e-11, 3.540329e-13, 1.915680e-09, 3.723183e-13, 5.135285e-10, 1.728657e-09, 2.504956e-10, 1.225556e-11, 6.186793e-09, 8.518141e-13, 2.049626e-14, 8.697584e-14, 4.520894e-14, 1.707745e-14, 1.446633e-15, 6.773045e-17, -1.822828e-18, -1.017650e-17, 1.854033e-02, 6.341371e+00, 5.355089e+01, 5.598529e+01
1.227000e+00, 3.915576e+00, 1.130973e+00, 1.017876e-01, 1.130973e+00, 2.735210e-01, 1.766319e-01, 9.188760e+05, 1.652001e+03, 2.501106e+04, 1.652001e+03, 4.700076e+06, 4.456110e-03, 3.357169e-02, 4.110807e-07, 4.788699e-12, 2.801635e-01, 3.415272e-07, 2.877061e-14, 4.683368e-01, 2.134203e-01, 4.662811e-05, 2.200076e-08, 2.232788e-08, 3.219466e-06, 1.610264e-07, 8.014326e-07, 8.889958e-11, 3.555411e-13, 1.927847e-09, 3.716377e-13, 4.803736e-10, 1.728725e-09, 2.519838e-10, 1.230594e-11, 6.196916e-09, 8.487053e-13, 2.050457e-14, 8.754959e-14, 4.489547e-14, 1.697786e-14, 1.454452e-15, 5.802750e-17, -8.863948e-19, -8.491724e-18, 1.854035e-02, 6.344214e+00, 5.391867e+01, 5.635311e+01
1.239000e+00, 3.959544e+00, 1.130973e+00, 1.017876e-01, 1.130973e+00, 2.733984e-01, 1.766323e-01, 1.168439e+06, 1.651261e+03, 2.501106e+04, 1.651261e+03, 4.700076e+06, 4.456110e-03, 3.357650e-02, 4.081252e-07, 4.702619e-12, 2.801199e-01, 3.383151e-07, 2.827627e-14, 4.682679e-01, 2.135277e-01, 4.694632e-05, 2.198624e-08, 2.240221e-08, 3.219988e-06, 1.602261e-07, 8.019679e-07, 8.989421e-11, 3.570494e-13, 1.940013e-09, 3.709571e-13, 4.472188e-10, 1.728793e-09, 2.534719e-10, 1.235633e-11, 6.207038e-09, 8.455965e-13, 2.051287e-14, 8.812333e-14, 4.458201e-14, 1.687827e-14, 1.462272e-15, 4.832455e-17, 5.003802e-20, -6.806947e-18, 1.854036e-02, 6.347059e+00, 5.428645e+01, 5.672094e+01
1.251000e+00, 4.003512e+00, 1.130973e+00, 1.017876e-01, 1.130973e+00, 2.732758e-01, 1.766325e-01, 1.193321e+06, 1.650522e+03, 2.501106e+04, 1.650522e+03, 4.700076e+06, 4.456110e-03, 3.358130e-02, 4.051698e-07, 4.616538e-12, 2.800763e-01, 3.351031e-07, 2.778193e-14, 4.681989e-01, 2.136351e-01, 4.726453e-05, 2.197171e-08, 2.247654e-08, 3.220510e-06, 1.594258e-07, 8.025031e-07, 9.088883e-11, 3.585576e-13, 1.952179e-09, 3.702765e-13, 4.140639e-10, 1.728862e-09, 2.549601e-10, 1.240671e-11, 6.217161e-09, 8.424876e-13, 2.052117e-14, 8.869708e-14, 4.426854e-14, 1.677868e-14, 1.470092e-15, 3.862159e-17, 9.864709e-19, -5.122169e-18, 1.854037e-02, 6.349908e+00, 5.465423e+01, 5.708876e+01
1.263000e+00, 4.047479e+00, 1.130973e+00, 1.017876e-01, 1.130973e+00, 2.731531e-01, 1.766327e-01, 9.937693e+05, 1.649782e+03, 2.501106e+04, 1.649782e+03, 4.700076e+06, 4.456110e-03, 3.358611e-02, 4.022144e-07, 4.530458e-12, 2.800327e-01, 3.318910e-07, 2.728758e-14, 4.681300e-01, 2.137425e-01, 4.758274e-05, 2.195719e-08, 2.255088e-08, 3.221032e-06, 1.586255e-07, 8.030384e-07, 9.188345e-11, 3.600658e-13, 1.964345e-09, 3.695959e-13, 3.809090e-10, 1.728930e-09, 2.564482e-10, 1.245710e-11, 6.227284e-09, 8.393788e-13, 2.052948e-14, 8.927083e-14, 4.395507e-14, 1.667909e-14, 1.477912e-15, 2.891864e-17, 1.922904e-18, -3.437391e-18, 1.854039e-02, 6.352758e+00, 5.502202e+01, 5.745659e+01
1.275000e+00, 4.091447e+00, 1.130973e+00, 1.017876e-01, 1.130973e+00, 2.730305e-01, 1.766328e-01, 5.700317e+05, 1.649043e+03, 2.501106e+04, 1.649043e+03, 4.700076e+06, 4.456110e-03, 3.359091e-02, 3.992590e-07, 4.444378e-12, 2.799891e-01, 3.286789e-07, 2.679324e-14, 4.680611e-01, 2.138500e-01, 4.790094e-05, 2.194267e-08, 2.262521e-08, 3.221554e-06, 1.578252e-07, 8.035737e-07, 9.287808e-11, 3.615740e-13, 1.976512e-09, 3.689154e-13, 3.477542e-10, 1.728998e-09, 2.579364e-10, 1.250748e-11, 6.237407e-09, 8.362700e-13, 2.053778e-14, 8.984457e-14, 4.364160e-14, 1.657949e-14, 1.485731e-15, 1.921569e-17, 2.859337e-18, -1.752614e-18, 1.854040e-02, 6.355612e+00, 5.538980e+01, 5.782441e+01
1.287000e+00, 4.135427e+00, 1.130973e+00, 1.017876e-01, 1.130973e+00, 2.729079e-01, 1.766328e-01, 9.945465e+04, 1.648304e+03, 2.501106e+04, 1.648304e+03, 4.700076e+06, 4.456110e-03, 3.359572e-02, 3.963176e-07, 4.359892e-12, 2.799454e-01, 3.254878e-07, 2.630620e-14, 4.679921e-01, 2.139575e-01, 4.822082e-05, 2.192798e-08, 2.269975e-08, 3.222076e-06, 1.570272e-07, 8.041099e-07, 9.388205e-11, 3.630843e-13, 1.988739e-09, 3.682291e-13, 3.163004e-10, 1.729048e-09, 2.594306e-10, 1.255797e-11, 6.247517e-09, 8.331556e-13, 2.058139e-14, 9.042134e-14, 4.341564e-14, 1.650951e-14, 1.492217e-15, 1.106989e-17, 3.645647e-18, -3.211673e-19, 1.854042e-02, 6.358468e+00, 5.575951e+01, 5.819417e+01
1.299000e+00, 4.179473e+00, 1.130973e+00, 1.017876e-01, 1.130973e+00, 2.727852e-01, 1.766331e-01, 3.303279e+05, 1.647564e+03, 2.501106e+04, 1.647564e+03, 4.700076e+06, 4.456110e-03, 3.360055e-02, 3.934489e-07, 4.283706e-12, 2.799015e-01, 3.224059e-07, 2.585714e-14, 4.679227e-01, 2.140656e-01, 4.854941e-05, 2.191246e-08, 2.277541e-08, 3.222597e-06, 1.562409e-07, 8.046511e-07, 9.493470e-11, 3.646052e-13, 2.001283e-09, 3.675131e-13, 2.937008e-10, 1.729009e-09, 2.609566e-10, 1.260901e-11, 6.257556e-09, 8.300122e-13, 2.080875e-14, 9.101379e-14, 4.364521e-14, 1.659364e-14, 1.491761e-15, 1.102914e-17, 3.650566e-18, -2.083207e-19, 1.854043e-02, 6.361328e+00, 5.613929e+01, 5.857401e+01
1.311000e+00, 4.223519e+00, 1.130973e+00, 1.017876e-01, 1.130973e+00, 2.726625e-01, 1.766332e-01, 3.435007e+05, 1.646824e+03, 2.501106e+04, 1.646824e+03, 4.700076e+06, 4.456110e-03, 3.360538e-02, 3.905802e-07, 4.207519e-12, 2.798576e-01, 3.193239e-07, 2.540808e-14, 4.678533e-01, 2.141737e-01, 4.887799e-05, 2.189694e-08, 2.285107e-08, 3.223118e-06, 1.554546e-07, 8.051923e-07, 9.598735e-11, 3.661260e-13, 2.013827e-09, 3.667972e-13, 2.711012e-10, 1.728969e-09, 2.624826e-10, 1.266006e-11, 6.267596e-09, 8.268689e-13, 2.103611e-14, 9.160624e-14, 4.387477e-14, 1.667778e-14, 1.491304e-15, 1.098838e-17, 3.655486e-18, -9.547412e-20, 1.854045e-02, 6.364191e+00, 5.651907e+01, 5.895385e+01
1.323000e+00, 4.267565e+00, 1.130973e+00, 1.017876e-01, 1.130973e+00, 2.725398e-01, 1.766333e-01, 1.392145e+05, 1.646084e+03, 2.501106e+04, 1.646084e+03, 4.700076e+06, 4.456110e-03, 3.361021e-02, 3.877114e-07, 4.131333e-12, 2.798137e-01, 3.162420e-07, 2.495901e-14, 4.677839e-01, 2.142819e-01, 4.920657e-05, 2.188142e-08, 2.292672e-08, 3.223640e-06, 1.546684e-07, 8.057335e-07, 9.704000e-11, 3.676469e-13, 2.026370e-09, 3.660813e-13, 2.485016e-10, 1.728929e-09, 2.640086e-10, 1.271110e-11, 6.277635e-09, 8.237255e-13, 2.126347e-14, 9.219869e-14, 4.410433e-14, 1.676191e-14, 1.490848e-15, 1.094763e-17, 3.660405e-18, 1.737250e-20, 1.854046e-02, 6.367056e+00, 5.689884e+01, 5.933369e+01
1.335000e+00, 4.311611e+00, 1.130973e+00, 1.017876e-01, 1.130973e+00, 2.724171e-01, 1.766334e-01, -2.822886e+05, 1.645344e+03, 2.501106e+04, 1.645344e+03, 4.700076e+06, 4.456110e-03, 3.361504e-02, 3.848427e-07, 4.055147e-12, 2.797699e-01, 3.131600e-07, 2.450995e-14, 4.677145e-01, 2.143900e-01, 4.953516e-05, 2.186590e-08, 2.300238e-08, 3.224161e-06, 1.538821e-07, 8.062748e-07, 9.809264e-11, 3.691678e-13, 2.038914e-09, 3.653653e-13, 2.259020e-10, 1.728889e-09, 2.655346e-10, 1.276215e-11, 6.287675e-09, 8.205821e-13, 2.149082e-14, 9.279114e-14, 4.433389e-14, 1.684604e-14, 1.490391e-15, 1.090688e-17, 3.665324e-18, 1.302191e-19, 1.854048e-02, 6.369924e+00, 5.727862e+01, 5.971353e+01
