Distance_PFRC2_(m), Plug_flow_residence_time_PFRC2_(sec), Internal_surface_area_per_unit_distance_PFRC2_(m), Cross-section_area_PFRC2_(m2), External_surface_area_per_unit_distance_PFRC2_(m), Velocity_PFRC2_(m/sec), Exit_mass_flow_rate_PFRC2_(kg/sec), Volumetric_heat_production_rate_PFRC2_(J/m3-sec), Surface_temperature_PFRC2_(K), Heat_loss_rate_PFRC2_(J/m-sec), Temperature_PFRC2_(K), Pressure_PFRC2_(Pa), Mole_fraction_H2_PFRC2_(), Mole_fraction_H_PFRC2_(), Mole_fraction_O2_PFRC2_(), Mole_fraction_OH_PFRC2_(), Mole_fraction_H2O_PFRC2_(), Mole_fraction_CH3_PFRC2_(), Mole_fraction_CH4_PFRC2_(), Mole_fraction_CO_PFRC2_(), Mole_fraction_CO2_PFRC2_(), Mole_fraction_HCO_PFRC2_(), Mole_fraction_CH2O_PFRC2_(), Mole_fraction_CH3OH_PFRC2_(), Mole_fraction_C2H2_PFRC2_(), Mole_fraction_C2H3_PFRC2_(), Mole_fraction_C2H4_PFRC2_(), Mole_fraction_C2H5_PFRC2_(), Mole_fraction_C2H6_PFRC2_(), Mole_fraction_CH2CO_PFRC2_(), Mole_fraction_N2_PFRC2_(), Molecular_weight_PFRC2_(kg/mole), Mass_density_PFRC2_(kg/m3), Unburned_hydrocarbons_PFRC2_(ppm), Volatile_organic_compounds_PFRC2_(ppm)
1.350000e-01, 0.000000e+00, 1.130973e+00, 1.017876e-01, 1.130973e+00, 2.933384e-01, 1.766800e-01, 3.706613e+07, 1.825123e+03, 0.000000e+00, 1.825123e+03, 4.700000e+06, 2.727573e-01, 3.377703e-05, 8.503918e-06, 2.710612e-06, 3.132548e-01, 2.714807e-05, 1.091108e-02, 3.081481e-01, 9.060304e-02, 2.698881e-07, 2.590237e-06, 9.390712e-07, 9.447395e-04, 2.005849e-07, 2.409103e-04, 7.518882e-08, 3.974318e-06, 2.540763e-06, 3.057335e-03, 1.910525e-02, 5.917300e+00, 1.331803e+04, 1.332691e+04
1.350053e-01, 1.807118e-05, 1.130973e+00, 1.017876e-01, 1.130973e+00, 2.933445e-01, 1.766800e-01, -1.185787e+07, 1.825136e+03, 2.501106e+04, 1.825136e+03, 4.700002e+06, 2.727688e-01, 3.359147e-05, 2.987304e-06, 2.694805e-06, 3.132546e-01, 2.697934e-05, 1.090150e-02, 3.081574e-01, 9.059819e-02, 2.684060e-07, 2.579443e-06, 9.318134e-07, 9.447323e-04, 1.993478e-07, 2.407054e-04, 7.431130e-08, 3.878672e-06, 2.526805e-06, 3.057291e-03, 1.910497e-02, 5.917177e+00, 1.330767e+04, 1.331650e+04
1.350410e-01, 1.397069e-04, 1.130973e+00, 1.017876e-01, 1.130973e+00, 2.933305e-01, 1.766800e-01, -3.729587e+07, 1.824817e+03, 2.501106e+04, 1.824817e+03, 4.700002e+06, 2.728853e-01, 3.341288e-05, 3.012215e-09, 2.676337e-06, 3.131914e-01, 2.667297e-05, 1.083824e-02, 3.082230e-01, 9.054916e-02, 2.672639e-07, 2.564495e-06, 9.194594e-07, 9.427695e-04, 1.978109e-07, 2.401183e-04, 7.364984e-08, 3.832740e-06, 2.496418e-06, 3.056903e-03, 1.910255e-02, 5.917459e+00, 1.323890e+04, 1.324765e+04
1.357749e-01, 2.642844e-03, 1.130973e+00, 1.017876e-01, 1.130973e+00, 2.931035e-01, 1.766800e-01, -2.339808e+07, 1.819403e+03, 2.501106e+04, 1.819403e+03, 4.700002e+06, 2.751919e-01, 3.214712e-05, 1.092731e-10, 2.509809e-06, 3.116412e-01, 2.322489e-05, 9.885723e-03, 3.091613e-01, 8.997471e-02, 2.617164e-07, 2.457961e-06, 8.000862e-07, 8.130196e-04, 1.683637e-07, 2.147732e-04, 6.406037e-08, 3.291493e-06, 2.178736e-06, 3.050193e-03, 1.906062e-02, 5.922043e+00, 1.197158e+04, 1.197946e+04
1.383128e-01, 1.130851e-02, 1.130973e+00, 1.017876e-01, 1.130973e+00, 2.926462e-01, 1.766800e-01, -1.466910e+07, 1.807377e+03, 2.501106e+04, 1.807377e+03, 4.700002e+06, 2.806303e-01, 2.939560e-05, 8.513028e-11, 2.163017e-06, 3.078081e-01, 1.654632e-05, 7.846135e-03, 3.112815e-01, 8.880699e-02, 2.489988e-07, 2.260100e-06, 5.661214e-07, 4.160020e-04, 8.449732e-08, 1.214459e-04, 3.544472e-08, 1.991083e-06, 1.450095e-06, 3.034767e-03, 1.896422e-02, 5.931297e+00, 8.941802e+03, 8.947779e+03
1.448967e-01, 3.384197e-02, 1.130973e+00, 1.017876e-01, 1.130973e+00, 2.917934e-01, 1.766800e-01, -6.846678e+06, 1.789859e+03, 2.501106e+04, 1.789859e+03, 4.700002e+06, 2.880370e-01, 2.570816e-05, 5.643689e-11, 1.741282e-06, 3.028162e-01, 8.689055e-06, 4.828784e-03, 3.137569e-01, 8.735800e-02, 2.304652e-07, 2.049341e-06, 2.976055e-07, 1.112054e-04, 2.196504e-08, 3.764722e-05, 1.069909e-08, 6.982980e-07, 7.070116e-07, 3.014136e-03, 1.883530e-02, 5.948632e+00, 5.136641e+03, 5.140633e+03
1.470000e-01, 4.105260e-02, 1.130973e+00, 1.017876e-01, 1.130973e+00, 2.915970e-01, 1.766800e-01, -5.646458e+06, 1.786331e+03, 2.501106e+04, 1.786331e+03, 4.700002e+06, 2.894611e-01, 2.501300e-05, 5.201489e-11, 1.666856e-06, 3.018822e-01, 7.355921e-06, 4.221193e-03, 3.141821e-01, 8.709871e-02, 2.267834e-07, 2.016439e-06, 2.526690e-07, 7.926373e-05, 1.556519e-08, 2.764572e-05, 7.813139e-09, 5.256067e-07, 5.927285e-07, 3.010221e-03, 1.881084e-02, 5.952638e+00, 4.443467e+03, 4.447149e+03
1.590000e-01, 8.226370e-02, 1.130973e+00, 1.017876e-01, 1.130973e+00, 2.908534e-01, 1.766800e-01, -2.297619e+06, 1.774183e+03, 2.501106e+04, 1.774183e+03, 4.700002e+06, 2.941762e-01, 2.273655e-05, 3.925721e-11, 1.434070e-06, 2.988267e-01, 3.385605e-06, 2.170169e-03, 3.154849e-01, 8.629154e-02, 2.142893e-07, 1.924933e-06, 1.196329e-07, 1.652331e-05, 3.179579e-09, 6.385430e-06, 1.769695e-09, 1.320742e-07, 2.671211e-07, 2.997393e-03, 1.873067e-02, 5.967857e+00, 2.219646e+03, 2.222440e+03
1.710000e-01, 1.235538e-01, 1.130973e+00, 1.017876e-01, 1.130973e+00, 2.904319e-01, 1.766800e-01, -1.244526e+06, 1.768216e+03, 2.501106e+04, 1.768216e+03, 4.700002e+06, 2.963234e-01, 2.169132e-05, 3.423808e-11, 1.332828e-06, 2.974441e-01, 1.814121e-06, 1.227512e-03, 3.160162e-01, 8.596330e-02, 2.083348e-07, 1.892144e-06, 6.723702e-08, 4.717638e-06, 8.984180e-10, 1.916707e-06, 5.258900e-10, 4.128777e-08, 1.426950e-07, 2.991648e-03, 1.869477e-02, 5.976517e+00, 1.242680e+03, 1.245133e+03
1.830000e-01, 1.648929e-01, 1.130973e+00, 1.017876e-01, 1.130973e+00, 2.901487e-01, 1.766800e-01, -1.114895e+06, 1.764717e+03, 2.501106e+04, 1.764717e+03, 4.700002e+06, 2.974687e-01, 2.112139e-05, 3.166842e-11, 1.278774e-06, 2.967032e-01, 1.044378e-06, 7.293972e-04, 3.162699e-01, 8.581230e-02, 2.050978e-07, 1.877122e-06, 4.161106e-08, 1.561423e-06, 2.943852e-10, 6.531049e-07, 1.775242e-10, 1.440590e-08, 8.223015e-08, 2.988642e-03, 1.867599e-02, 5.982350e+00, 7.349005e+02, 7.371889e+02
1.950000e-01, 2.062669e-01, 1.130973e+00, 1.017876e-01, 1.130973e+00, 2.899344e-01, 1.766800e-01, -3.377319e+05, 1.762415e+03, 2.501106e+04, 1.762415e+03, 4.700002e+06, 2.981312e-01, 2.072107e-05, 3.006785e-11, 1.243051e-06, 2.962696e-01, 6.285270e-07, 4.476383e-04, 3.163944e-01, 8.574469e-02, 2.026382e-07, 1.869344e-06, 2.777565e-08, 5.646910e-07, 1.066019e-10, 2.406663e-07, 6.546697e-11, 5.386197e-09, 4.964038e-08, 2.986949e-03, 1.866541e-02, 5.986772e+00, 4.498887e+02, 4.520879e+02
2.070000e-01, 2.476685e-01, 1.130973e+00, 1.017876e-01, 1.130973e+00, 2.897578e-01, 1.766800e-01, -3.257825e+05, 1.760755e+03, 2.501106e+04, 1.760755e+03, 4.700002e+06, 2.985358e-01, 2.046432e-05, 2.902678e-11, 1.219960e-06, 2.959996e-01, 3.902100e-07, 2.819799e-04, 3.164513e-01, 8.572094e-02, 2.011361e-07, 1.865135e-06, 1.985274e-08, 2.180065e-07, 4.096468e-11, 9.416654e-08, 2.550322e-11, 2.130222e-09, 3.093660e-08, 2.985956e-03, 1.865920e-02, 5.990422e+00, 2.829989e+02, 2.851470e+02
2.190000e-01, 2.890936e-01, 1.130973e+00, 1.017876e-01, 1.130973e+00, 2.896027e-01, 1.766800e-01, -1.297331e+05, 1.759461e+03, 2.501106e+04, 1.759461e+03, 4.700002e+06, 2.987942e-01, 2.025393e-05, 2.824188e-11, 1.201892e-06, 2.958222e-01, 2.495945e-07, 1.822634e-04, 3.164702e-01, 8.572186e-02, 1.998339e-07, 1.862772e-06, 1.518404e-08, 8.921391e-08, 1.676044e-11, 3.891999e-08, 1.053742e-11, 8.870278e-10, 1.989091e-08, 2.985359e-03, 1.865547e-02, 5.993629e+00, 1.827711e+02, 1.848888e+02
2.310000e-01, 3.305400e-01, 1.130973e+00, 1.017876e-01, 1.130973e+00, 2.894604e-01, 1.766800e-01, -7.547505e+04, 1.758382e+03, 2.501106e+04, 1.758382e+03, 4.700002e+06, 2.989669e-01, 2.008296e-05, 2.762088e-11, 1.187454e-06, 2.956991e-01, 1.646266e-07, 1.213011e-04, 3.164669e-01, 8.573719e-02, 1.987725e-07, 1.861459e-06, 1.236969e-08, 3.887934e-08, 7.290691e-12, 1.710042e-08, 4.621568e-12, 3.921248e-10, 1.320369e-08, 2.984995e-03, 1.865319e-02, 5.996576e+00, 1.215785e+02, 1.236776e+02
2.430000e-01, 3.720062e-01, 1.130973e+00, 1.017876e-01, 1.130973e+00, 2.893258e-01, 1.766800e-01, -4.394520e+04, 1.757431e+03, 2.501106e+04, 1.757431e+03, 4.700002e+06, 2.990882e-01, 1.993061e-05, 2.709072e-11, 1.174896e-06, 2.956086e-01, 1.125606e-07, 8.360005e-05, 3.164504e-01, 8.576115e-02, 1.978052e-07, 1.860748e-06, 1.065265e-08, 1.821907e-08, 3.410048e-12, 8.069642e-09, 2.176933e-12, 1.859658e-10, 9.099400e-09, 2.984769e-03, 1.865179e-02, 5.999367e+00, 8.376558e+01, 8.585308e+01
2.550000e-01, 4.134913e-01, 1.130973e+00, 1.017876e-01, 1.130973e+00, 2.891958e-01, 1.766800e-01, -2.667321e+04, 1.756560e+03, 2.501106e+04, 1.756560e+03, 4.700002e+06, 2.991781e-01, 1.978886e-05, 2.661557e-11, 1.163444e-06, 2.955379e-01, 8.031673e-08, 6.009402e-05, 3.164258e-01, 8.579040e-02, 1.968868e-07, 1.860396e-06, 9.597301e-09, 9.303952e-09, 1.737985e-12, 4.146856e-09, 1.116564e-12, 9.597297e-11, 6.554163e-09, 2.984629e-03, 1.865091e-02, 6.002062e+00, 6.020145e+01, 6.228153e+01
2.670000e-01, 4.549948e-01, 1.130973e+00, 1.017876e-01, 1.130973e+00, 2.890688e-01, 1.766800e-01, -1.712346e+04, 1.755736e+03, 2.501106e+04, 1.755736e+03, 4.700002e+06, 2.992487e-01, 1.965338e-05, 2.617517e-11, 1.152668e-06, 2.954794e-01, 6.017651e-08, 4.534369e-05, 3.163962e-01, 8.582290e-02, 1.959947e-07, 1.860259e-06, 8.946412e-09, 5.243064e-09, 9.772916e-13, 2.350487e-09, 6.315578e-13, 5.460106e-11, 4.962774e-09, 2.984541e-03, 1.865036e-02, 6.004700e+00, 4.541917e+01, 4.749439e+01
2.790000e-01, 4.965164e-01, 1.130973e+00, 1.017876e-01, 1.130973e+00, 2.889436e-01, 1.766800e-01, -1.558114e+04, 1.754943e+03, 2.501106e+04, 1.754943e+03, 4.700002e+06, 2.993073e-01, 1.952185e-05, 2.575784e-11, 1.142326e-06, 2.954284e-01, 4.750696e-08, 3.604457e-05, 3.163635e-01, 8.585745e-02, 1.951180e-07, 1.860254e-06, 8.545443e-09, 3.283065e-09, 6.105627e-13, 1.479986e-09, 3.968210e-13, 3.451576e-11, 3.961252e-09, 2.984486e-03, 1.865001e-02, 6.007302e+00, 3.610167e+01, 3.817361e+01
2.910000e-01, 5.380560e-01, 1.130973e+00, 1.017876e-01, 1.130973e+00, 2.888195e-01, 1.766800e-01, 3.293124e+04, 1.754169e+03, 2.501106e+04, 1.754169e+03, 4.700002e+06, 2.993584e-01, 1.939214e-05, 2.535585e-11, 1.132231e-06, 2.953822e-01, 3.949981e-08, 3.016067e-05, 3.163289e-01, 8.589330e-02, 1.942427e-07, 1.860330e-06, 8.300660e-09, 2.262081e-09, 4.204734e-13, 1.023676e-09, 2.743303e-13, 2.390824e-11, 3.329111e-09, 2.984451e-03, 1.864980e-02, 6.009883e+00, 3.020679e+01, 3.227642e+01
3.030000e-01, 5.796133e-01, 1.130973e+00, 1.017876e-01, 1.130973e+00, 2.886961e-01, 1.766800e-01, 9.303626e+04, 1.753406e+03, 2.501106e+04, 1.753406e+03, 4.700002e+06, 2.994047e-01, 1.926420e-05, 2.496580e-11, 1.122338e-06, 2.953390e-01, 3.440516e-08, 2.643271e-05, 3.162929e-01, 8.593000e-02, 1.933731e-07, 1.860456e-06, 8.153585e-09, 1.719753e-09, 3.194578e-13, 7.811753e-10, 2.088926e-13, 1.810671e-11, 2.927914e-09, 2.984429e-03, 1.864966e-02, 6.012452e+00, 2.647216e+01, 2.854009e+01
3.150000e-01, 6.211883e-01, 1.130973e+00, 1.017876e-01, 1.130973e+00, 2.885733e-01, 1.766800e-01, -2.292283e+03, 1.752652e+03, 2.501106e+04, 1.752652e+03, 4.700002e+06, 2.994481e-01, 1.913982e-05, 2.458737e-11, 1.112719e-06, 2.952976e-01, 3.109205e-08, 2.406589e-05, 3.162562e-01, 8.596720e-02, 1.925314e-07, 1.860616e-06, 8.066276e-09, 1.430508e-09, 2.640340e-13, 6.567463e-10, 1.745877e-13, 1.539656e-11, 2.666819e-09, 2.984415e-03, 1.864957e-02, 6.015011e+00, 2.410119e+01, 2.616783e+01
3.270000e-01, 6.627811e-01, 1.130973e+00, 1.017876e-01, 1.130973e+00, 2.884506e-01, 1.766800e-01, -1.184710e+03, 1.751902e+03, 2.501106e+04, 1.751902e+03, 4.700002e+06, 2.994896e-01, 1.901509e-05, 2.421502e-11, 1.103142e-06, 2.952574e-01, 2.898272e-08, 2.258132e-05, 3.162189e-01, 8.600481e-02, 1.916785e-07, 1.860795e-06, 8.019526e-09, 1.236359e-09, 2.280337e-13, 5.696302e-10, 1.514746e-13, 1.346585e-11, 2.502476e-09, 2.984406e-03, 1.864952e-02, 6.017568e+00, 2.261394e+01, 2.467953e+01
3.390000e-01, 7.043915e-01, 1.130973e+00, 1.017876e-01, 1.130973e+00, 2.883282e-01, 1.766800e-01, 1.899744e+04, 1.751156e+03, 2.501106e+04, 1.751156e+03, 4.700002e+06, 2.995299e-01, 1.889133e-05, 2.384963e-11, 1.093671e-06, 2.952180e-01, 2.761383e-08, 2.165656e-05, 3.161813e-01, 8.604267e-02, 1.908291e-07, 1.860987e-06, 7.997776e-09, 1.131345e-09, 2.082982e-13, 5.228747e-10, 1.387892e-13, 1.235240e-11, 2.397232e-09, 2.984401e-03, 1.864948e-02, 6.020124e+00, 2.168751e+01, 2.375221e+01
3.510000e-01, 7.460196e-01, 1.130973e+00, 1.017876e-01, 1.130973e+00, 2.882058e-01, 1.766800e-01, 9.474345e+03, 1.750411e+03, 2.501106e+04, 1.750411e+03, 4.700002e+06, 2.995695e-01, 1.876854e-05, 2.349036e-11, 1.084297e-06, 2.951790e-01, 2.671959e-08, 2.109439e-05, 3.161434e-01, 8.608072e-02, 1.899846e-07, 1.861188e-06, 7.992087e-09, 1.055297e-09, 1.939214e-13, 4.911875e-10, 1.301601e-13, 1.169153e-11, 2.329737e-09, 2.984397e-03, 1.864946e-02, 6.022679e+00, 2.112423e+01, 2.318815e+01
3.630000e-01, 7.876653e-01, 1.130973e+00, 1.017876e-01, 1.130973e+00, 2.880836e-01, 1.766800e-01, 1.835379e+04, 1.749667e+03, 2.501106e+04, 1.749667e+03, 4.700002e+06, 2.996086e-01, 1.864650e-05, 2.313684e-11, 1.075006e-06, 2.951403e-01, 2.613626e-08, 2.077026e-05, 3.161053e-01, 8.611889e-02, 1.891426e-07, 1.861394e-06, 7.996971e-09, 1.013759e-09, 1.859497e-13, 4.740019e-10, 1.253811e-13, 1.130461e-11, 2.287249e-09, 2.984396e-03, 1.864945e-02, 6.025235e+00, 2.079939e+01, 2.286259e+01
3.750000e-01, 8.293287e-01, 1.130973e+00, 1.017876e-01, 1.130973e+00, 2.879614e-01, 1.766800e-01, -3.522028e+03, 1.748924e+03, 2.501106e+04, 1.748924e+03, 4.700002e+06, 2.996474e-01, 1.852531e-05, 2.278869e-11, 1.065799e-06, 2.951017e-01, 2.575273e-08, 2.060182e-05, 3.160671e-01, 8.615718e-02, 1.883050e-07, 1.861604e-06, 8.008684e-09, 9.845431e-10, 1.802149e-13, 4.635355e-10, 1.223339e-13, 1.113524e-11, 2.260612e-09, 2.984395e-03, 1.864945e-02, 6.027792e+00, 2.063049e+01, 2.269302e+01
3.870000e-01, 8.710098e-01, 1.130973e+00, 1.017876e-01, 1.130973e+00, 2.878392e-01, 1.766800e-01, 2.216842e+04, 1.748182e+03, 2.501106e+04, 1.748182e+03, 4.700002e+06, 2.996860e-01, 1.840471e-05, 2.244578e-11, 1.056662e-06, 2.950633e-01, 2.550151e-08, 2.053531e-05, 3.160287e-01, 8.619555e-02, 1.874686e-07, 1.861816e-06, 8.024975e-09, 9.665962e-10, 1.766735e-13, 4.568487e-10, 1.204424e-13, 1.098684e-11, 2.244892e-09, 2.984395e-03, 1.864945e-02, 6.030351e+00, 2.056368e+01, 2.262557e+01
3.990000e-01, 9.127086e-01, 1.130973e+00, 1.017876e-01, 1.130973e+00, 2.877170e-01, 1.766800e-01, 3.413726e+03, 1.747441e+03, 2.501106e+04, 1.747441e+03, 4.700002e+06, 2.997245e-01, 1.828497e-05, 2.210792e-11, 1.047606e-06, 2.950248e-01, 2.533430e-08, 2.053646e-05, 3.159903e-01, 8.623399e-02, 1.866372e-07, 1.862030e-06, 8.044190e-09, 9.553723e-10, 1.742681e-13, 4.546652e-10, 1.195798e-13, 1.100988e-11, 2.235674e-09, 2.984395e-03, 1.864945e-02, 6.032911e+00, 2.056464e+01, 2.262592e+01
4.110000e-01, 9.544251e-01, 1.130973e+00, 1.017876e-01, 1.130973e+00, 2.875949e-01, 1.766800e-01, 4.462523e+04, 1.746699e+03, 2.501106e+04, 1.746699e+03, 4.700002e+06, 2.997629e-01, 1.816578e-05, 2.177500e-11, 1.038616e-06, 2.949865e-01, 2.522530e-08, 2.058280e-05, 3.159518e-01, 8.627250e-02, 1.858065e-07, 1.862246e-06, 8.065489e-09, 9.473643e-10, 1.726361e-13, 4.517757e-10, 1.188015e-13, 1.092891e-11, 2.231541e-09, 2.984395e-03, 1.864945e-02, 6.035472e+00, 2.061084e+01, 2.267152e+01
4.230000e-01, 9.961593e-01, 1.130973e+00, 1.017876e-01, 1.130973e+00, 2.874728e-01, 1.766800e-01, -6.162469e+04, 1.745958e+03, 2.501106e+04, 1.745958e+03, 4.700002e+06, 2.998014e-01, 1.804760e-05, 2.144663e-11, 1.029707e-06, 2.949481e-01, 2.514830e-08, 2.065920e-05, 3.159133e-01, 8.631107e-02, 1.849841e-07, 1.862462e-06, 8.087935e-09, 9.464150e-10, 1.716066e-13, 4.582833e-10, 1.197232e-13, 1.125202e-11, 2.229161e-09, 2.984396e-03, 1.864945e-02, 6.038037e+00, 2.068719e+01, 2.274727e+01
4.350000e-01, 1.037911e+00, 1.130973e+00, 1.017876e-01, 1.130973e+00, 2.873506e-01, 1.766800e-01, 1.296062e+04, 1.745216e+03, 2.501106e+04, 1.745216e+03, 4.700002e+06, 2.998399e-01, 1.792962e-05, 2.112318e-11, 1.020850e-06, 2.949096e-01, 2.510197e-08, 2.075610e-05, 3.158746e-01, 8.634972e-02, 1.841578e-07, 1.862679e-06, 8.111594e-09, 9.397531e-10, 1.706058e-13, 4.546245e-10, 1.189896e-13, 1.116637e-11, 2.230207e-09, 2.984397e-03, 1.864946e-02, 6.040605e+00, 2.078402e+01, 2.284352e+01
4.470000e-01, 1.079681e+00, 1.130973e+00, 1.017876e-01, 1.130973e+00, 2.872284e-01, 1.766800e-01, 1.305007e+04, 1.744474e+03, 2.501106e+04, 1.744474e+03, 4.700002e+06, 2.998784e-01, 1.781247e-05, 2.080356e-11, 1.012066e-06, 2.948711e-01, 2.506710e-08, 2.086703e-05, 3.158359e-01, 8.638844e-02, 1.833365e-07, 1.862900e-06, 8.135707e-09, 9.432432e-10, 1.703087e-13, 4.575950e-10, 1.194993e-13, 1.110248e-11, 2.232276e-09, 2.984398e-03, 1.864946e-02, 6.043174e+00, 2.089492e+01, 2.295385e+01
4.590000e-01, 1.121468e+00, 1.130973e+00, 1.017876e-01, 1.130973e+00, 2.871062e-01, 1.766800e-01, 3.538574e+03, 1.743733e+03, 2.501106e+04, 1.743733e+03, 4.700002e+06, 2.999168e-01, 1.769608e-05, 2.048970e-11, 1.003356e-06, 2.948326e-01, 2.504715e-08, 2.098807e-05, 3.157972e-01, 8.642717e-02, 1.825197e-07, 1.863115e-06, 8.160442e-09, 9.374721e-10, 1.694734e-13, 4.589409e-10, 1.196531e-13, 1.136978e-11, 2.234719e-09, 2.984399e-03, 1.864947e-02, 6.045747e+00, 2.101593e+01, 2.307428e+01
4.710000e-01, 1.163274e+00, 1.130973e+00, 1.017876e-01, 1.130973e+00, 2.869840e-01, 1.766800e-01, 7.973713e+03, 1.742991e+03, 2.501106e+04, 1.742991e+03, 4.700002e+06, 2.999554e-01, 1.758032e-05, 2.017983e-11, 9.947123e-07, 2.947941e-01, 2.503365e-08, 2.111662e-05, 3.157584e-01, 8.646597e-02, 1.817050e-07, 1.863334e-06, 8.185490e-09, 9.398386e-10, 1.695700e-13, 4.623757e-10, 1.203123e-13, 1.147614e-11, 2.238177e-09, 2.984400e-03, 1.864948e-02, 6.048320e+00, 2.114448e+01, 2.320227e+01
4.830000e-01, 1.205097e+00, 1.130973e+00, 1.017876e-01, 1.130973e+00, 2.868619e-01, 1.766800e-01, 4.806675e+03, 1.742250e+03, 2.501106e+04, 1.742250e+03, 4.700002e+06, 2.999939e-01, 1.746525e-05, 1.987447e-11, 9.861380e-07, 2.947555e-01, 2.502504e-08, 2.125027e-05, 3.157195e-01, 8.650481e-02, 1.808936e-07, 1.863553e-06, 8.210803e-09, 9.397810e-10, 1.692415e-13, 4.651359e-10, 1.208036e-13, 1.160260e-11, 2.241981e-09, 2.984400e-03, 1.864948e-02, 6.050895e+00, 2.127813e+01, 2.333536e+01
4.950000e-01, 1.246938e+00, 1.130973e+00, 1.017876e-01, 1.130973e+00, 2.867398e-01, 1.766800e-01, 6.193224e+03, 1.741509e+03, 2.501106e+04, 1.741509e+03, 4.700002e+06, 3.000326e-01, 1.735083e-05, 1.957346e-11, 9.776300e-07, 2.947169e-01, 2.501974e-08, 2.138765e-05, 3.156807e-01, 8.654371e-02, 1.800850e-07, 1.863772e-06, 8.236335e-09, 9.406531e-10, 1.690983e-13, 4.680303e-10, 1.213496e-13, 1.171991e-11, 2.246107e-09, 2.984401e-03, 1.864949e-02, 6.053472e+00, 2.141551e+01, 2.347219e+01
5.070000e-01, 1.288796e+00, 1.130973e+00, 1.017876e-01, 1.130973e+00, 2.866176e-01, 1.766800e-01, 1.044252e+04, 1.740768e+03, 2.501106e+04, 1.740768e+03, 4.700002e+06, 3.000712e-01, 1.723706e-05, 1.927674e-11, 9.691876e-07, 2.946782e-01, 2.501642e-08, 2.152775e-05, 3.156417e-01, 8.658265e-02, 1.792792e-07, 1.863992e-06, 8.262041e-09, 9.422319e-10, 1.690817e-13, 4.711545e-10, 1.219551e-13, 1.183527e-11, 2.250429e-09, 2.984403e-03, 1.864949e-02, 6.056052e+00, 2.155562e+01, 2.361174e+01
5.190000e-01, 1.330673e+00, 1.130973e+00, 1.017876e-01, 1.130973e+00, 2.864955e-01, 1.766800e-01, 8.861725e+03, 1.740026e+03, 2.501106e+04, 1.740026e+03, 4.700002e+06, 3.001099e-01, 1.712396e-05, 1.898430e-11, 9.608117e-07, 2.946395e-01, 2.501444e-08, 2.167017e-05, 3.156027e-01, 8.662165e-02, 1.784765e-07, 1.864212e-06, 8.287896e-09, 9.422943e-10, 1.687493e-13, 4.741781e-10, 1.224983e-13, 1.197168e-11, 2.254820e-09, 2.984404e-03, 1.864950e-02, 6.058634e+00, 2.169804e+01, 2.375361e+01
5.310000e-01, 1.372567e+00, 1.130973e+00, 1.017876e-01, 1.130973e+00, 2.863733e-01, 1.766800e-01, 8.879619e+03, 1.739285e+03, 2.501106e+04, 1.739285e+03, 4.700002e+06, 3.001486e-01, 1.701148e-05, 1.869600e-11, 9.524996e-07, 2.946007e-01, 2.501362e-08, 2.181459e-05, 3.155637e-01, 8.666070e-02, 1.776766e-07, 1.864432e-06, 8.313900e-09, 9.438046e-10, 1.687550e-13, 4.773737e-10, 1.231202e-13, 1.210169e-11, 2.259350e-09, 2.984405e-03, 1.864951e-02, 6.061218e+00, 2.184247e+01, 2.389750e+01
5.430000e-01, 1.414480e+00, 1.130973e+00, 1.017876e-01, 1.130973e+00, 2.862512e-01, 1.766800e-01, 8.869703e+03, 1.738544e+03, 2.501106e+04, 1.738544e+03, 4.700002e+06, 3.001874e-01, 1.689964e-05, 1.841183e-11, 9.442523e-07, 2.945619e-01, 2.501361e-08, 2.196083e-05, 3.155245e-01, 8.669980e-02, 1.768795e-07, 1.864653e-06, 8.340040e-09, 9.453753e-10, 1.687671e-13, 4.806362e-10, 1.237551e-13, 1.223420e-11, 2.263960e-09, 2.984406e-03, 1.864951e-02, 6.063805e+00, 2.198873e+01, 2.404321e+01
5.550000e-01, 1.456410e+00, 1.130973e+00, 1.017876e-01, 1.130973e+00, 2.861290e-01, 1.766800e-01, 8.886326e+03, 1.737803e+03, 2.501106e+04, 1.737803e+03, 4.700002e+06, 3.002263e-01, 1.678845e-05, 1.813176e-11, 9.360697e-07, 2.945231e-01, 2.501414e-08, 2.210870e-05, 3.154854e-01, 8.673895e-02, 1.760854e-07, 1.864874e-06, 8.366303e-09, 9.464468e-10, 1.686436e-13, 4.839265e-10, 1.243758e-13, 1.237127e-11, 2.268619e-09, 2.984407e-03, 1.864952e-02, 6.066394e+00, 2.213660e+01, 2.419055e+01
5.670000e-01, 1.498358e+00, 1.130973e+00, 1.017876e-01, 1.130973e+00, 2.860069e-01, 1.766800e-01, 9.019320e+03, 1.737061e+03, 2.501106e+04, 1.737061e+03, 4.700002e+06, 3.002651e-01, 1.667791e-05, 1.785572e-11, 9.279516e-07, 2.944842e-01, 2.501496e-08, 2.225800e-05, 3.154462e-01, 8.677816e-02, 1.752942e-07, 1.865096e-06, 8.392684e-09, 9.469191e-10, 1.683606e-13, 4.872298e-10, 1.249760e-13, 1.251297e-11, 2.273308e-09, 2.984408e-03, 1.864953e-02, 6.068985e+00, 2.228591e+01, 2.433933e+01
5.790000e-01, 1.540324e+00, 1.130973e+00, 1.017876e-01, 1.130973e+00, 2.858847e-01, 1.766800e-01, 8.815523e+03, 1.736320e+03, 2.501106e+04, 1.736320e+03, 4.700002e+06, 3.003041e-01, 1.656800e-05, 1.758363e-11, 9.198962e-07, 2.944452e-01, 2.501604e-08, 2.240862e-05, 3.154069e-01, 8.681741e-02, 1.745059e-07, 1.865318e-06, 8.419183e-09, 9.479577e-10, 1.682256e-13, 4.905920e-10, 1.256064e-13, 1.265459e-11, 2.278039e-09, 2.984409e-03, 1.864953e-02, 6.071578e+00, 2.243654e+01, 2.448943e+01
5.910000e-01, 1.582308e+00, 1.130973e+00, 1.017876e-01, 1.130973e+00, 2.857625e-01, 1.766800e-01, 8.206059e+03, 1.735579e+03, 2.501106e+04, 1.735579e+03, 4.700002e+06, 3.003431e-01, 1.645871e-05, 1.731544e-11, 9.119035e-07, 2.944062e-01, 2.501711e-08, 2.256036e-05, 3.153676e-01, 8.685672e-02, 1.737203e-07, 1.865540e-06, 8.445790e-09, 9.491855e-10, 1.681438e-13, 4.939835e-10, 1.262483e-13, 1.279741e-11, 2.282785e-09, 2.984410e-03, 1.864954e-02, 6.074174e+00, 2.258830e+01, 2.464065e+01
6.030000e-01, 1.624310e+00, 1.130973e+00, 1.017876e-01, 1.130973e+00, 2.856403e-01, 1.766800e-01, 7.839165e+03, 1.734837e+03, 2.501106e+04, 1.734837e+03, 4.700002e+06, 3.003821e-01, 1.635005e-05, 1.705111e-11, 9.039732e-07, 2.943671e-01, 2.501818e-08, 2.271327e-05, 3.153282e-01, 8.689607e-02, 1.729376e-07, 1.865762e-06, 8.472508e-09, 9.504668e-10, 1.680744e-13, 4.974018e-10, 1.268960e-13, 1.294164e-11, 2.287547e-09, 2.984411e-03, 1.864955e-02, 6.076772e+00, 2.274121e+01, 2.479304e+01
6.150000e-01, 1.666330e+00, 1.130973e+00, 1.017876e-01, 1.130973e+00, 2.855182e-01, 1.766800e-01, 8.339462e+03, 1.734096e+03, 2.501106e+04, 1.734096e+03, 4.700002e+06, 3.004212e-01, 1.624202e-05, 1.679059e-11, 8.961051e-07, 2.943280e-01, 2.501928e-08, 2.286737e-05, 3.152888e-01, 8.693548e-02, 1.721578e-07, 1.865985e-06, 8.499336e-09, 9.516690e-10, 1.679777e-13, 5.008443e-10, 1.275442e-13, 1.308749e-11, 2.292325e-09, 2.984412e-03, 1.864955e-02, 6.079373e+00, 2.289532e+01, 2.494663e+01
6.270000e-01, 1.708367e+00, 1.130973e+00, 1.017876e-01, 1.130973e+00, 2.853960e-01, 1.766800e-01, 9.543463e+03, 1.733354e+03, 2.501106e+04, 1.733354e+03, 4.700002e+06, 3.004603e-01, 1.613460e-05, 1.653383e-11, 8.882985e-07, 2.942889e-01, 2.502023e-08, 2.302252e-05, 3.152494e-01, 8.697494e-02, 1.713807e-07, 1.866208e-06, 8.526271e-09, 9.528638e-10, 1.678746e-13, 5.043055e-10, 1.281946e-13, 1.323447e-11, 2.297106e-09, 2.984413e-03, 1.864956e-02, 6.081975e+00, 2.305049e+01, 2.510128e+01
6.390000e-01, 1.750423e+00, 1.130973e+00, 1.017876e-01, 1.130973e+00, 2.852738e-01, 1.766800e-01, 1.009893e+04, 1.732613e+03, 2.501106e+04, 1.732613e+03, 4.700002e+06, 3.004995e-01, 1.602781e-05, 1.628078e-11, 8.805532e-07, 2.942497e-01, 2.502117e-08, 2.317887e-05, 3.152098e-01, 8.701446e-02, 1.706065e-07, 1.866432e-06, 8.553315e-09, 9.540449e-10, 1.677721e-13, 5.077935e-10, 1.288481e-13, 1.338366e-11, 2.301900e-09, 2.984414e-03, 1.864957e-02, 6.084580e+00, 2.320684e+01, 2.525713e+01
6.510000e-01, 1.792497e+00, 1.130973e+00, 1.017876e-01, 1.130973e+00, 2.851516e-01, 1.766800e-01, 1.009402e+04, 1.731871e+03, 2.501106e+04, 1.731871e+03, 4.700002e+06, 3.005387e-01, 1.592163e-05, 1.603138e-11, 8.728688e-07, 2.942104e-01, 2.502201e-08, 2.333635e-05, 3.151703e-01, 8.705402e-02, 1.698352e-07, 1.866656e-06, 8.580468e-09, 9.551984e-10, 1.676659e-13, 5.113045e-10, 1.295034e-13, 1.353490e-11, 2.306699e-09, 2.984415e-03, 1.864957e-02, 6.087187e+00, 2.336433e+01, 2.541410e+01
6.630000e-01, 1.834589e+00, 1.130973e+00, 1.017876e-01, 1.130973e+00, 2.850294e-01, 1.766800e-01, 9.534663e+03, 1.731130e+03, 2.501106e+04, 1.731130e+03, 4.700002e+06, 3.005779e-01, 1.581607e-05, 1.578558e-11, 8.652447e-07, 2.941711e-01, 2.502275e-08, 2.349496e-05, 3.151306e-01, 8.709364e-02, 1.690666e-07, 1.866880e-06, 8.607729e-09, 9.563262e-10, 1.675562e-13, 5.148386e-10, 1.301608e-13, 1.368821e-11, 2.311503e-09, 2.984417e-03, 1.864958e-02, 6.089797e+00, 2.352295e+01, 2.557221e+01
6.750000e-01, 1.876699e+00, 1.130973e+00, 1.017876e-01, 1.130973e+00, 2.849072e-01, 1.766800e-01, 9.131737e+03, 1.730388e+03, 2.501106e+04, 1.730388e+03, 4.700002e+06, 3.006173e-01, 1.571111e-05, 1.554334e-11, 8.576804e-07, 2.941317e-01, 2.502344e-08, 2.365474e-05, 3.150910e-01, 8.713330e-02, 1.683009e-07, 1.867105e-06, 8.635102e-09, 9.574719e-10, 1.674487e-13, 5.183999e-10, 1.308228e-13, 1.384327e-11, 2.316317e-09, 2.984418e-03, 1.864959e-02, 6.092408e+00, 2.368274e+01, 2.573150e+01
6.870000e-01, 1.918827e+00, 1.130973e+00, 1.017876e-01, 1.130973e+00, 2.847851e-01, 1.766800e-01, 8.457421e+03, 1.729647e+03, 2.501106e+04, 1.729647e+03, 4.700002e+06, 3.006566e-01, 1.560676e-05, 1.530459e-11, 8.501754e-07, 2.940923e-01, 2.502405e-08, 2.381567e-05, 3.150512e-01, 8.717302e-02, 1.675379e-07, 1.867329e-06, 8.662585e-09, 9.586224e-10, 1.673419e-13, 5.219877e-10, 1.314888e-13, 1.400027e-11, 2.321138e-09, 2.984419e-03, 1.864960e-02, 6.095023e+00, 2.384369e+01, 2.589195e+01
6.990000e-01, 1.960973e+00, 1.130973e+00, 1.017876e-01, 1.130973e+00, 2.846629e-01, 1.766800e-01, 1.471885e+03, 1.728905e+03, 2.501106e+04, 1.728905e+03, 4.700002e+06, 3.006960e-01, 1.550301e-05, 1.506923e-11, 8.427289e-07, 2.940529e-01, 2.502457e-08, 2.397779e-05, 3.150115e-01, 8.721280e-02, 1.667777e-07, 1.867555e-06, 8.690180e-09, 9.597719e-10, 1.672341e-13, 5.256001e-10, 1.321580e-13, 1.415903e-11, 2.325968e-09, 2.984420e-03, 1.864960e-02, 6.097639e+00, 2.400581e+01, 2.605357e+01
7.110000e-01, 2.003137e+00, 1.130973e+00, 1.017876e-01, 1.130973e+00, 2.845406e-01, 1.766800e-01, -9.271650e+03, 1.728164e+03, 2.501106e+04, 1.728164e+03, 4.700002e+06, 3.007355e-01, 1.539986e-05, 1.483725e-11, 8.353408e-07, 2.940134e-01, 2.502502e-08, 2.414108e-05, 3.149716e-01, 8.725262e-02, 1.660203e-07, 1.867780e-06, 8.717887e-09, 9.609157e-10, 1.671243e-13, 5.292363e-10, 1.328299e-13, 1.431950e-11, 2.330805e-09, 2.984421e-03, 1.864961e-02, 6.100258e+00, 2.416912e+01, 2.621638e+01
7.230000e-01, 2.045320e+00, 1.130973e+00, 1.017876e-01, 1.130973e+00, 2.844184e-01, 1.766800e-01, -1.684894e+04, 1.727422e+03, 2.501106e+04, 1.727422e+03, 4.700002e+06, 3.007750e-01, 1.529731e-05, 1.460867e-11, 8.280114e-07, 2.939738e-01, 2.502539e-08, 2.430555e-05, 3.149317e-01, 8.729250e-02, 1.652657e-07, 1.868006e-06, 8.745706e-09, 9.620573e-10, 1.670133e-13, 5.328971e-10, 1.335050e-13, 1.448174e-11, 2.335650e-09, 2.984422e-03, 1.864962e-02, 6.102879e+00, 2.433359e+01, 2.638036e+01
7.350000e-01, 2.087520e+00, 1.130973e+00, 1.017876e-01, 1.130973e+00, 2.842962e-01, 1.766800e-01, -1.729293e+04, 1.726681e+03, 2.501106e+04, 1.726681e+03, 4.700002e+06, 3.008146e-01, 1.519536e-05, 1.438349e-11, 8.207405e-07, 2.939342e-01, 2.502568e-08, 2.447118e-05, 3.148918e-01, 8.733243e-02, 1.645138e-07, 1.868232e-06, 8.773637e-09, 9.631968e-10, 1.669012e-13, 5.365825e-10, 1.341832e-13, 1.464575e-11, 2.340502e-09, 2.984423e-03, 1.864962e-02, 6.105502e+00, 2.449924e+01, 2.654552e+01
7.470000e-01, 2.129739e+00, 1.130973e+00, 1.017876e-01, 1.130973e+00, 2.841740e-01, 1.766800e-01, -6.641779e+03, 1.725939e+03, 2.501106e+04, 1.725939e+03, 4.700002e+06, 3.008542e-01, 1.509401e-05, 1.416171e-11, 8.135283e-07, 2.938945e-01, 2.502588e-08, 2.463800e-05, 3.148518e-01, 8.737241e-02, 1.637647e-07, 1.868459e-06, 8.801679e-09, 9.643342e-10, 1.667879e-13, 5.402926e-10, 1.348645e-13, 1.481153e-11, 2.345362e-09, 2.984424e-03, 1.864963e-02, 6.108128e+00, 2.466606e+01, 2.671186e+01
7.590000e-01, 2.171976e+00, 1.130973e+00, 1.017876e-01, 1.130973e+00, 2.840518e-01, 1.766800e-01, 3.450907e+03, 1.725198e+03, 2.501106e+04, 1.725198e+03, 4.700002e+06, 3.008938e-01, 1.499326e-05, 1.394319e-11, 8.063742e-07, 2.938548e-01, 2.502600e-08, 2.480598e-05, 3.148118e-01, 8.741243e-02, 1.630185e-07, 1.868686e-06, 8.829831e-09, 9.654669e-10, 1.666734e-13, 5.440272e-10, 1.355489e-13, 1.497921e-11, 2.350228e-09, 2.984426e-03, 1.864964e-02, 6.110756e+00, 2.483406e+01, 2.687938e+01
7.710000e-01, 2.214231e+00, 1.130973e+00, 1.017876e-01, 1.130973e+00, 2.839297e-01, 1.766800e-01, -1.341962e+04, 1.724457e+03, 2.501106e+04, 1.724457e+03, 4.700002e+06, 3.009335e-01, 1.489312e-05, 1.372764e-11, 7.992768e-07, 2.938151e-01, 2.502601e-08, 2.497515e-05, 3.147717e-01, 8.745250e-02, 1.622753e-07, 1.868913e-06, 8.858088e-09, 9.665900e-10, 1.665577e-13, 5.477862e-10, 1.362360e-13, 1.514903e-11, 2.355097e-09, 2.984427e-03, 1.864965e-02, 6.113384e+00, 2.500324e+01, 2.704808e+01
7.830000e-01, 2.256504e+00, 1.130973e+00, 1.017876e-01, 1.130973e+00, 2.838076e-01, 1.766800e-01, -2.474954e+04, 1.723715e+03, 2.501106e+04, 1.723715e+03, 4.700002e+06, 3.009733e-01, 1.479359e-05, 1.351533e-11, 7.922374e-07, 2.937753e-01, 2.502592e-08, 2.514550e-05, 3.147316e-01, 8.749261e-02, 1.615350e-07, 1.869140e-06, 8.886455e-09, 9.677080e-10, 1.664408e-13, 5.515699e-10, 1.369261e-13, 1.532076e-11, 2.359972e-09, 2.984428e-03, 1.864965e-02, 6.116015e+00, 2.517359e+01, 2.721796e+01
7.950000e-01, 2.298796e+00, 1.130973e+00, 1.017876e-01, 1.130973e+00, 2.836854e-01, 1.766800e-01, -2.647590e+04, 1.722974e+03, 2.501106e+04, 1.722974e+03, 4.700002e+06, 3.010130e-01, 1.469466e-05, 1.330626e-11, 7.852559e-07, 2.937355e-01, 2.502574e-08, 2.531701e-05, 3.146914e-01, 8.753277e-02, 1.607975e-07, 1.869368e-06, 8.914931e-09, 9.688210e-10, 1.663227e-13, 5.553781e-10, 1.376192e-13, 1.549441e-11, 2.364852e-09, 2.984429e-03, 1.864966e-02, 6.118648e+00, 2.534512e+01, 2.738901e+01
8.070000e-01, 2.341105e+00, 1.130973e+00, 1.017876e-01, 1.130973e+00, 2.835633e-01, 1.766800e-01, -1.454238e+04, 1.722234e+03, 2.501106e+04, 1.722234e+03, 4.700002e+06, 3.010529e-01, 1.459633e-05, 1.310042e-11, 7.783323e-07, 2.936956e-01, 2.502547e-08, 2.548971e-05, 3.146512e-01, 8.757297e-02, 1.600629e-07, 1.869596e-06, 8.943517e-09, 9.699290e-10, 1.662034e-13, 5.592109e-10, 1.383153e-13, 1.566998e-11, 2.369738e-09, 2.984430e-03, 1.864967e-02, 6.121283e+00, 2.551783e+01, 2.756125e+01
8.190000e-01, 2.383433e+00, 1.130973e+00, 1.017876e-01, 1.130973e+00, 2.834412e-01, 1.766800e-01, 1.510068e+04, 1.721493e+03, 2.501106e+04, 1.721493e+03, 4.700002e+06, 3.010927e-01, 1.449860e-05, 1.289781e-11, 7.714667e-07, 2.936557e-01, 2.502511e-08, 2.566358e-05, 3.146109e-01, 8.761322e-02, 1.593312e-07, 1.869824e-06, 8.972211e-09, 9.710319e-10, 1.660829e-13, 5.630682e-10, 1.390144e-13, 1.584745e-11, 2.374630e-09, 2.984432e-03, 1.864968e-02, 6.123919e+00, 2.569171e+01, 2.773467e+01
8.310000e-01, 2.425779e+00, 1.130973e+00, 1.017876e-01, 1.130973e+00, 2.833192e-01, 1.766800e-01, -2.429650e+03, 1.720752e+03, 2.501106e+04, 1.720752e+03, 4.700002e+06, 3.011326e-01, 1.440147e-05, 1.269778e-11, 7.646545e-07, 2.936158e-01, 2.502462e-08, 2.583866e-05, 3.145706e-01, 8.765351e-02, 1.586025e-07, 1.870053e-06, 9.001011e-09, 9.721270e-10, 1.659609e-13, 5.669497e-10, 1.397161e-13, 1.602711e-11, 2.379523e-09, 2.984433e-03, 1.864968e-02, 6.126557e+00, 2.586680e+01, 2.790930e+01
8.430000e-01, 2.468143e+00, 1.130973e+00, 1.017876e-01, 1.130973e+00, 2.831972e-01, 1.766800e-01, -1.679256e+04, 1.720012e+03, 2.501106e+04, 1.720012e+03, 4.700002e+06, 3.011725e-01, 1.430493e-05, 1.250076e-11, 7.578988e-07, 2.935758e-01, 2.502403e-08, 2.601493e-05, 3.145303e-01, 8.769383e-02, 1.578767e-07, 1.870282e-06, 9.029918e-09, 9.732160e-10, 1.658376e-13, 5.708557e-10, 1.404206e-13, 1.620877e-11, 2.384419e-09, 2.984434e-03, 1.864969e-02, 6.129196e+00, 2.604308e+01, 2.808512e+01
8.550000e-01, 2.510526e+00, 1.130973e+00, 1.017876e-01, 1.130973e+00, 2.830753e-01, 1.766800e-01, -2.322690e+04, 1.719272e+03, 2.501106e+04, 1.719272e+03, 4.700002e+06, 3.012125e-01, 1.420899e-05, 1.230677e-11, 7.511996e-07, 2.935357e-01, 2.502334e-08, 2.619239e-05, 3.144899e-01, 8.773419e-02, 1.571538e-07, 1.870511e-06, 9.058933e-09, 9.742991e-10, 1.657130e-13, 5.747861e-10, 1.411279e-13, 1.639243e-11, 2.389320e-09, 2.984435e-03, 1.864970e-02, 6.131836e+00, 2.622055e+01, 2.826213e+01
8.670000e-01, 2.552927e+00, 1.130973e+00, 1.017876e-01, 1.130973e+00, 2.829534e-01, 1.766800e-01, -1.765274e+04, 1.718532e+03, 2.501106e+04, 1.718532e+03, 4.700002e+06, 3.012525e-01, 1.411364e-05, 1.211580e-11, 7.445568e-07, 2.934957e-01, 2.502254e-08, 2.637104e-05, 3.144495e-01, 8.777460e-02, 1.564338e-07, 1.870741e-06, 9.088056e-09, 9.753762e-10, 1.655870e-13, 5.787409e-10, 1.418381e-13, 1.657809e-11, 2.394225e-09, 2.984436e-03, 1.864971e-02, 6.134478e+00, 2.639920e+01, 2.844033e+01
8.790000e-01, 2.595346e+00, 1.130973e+00, 1.017876e-01, 1.130973e+00, 2.828315e-01, 1.766800e-01, 4.002127e+03, 1.717793e+03, 2.501106e+04, 1.717793e+03, 4.700002e+06, 3.012925e-01, 1.401890e-05, 1.192785e-11, 7.379706e-07, 2.934556e-01, 2.502164e-08, 2.655087e-05, 3.144090e-01, 8.781505e-02, 1.557167e-07, 1.870970e-06, 9.117286e-09, 9.764473e-10, 1.654598e-13, 5.827202e-10, 1.425512e-13, 1.676574e-11, 2.399134e-09, 2.984438e-03, 1.864971e-02, 6.137122e+00, 2.657904e+01, 2.861973e+01
8.910000e-01, 2.637783e+00, 1.130973e+00, 1.017876e-01, 1.130973e+00, 2.827096e-01, 1.766800e-01, 1.678582e+03, 1.717053e+03, 2.501106e+04, 1.717053e+03, 4.700002e+06, 3.013326e-01, 1.392472e-05, 1.174247e-11, 7.314361e-07, 2.934154e-01, 2.502060e-08, 2.673194e-05, 3.143685e-01, 8.785554e-02, 1.550024e-07, 1.871200e-06, 9.146629e-09, 9.775095e-10, 1.653307e-13, 5.867235e-10, 1.432667e-13, 1.695557e-11, 2.404044e-09, 2.984439e-03, 1.864972e-02, 6.139768e+00, 2.676012e+01, 2.880036e+01
9.030000e-01, 2.680239e+00, 1.130973e+00, 1.017876e-01, 1.130973e+00, 2.825878e-01, 1.766800e-01, -1.729073e+04, 1.716314e+03, 2.501106e+04, 1.716314e+03, 4.700002e+06, 3.013727e-01, 1.383109e-05, 1.155968e-11, 7.249536e-07, 2.933752e-01, 2.501941e-08, 2.691424e-05, 3.143280e-01, 8.789607e-02, 1.542909e-07, 1.871431e-06, 9.176083e-09, 9.785629e-10, 1.651999e-13, 5.907509e-10, 1.439847e-13, 1.714755e-11, 2.408954e-09, 2.984440e-03, 1.864973e-02, 6.142415e+00, 2.694244e+01, 2.898223e+01
9.150000e-01, 2.722713e+00, 1.130973e+00, 1.017876e-01, 1.130973e+00, 2.824660e-01, 1.766800e-01, -3.052872e+04, 1.715575e+03, 2.501106e+04, 1.715575e+03, 4.700002e+06, 3.014129e-01, 1.373805e-05, 1.137969e-11, 7.185252e-07, 2.933350e-01, 2.501811e-08, 2.709776e-05, 3.142874e-01, 8.793664e-02, 1.535822e-07, 1.871661e-06, 9.205646e-09, 9.796088e-10, 1.650675e-13, 5.948026e-10, 1.447054e-13, 1.734162e-11, 2.413867e-09, 2.984441e-03, 1.864974e-02, 6.145063e+00, 2.712596e+01, 2.916532e+01
9.270000e-01, 2.765205e+00, 1.130973e+00, 1.017876e-01, 1.130973e+00, 2.823442e-01, 1.766800e-01, -3.411005e+04, 1.714836e+03, 2.501106e+04, 1.714836e+03, 4.700002e+06, 3.014531e-01, 1.364559e-05, 1.120249e-11, 7.121509e-07, 2.932948e-01, 2.501668e-08, 2.728248e-05, 3.142468e-01, 8.797726e-02, 1.528764e-07, 1.871892e-06, 9.235320e-09, 9.806473e-10, 1.649335e-13, 5.988785e-10, 1.454287e-13, 1.753778e-11, 2.418782e-09, 2.984443e-03, 1.864974e-02, 6.147714e+00, 2.731070e+01, 2.934962e+01
9.390000e-01, 2.807715e+00, 1.130973e+00, 1.017876e-01, 1.130973e+00, 2.822225e-01, 1.766800e-01, -2.411677e+04, 1.714098e+03, 2.501106e+04, 1.714098e+03, 4.700002e+06, 3.014933e-01, 1.355370e-05, 1.102808e-11, 7.058307e-07, 2.932544e-01, 2.501513e-08, 2.746842e-05, 3.142061e-01, 8.801792e-02, 1.521734e-07, 1.872123e-06, 9.265103e-09, 9.816782e-10, 1.647980e-13, 6.029786e-10, 1.461547e-13, 1.773601e-11, 2.423700e-09, 2.984444e-03, 1.864975e-02, 6.150365e+00, 2.749665e+01, 2.953513e+01
9.510000e-01, 2.850244e+00, 1.130973e+00, 1.017876e-01, 1.130973e+00, 2.821007e-01, 1.766800e-01, -1.161045e+04, 1.713358e+03, 2.501106e+04, 1.713358e+03, 4.700002e+06, 3.015336e-01, 1.346231e-05, 1.085616e-11, 6.995581e-07, 2.932141e-01, 2.501334e-08, 2.765566e-05, 3.141653e-01, 8.805865e-02, 1.514727e-07, 1.872354e-06, 9.295019e-09, 9.826940e-10, 1.646594e-13, 6.071018e-10, 1.468827e-13, 1.793648e-11, 2.428613e-09, 2.984445e-03, 1.864976e-02, 6.153021e+00, 2.768389e+01, 2.972195e+01
9.630000e-01, 2.892792e+00, 1.130973e+00, 1.017876e-01, 1.130973e+00, 2.819786e-01, 1.766800e-01, -1.832880e+04, 1.712618e+03, 2.501106e+04, 1.712618e+03, 4.700002e+06, 3.015740e-01, 1.337128e-05, 1.068623e-11, 6.933225e-07, 2.931736e-01, 2.501114e-08, 2.784434e-05, 3.141245e-01, 8.809950e-02, 1.507732e-07, 1.872586e-06, 9.325105e-09, 9.836825e-10, 1.645153e-13, 6.112460e-10, 1.476113e-13, 1.813941e-11, 2.433513e-09, 2.984446e-03, 1.864977e-02, 6.155684e+00, 2.787258e+01, 2.991021e+01
9.750000e-01, 2.935357e+00, 1.130973e+00, 1.017876e-01, 1.130973e+00, 2.818566e-01, 1.766800e-01, -1.820510e+04, 1.711877e+03, 2.501106e+04, 1.711877e+03, 4.700002e+06, 3.016145e-01, 1.328074e-05, 1.051878e-11, 6.871343e-07, 2.931330e-01, 2.500871e-08, 2.803432e-05, 3.140835e-01, 8.814043e-02, 1.500760e-07, 1.872819e-06, 9.355323e-09, 9.846556e-10, 1.643682e-13, 6.154132e-10, 1.483419e-13, 1.834457e-11, 2.438409e-09, 2.984448e-03, 1.864978e-02, 6.158350e+00, 2.806256e+01, 3.009977e+01
9.870000e-01, 2.977942e+00, 1.130973e+00, 1.017876e-01, 1.130973e+00, 2.817344e-01, 1.766800e-01, -8.336204e+03, 1.711136e+03, 2.501106e+04, 1.711136e+03, 4.700002e+06, 3.016551e-01, 1.319069e-05, 1.035381e-11, 6.809935e-07, 2.930924e-01, 2.500604e-08, 2.822559e-05, 3.140425e-01, 8.818143e-02, 1.493810e-07, 1.873051e-06, 9.385676e-09, 9.856133e-10, 1.642179e-13, 6.196034e-10, 1.490744e-13, 1.855196e-11, 2.443300e-09, 2.984449e-03, 1.864978e-02, 6.161020e+00, 2.825385e+01, 3.029063e+01
9.990000e-01, 3.020544e+00, 1.130973e+00, 1.017876e-01, 1.130973e+00, 2.816122e-01, 1.766800e-01, 8.064387e+03, 1.710395e+03, 2.501106e+04, 1.710395e+03, 4.700002e+06, 3.016957e-01, 1.310114e-05, 1.019128e-11, 6.749003e-07, 2.930517e-01, 2.500317e-08, 2.841820e-05, 3.140014e-01, 8.822250e-02, 1.486883e-07, 1.873285e-06, 9.416160e-09, 9.865581e-10, 1.640650e-13, 6.238179e-10, 1.498092e-13, 1.876163e-11, 2.448191e-09, 2.984450e-03, 1.864979e-02, 6.163694e+00, 2.844646e+01, 3.048282e+01
1.011000e+00, 3.063165e+00, 1.130973e+00, 1.017876e-01, 1.130973e+00, 2.814900e-01, 1.766800e-01, 1.990652e+03, 1.709653e+03, 2.501106e+04, 1.709653e+03, 4.700002e+06, 3.017364e-01, 1.301214e-05, 1.003102e-11, 6.688556e-07, 2.930109e-01, 2.500029e-08, 2.861223e-05, 3.139603e-01, 8.826363e-02, 1.479984e-07, 1.873518e-06, 9.446771e-09, 9.875025e-10, 1.639121e-13, 6.280634e-10, 1.505482e-13, 1.897387e-11, 2.453094e-09, 2.984452e-03, 1.864980e-02, 6.166369e+00, 2.864051e+01, 3.067645e+01
1.023000e+00, 3.105805e+00, 1.130973e+00, 1.017876e-01, 1.130973e+00, 2.813678e-01, 1.766800e-01, -9.866036e+02, 1.708912e+03, 2.501106e+04, 1.708912e+03, 4.700002e+06, 3.017771e-01, 1.292364e-05, 9.873145e-12, 6.628588e-07, 2.929701e-01, 2.499727e-08, 2.880763e-05, 3.139191e-01, 8.830482e-02, 1.473110e-07, 1.873753e-06, 9.477512e-09, 9.884378e-10, 1.637573e-13, 6.323353e-10, 1.512899e-13, 1.918847e-11, 2.458000e-09, 2.984453e-03, 1.864981e-02, 6.169048e+00, 2.883591e+01, 3.087145e+01
1.035000e+00, 3.148463e+00, 1.130973e+00, 1.017876e-01, 1.130973e+00, 2.812455e-01, 1.766800e-01, 2.333510e+03, 1.708170e+03, 2.501106e+04, 1.708170e+03, 4.700002e+06, 3.018179e-01, 1.283566e-05, 9.717657e-12, 6.569098e-07, 2.929292e-01, 2.499410e-08, 2.900439e-05, 3.138778e-01, 8.834607e-02, 1.466260e-07, 1.873987e-06, 9.508384e-09, 9.893641e-10, 1.636006e-13, 6.366336e-10, 1.520346e-13, 1.940545e-11, 2.462909e-09, 2.984454e-03, 1.864982e-02, 6.171729e+00, 2.903267e+01, 3.106780e+01
1.047000e+00, 3.191140e+00, 1.130973e+00, 1.017876e-01, 1.130973e+00, 2.811233e-01, 1.766800e-01, 6.062967e+03, 1.707428e+03, 2.501106e+04, 1.707428e+03, 4.700002e+06, 3.018588e-01, 1.274820e-05, 9.564492e-12, 6.510092e-07, 2.928883e-01, 2.499081e-08, 2.920252e-05, 3.138365e-01, 8.838738e-02, 1.459437e-07, 1.874222e-06, 9.539382e-09, 9.902823e-10, 1.634424e-13, 6.409585e-10, 1.527821e-13, 1.962488e-11, 2.467822e-09, 2.984455e-03, 1.864983e-02, 6.174413e+00, 2.923081e+01, 3.126553e+01
1.059000e+00, 3.233835e+00, 1.130973e+00, 1.017876e-01, 1.130973e+00, 2.810011e-01, 1.766800e-01, 3.129352e+03, 1.706687e+03, 2.501106e+04, 1.706687e+03, 4.700002e+06, 3.018997e-01, 1.266129e-05, 9.413573e-12, 6.451573e-07, 2.928473e-01, 2.498741e-08, 2.940203e-05, 3.137951e-01, 8.842873e-02, 1.452641e-07, 1.874458e-06, 9.570501e-09, 9.911934e-10, 1.632828e-13, 6.453105e-10, 1.535324e-13, 1.984684e-11, 2.472737e-09, 2.984457e-03, 1.864983e-02, 6.177099e+00, 2.943033e+01, 3.146465e+01
1.071000e+00, 3.276549e+00, 1.130973e+00, 1.017876e-01, 1.130973e+00, 2.808788e-01, 1.766800e-01, 6.434743e+03, 1.705945e+03, 2.501106e+04, 1.705945e+03, 4.700002e+06, 3.019406e-01, 1.257490e-05, 9.264967e-12, 6.393538e-07, 2.928063e-01, 2.498388e-08, 2.960292e-05, 3.137537e-01, 8.847013e-02, 1.445871e-07, 1.874693e-06, 9.601746e-09, 9.920965e-10, 1.631217e-13, 6.496893e-10, 1.542855e-13, 2.007126e-11, 2.477655e-09, 2.984458e-03, 1.864984e-02, 6.179787e+00, 2.963123e+01, 3.166515e+01
1.083000e+00, 3.319282e+00, 1.130973e+00, 1.017876e-01, 1.130973e+00, 2.807566e-01, 1.766800e-01, 1.941106e+04, 1.705204e+03, 2.501106e+04, 1.705204e+03, 4.700002e+06, 3.019816e-01, 1.248903e-05, 9.118676e-12, 6.335987e-07, 2.927652e-01, 2.498023e-08, 2.980519e-05, 3.137122e-01, 8.851159e-02, 1.439127e-07, 1.874929e-06, 9.633116e-09, 9.929916e-10, 1.629590e-13, 6.540948e-10, 1.550415e-13, 2.029814e-11, 2.482575e-09, 2.984459e-03, 1.864985e-02, 6.182477e+00, 2.983350e+01, 3.186702e+01
1.095000e+00, 3.362033e+00, 1.130973e+00, 1.017876e-01, 1.130973e+00, 2.806344e-01, 1.766800e-01, 2.198333e+04, 1.704462e+03, 2.501106e+04, 1.704462e+03, 4.700002e+06, 3.020226e-01, 1.240369e-05, 8.974500e-12, 6.278901e-07, 2.927241e-01, 2.497643e-08, 3.000884e-05, 3.136707e-01, 8.855310e-02, 1.432409e-07, 1.875166e-06, 9.664611e-09, 9.938769e-10, 1.627945e-13, 6.585264e-10, 1.558000e-13, 2.052760e-11, 2.487496e-09, 2.984461e-03, 1.864986e-02, 6.185169e+00, 3.003717e+01, 3.207029e+01
1.107000e+00, 3.404802e+00, 1.130973e+00, 1.017876e-01, 1.130973e+00, 2.805122e-01, 1.766800e-01, 1.647107e+04, 1.703721e+03, 2.501106e+04, 1.703721e+03, 4.700002e+06, 3.020637e-01, 1.231886e-05, 8.832429e-12, 6.222280e-07, 2.926829e-01, 2.497248e-08, 3.021389e-05, 3.136291e-01, 8.859465e-02, 1.425718e-07, 1.875402e-06, 9.696229e-09, 9.947524e-10, 1.626283e-13, 6.629842e-10, 1.565610e-13, 2.075965e-11, 2.492417e-09, 2.984462e-03, 1.864987e-02, 6.187863e+00, 3.024222e+01, 3.227495e+01
1.119000e+00, 3.447591e+00, 1.130973e+00, 1.017876e-01, 1.130973e+00, 2.803901e-01, 1.766800e-01, 1.513858e+04, 1.702980e+03, 2.501106e+04, 1.702980e+03, 4.700002e+06, 3.021048e-01, 1.223455e-05, 8.692539e-12, 6.166130e-07, 2.926417e-01, 2.496839e-08, 3.042032e-05, 3.135875e-01, 8.863625e-02, 1.419053e-07, 1.875639e-06, 9.727973e-09, 9.956186e-10, 1.624603e-13, 6.674683e-10, 1.573247e-13, 2.099424e-11, 2.497340e-09, 2.984464e-03, 1.864988e-02, 6.190559e+00, 3.044866e+01, 3.248100e+01
1.131000e+00, 3.490397e+00, 1.130973e+00, 1.017876e-01, 1.130973e+00, 2.802679e-01, 1.766800e-01, 2.140747e+04, 1.702238e+03, 2.501106e+04, 1.702238e+03, 4.700002e+06, 3.021460e-01, 1.215076e-05, 8.554829e-12, 6.110452e-07, 2.926004e-01, 2.496417e-08, 3.062814e-05, 3.135458e-01, 8.867791e-02, 1.412414e-07, 1.875876e-06, 9.759841e-09, 9.964757e-10, 1.622905e-13, 6.719788e-10, 1.580910e-13, 2.123138e-11, 2.502263e-09, 2.984465e-03, 1.864988e-02, 6.193257e+00, 3.065648e+01, 3.268844e+01
1.143000e+00, 3.533223e+00, 1.130973e+00, 1.017876e-01, 1.130973e+00, 2.801457e-01, 1.766800e-01, 1.293510e+04, 1.701497e+03, 2.501106e+04, 1.701497e+03, 4.700002e+06, 3.021872e-01, 1.206745e-05, 8.419036e-12, 6.055206e-07, 2.925591e-01, 2.495974e-08, 3.083738e-05, 3.135041e-01, 8.871962e-02, 1.405799e-07, 1.876114e-06, 9.791843e-09, 9.973185e-10, 1.621183e-13, 6.765141e-10, 1.588592e-13, 2.147121e-11, 2.507182e-09, 2.984466e-03, 1.864989e-02, 6.195958e+00, 3.086573e+01, 3.289731e+01
1.155000e+00, 3.576067e+00, 1.130973e+00, 1.017876e-01, 1.130973e+00, 2.800236e-01, 1.766800e-01, 4.936166e+03, 1.700756e+03, 2.501106e+04, 1.700756e+03, 4.700002e+06, 3.022285e-01, 1.198464e-05, 8.285284e-12, 6.000411e-07, 2.925177e-01, 2.495513e-08, 3.104803e-05, 3.134623e-01, 8.876138e-02, 1.399209e-07, 1.876352e-06, 9.823975e-09, 9.981493e-10, 1.619438e-13, 6.810750e-10, 1.596298e-13, 2.171366e-11, 2.512100e-09, 2.984468e-03, 1.864990e-02, 6.198661e+00, 3.107639e+01, 3.310759e+01
1.167000e+00, 3.618930e+00, 1.130973e+00, 1.017876e-01, 1.130973e+00, 2.799014e-01, 1.766800e-01, 2.356396e+03, 1.700015e+03, 2.501106e+04, 1.700015e+03, 4.700002e+06, 3.022698e-01, 1.190233e-05, 8.153590e-12, 5.946070e-07, 2.924763e-01, 2.495036e-08, 3.126009e-05, 3.134204e-01, 8.880320e-02, 1.392644e-07, 1.876590e-06, 9.856235e-09, 9.989687e-10, 1.617673e-13, 6.856615e-10, 1.604026e-13, 2.195873e-11, 2.517017e-09, 2.984469e-03, 1.864991e-02, 6.201367e+00, 3.128845e+01, 3.331928e+01
1.179000e+00, 3.661812e+00, 1.130973e+00, 1.017876e-01, 1.130973e+00, 2.797792e-01, 1.766800e-01, 5.196488e+03, 1.699273e+03, 2.501106e+04, 1.699273e+03, 4.700002e+06, 3.023112e-01, 1.182053e-05, 8.023924e-12, 5.892180e-07, 2.924348e-01, 2.494542e-08, 3.147356e-05, 3.133785e-01, 8.884508e-02, 1.386105e-07, 1.876828e-06, 9.888626e-09, 9.997760e-10, 1.615887e-13, 6.902735e-10, 1.611777e-13, 2.220644e-11, 2.521931e-09, 2.984471e-03, 1.864992e-02, 6.204075e+00, 3.150193e+01, 3.353238e+01
1.191000e+00, 3.704712e+00, 1.130973e+00, 1.017876e-01, 1.130973e+00, 2.796571e-01, 1.766800e-01, -1.411020e+03, 1.698532e+03, 2.501106e+04, 1.698532e+03, 4.700002e+06, 3.023526e-01, 1.173921e-05, 7.896119e-12, 5.838723e-07, 2.923933e-01, 2.494028e-08, 3.168847e-05, 3.133366e-01, 8.888701e-02, 1.379591e-07, 1.877067e-06, 9.921151e-09, 1.000569e-09, 1.614076e-13, 6.949102e-10, 1.619548e-13, 2.245694e-11, 2.526842e-09, 2.984472e-03, 1.864993e-02, 6.206785e+00, 3.171685e+01, 3.374693e+01
1.203000e+00, 3.747632e+00, 1.130973e+00, 1.017876e-01, 1.130973e+00, 2.795349e-01, 1.766800e-01, -2.598708e+03, 1.697791e+03, 2.501106e+04, 1.697791e+03, 4.700002e+06, 3.023941e-01, 1.165839e-05, 7.770282e-12, 5.785712e-07, 2.923517e-01, 2.493496e-08, 3.190481e-05, 3.132946e-01, 8.892899e-02, 1.373101e-07, 1.877306e-06, 9.953807e-09, 1.001350e-09, 1.612244e-13, 6.995723e-10, 1.627339e-13, 2.271014e-11, 2.531750e-09, 2.984473e-03, 1.864994e-02, 6.209498e+00, 3.193320e+01, 3.396290e+01
1.215000e+00, 3.790570e+00, 1.130973e+00, 1.017876e-01, 1.130973e+00, 2.794127e-01, 1.766800e-01, 4.832885e+03, 1.697050e+03, 2.501106e+04, 1.697050e+03, 4.700002e+06, 3.024356e-01, 1.157806e-05, 7.646413e-12, 5.733145e-07, 2.923101e-01, 2.492946e-08, 3.212258e-05, 3.132525e-01, 8.897103e-02, 1.366637e-07, 1.877546e-06, 9.986595e-09, 1.002118e-09, 1.610389e-13, 7.042595e-10, 1.635152e-13, 2.296602e-11, 2.536656e-09, 2.984475e-03, 1.864995e-02, 6.212213e+00, 3.215097e+01, 3.418031e+01
1.227000e+00, 3.833526e+00, 1.130973e+00, 1.017876e-01, 1.130973e+00, 2.792905e-01, 1.766800e-01, 8.699836e+03, 1.696309e+03, 2.501106e+04, 1.696309e+03, 4.700002e+06, 3.024772e-01, 1.149821e-05, 7.524366e-12, 5.680999e-07, 2.922684e-01, 2.492376e-08, 3.234181e-05, 3.132104e-01, 8.901313e-02, 1.360197e-07, 1.877786e-06, 1.001952e-08, 1.002871e-09, 1.608510e-13, 7.089720e-10, 1.642985e-13, 2.322474e-11, 2.541557e-09, 2.984476e-03, 1.864995e-02, 6.214931e+00, 3.237021e+01, 3.439919e+01
1.239000e+00, 3.876502e+00, 1.130973e+00, 1.017876e-01, 1.130973e+00, 2.791683e-01, 1.766800e-01, -6.383597e+03, 1.695567e+03, 2.501106e+04, 1.695567e+03, 4.700002e+06, 3.025188e-01, 1.141880e-05, 7.403966e-12, 5.629247e-07, 2.922266e-01, 2.491783e-08, 3.256258e-05, 3.131682e-01, 8.905530e-02, 1.353779e-07, 1.878026e-06, 1.005260e-08, 1.003608e-09, 1.606602e-13, 7.137096e-10, 1.650835e-13, 2.348645e-11, 2.546453e-09, 2.984478e-03, 1.864996e-02, 6.217652e+00, 3.259098e+01, 3.461960e+01
1.251000e+00, 3.919497e+00, 1.130973e+00, 1.017876e-01, 1.130973e+00, 2.790461e-01, 1.766800e-01, -2.144334e+04, 1.694825e+03, 2.501106e+04, 1.694825e+03, 4.700002e+06, 3.025605e-01, 1.133985e-05, 7.285367e-12, 5.577913e-07, 2.921848e-01, 2.491169e-08, 3.278482e-05, 3.131259e-01, 8.909753e-02, 1.347385e-07, 1.878267e-06, 1.008581e-08, 1.004330e-09, 1.604669e-13, 7.184725e-10, 1.658705e-13, 2.375101e-11, 2.551344e-09, 2.984479e-03, 1.864997e-02, 6.220376e+00, 3.281323e+01, 3.484150e+01
1.263000e+00, 3.962510e+00, 1.130973e+00, 1.017876e-01, 1.130973e+00, 2.789238e-01, 1.766800e-01, -3.354487e+04, 1.694084e+03, 2.501106e+04, 1.694084e+03, 4.700002e+06, 3.026023e-01, 1.126138e-05, 7.168570e-12, 5.526997e-07, 2.921429e-01, 2.490534e-08, 3.300855e-05, 3.130836e-01, 8.913982e-02, 1.341014e-07, 1.878508e-06, 1.011916e-08, 1.005038e-09, 1.602711e-13, 7.232605e-10, 1.666594e-13, 2.401841e-11, 2.556231e-09, 2.984481e-03, 1.864998e-02, 6.223102e+00, 3.303696e+01, 3.506488e+01
1.275000e+00, 4.005542e+00, 1.130973e+00, 1.017876e-01, 1.130973e+00, 2.788015e-01, 1.766800e-01, -3.975675e+04, 1.693342e+03, 2.501106e+04, 1.693342e+03, 4.700002e+06, 3.026441e-01, 1.118337e-05, 7.053573e-12, 5.476498e-07, 2.921010e-01, 2.489879e-08, 3.323375e-05, 3.130412e-01, 8.918218e-02, 1.334667e-07, 1.878749e-06, 1.015266e-08, 1.005731e-09, 1.600727e-13, 7.280738e-10, 1.674503e-13, 2.428867e-11, 2.561113e-09, 2.984482e-03, 1.864999e-02, 6.225832e+00, 3.326217e+01, 3.528973e+01
1.287000e+00, 4.048593e+00, 1.130973e+00, 1.017876e-01, 1.130973e+00, 2.786792e-01, 1.766800e-01, -3.715067e+04, 1.692600e+03, 2.501106e+04, 1.692600e+03, 4.700002e+06, 3.026860e-01, 1.110583e-05, 6.940377e-12, 5.426418e-07, 2.920590e-01, 2.489204e-08, 3.346044e-05, 3.129988e-01, 8.922460e-02, 1.328344e-07, 1.878991e-06, 1.018629e-08, 1.006409e-09, 1.598718e-13, 7.329123e-10, 1.682431e-13, 2.456178e-11, 2.565991e-09, 2.984484e-03, 1.865000e-02, 6.228564e+00, 3.348886e+01, 3.551607e+01
1.299000e+00, 4.091663e+00, 1.130973e+00, 1.017876e-01, 1.130973e+00, 2.785569e-01, 1.766800e-01, -2.280144e+04, 1.691858e+03, 2.501106e+04, 1.691858e+03, 4.700002e+06, 3.027279e-01, 1.102876e-05, 6.828982e-12, 5.376756e-07, 2.920169e-01, 2.488507e-08, 3.368860e-05, 3.129563e-01, 8.926707e-02, 1.322044e-07, 1.879233e-06, 1.022006e-08, 1.007072e-09, 1.596684e-13, 7.377759e-10, 1.690379e-13, 2.483773e-11, 2.570865e-09, 2.984485e-03, 1.865001e-02, 6.231300e+00, 3.371702e+01, 3.574390e+01
1.311000e+00, 4.134752e+00, 1.130973e+00, 1.017876e-01, 1.130973e+00, 2.784345e-01, 1.766800e-01, 6.212984e+03, 1.691115e+03, 2.501106e+04, 1.691115e+03, 4.700002e+06, 3.027699e-01, 1.095216e-05, 6.719388e-12, 5.327511e-07, 2.919748e-01, 2.487790e-08, 3.391824e-05, 3.129137e-01, 8.930962e-02, 1.315768e-07, 1.879476e-06, 1.025398e-08, 1.007721e-09, 1.594625e-13, 7.426648e-10, 1.698345e-13, 2.511654e-11, 2.575734e-09, 2.984486e-03, 1.865002e-02, 6.234038e+00, 3.394667e+01, 3.597320e+01
1.323000e+00, 4.177860e+00, 1.130973e+00, 1.017876e-01, 1.130973e+00, 2.783122e-01, 1.766800e-01, 5.469245e+03, 1.690373e+03, 2.501106e+04, 1.690373e+03, 4.700002e+06, 3.028120e-01, 1.087600e-05, 6.611229e-12, 5.278650e-07, 2.919326e-01, 2.487048e-08, 3.414939e-05, 3.128711e-01, 8.935221e-02, 1.309516e-07, 1.879719e-06, 1.028803e-08, 1.008350e-09, 1.592536e-13, 7.475761e-10, 1.706322e-13, 2.539847e-11, 2.580593e-09, 2.984488e-03, 1.865003e-02, 6.236778e+00, 3.417782e+01, 3.620401e+01
1.335000e+00, 4.220986e+00, 1.130973e+00, 1.017876e-01, 1.130973e+00, 2.781898e-01, 1.766800e-01, 9.329750e+03, 1.689631e+03, 2.501106e+04, 1.689631e+03, 4.700002e+06, 3.028541e-01, 1.080032e-05, 6.504748e-12, 5.230196e-07, 2.918904e-01, 2.486284e-08, 3.438202e-05, 3.128284e-01, 8.939487e-02, 1.303289e-07, 1.879962e-06, 1.032223e-08, 1.008964e-09, 1.590420e-13, 7.525117e-10, 1.714315e-13, 2.568335e-11, 2.585445e-09, 2.984489e-03, 1.865004e-02, 6.239521e+00, 3.441046e+01, 3.643631e+01
